{
  "type": "FeatureCollection",
  "name": "aoi_leoncio_prado",
  "crs": {
    "type": "name",
    "properties": {
      "name": "urn:ogc:def:crs:OGC:1.3:CRS84"
    }
  },
  "features": [
    {
      "type": "Feature",
      "properties": {
        "NOMBDEP": "HUANUCO",
        "NOMBPROV": "LEONCIO PRADO",
        "CAPITAL": "TINGO MARIA",
        "UBIGEO": "1006",
        "SUPERFICIE_KM2": 4771.74,
        "DISTRITOS_LIST": [
          "Rupa-Rupa",
          "Jos\u00e9 Crespo y Castillo",
          "Castillo Grande",
          "Luyando",
          "Daniel Alom\u00eda Robles",
          "Mariano D\u00e1maso Bera\u00fan",
          "Hermilio Valdiz\u00e1n",
          "Pucayacu",
          "Pueblo Nuevo",
          "Santo Domingo de Anda"
        ]
      },
      "geometry": {
        "type": "Polygon",
        "coordinates": [
          [
            [
              -76.4802226,
              -9.1720762
            ],
            [
              -76.4798204,
              -9.1721485
            ],
            [
              -76.479207,
              -9.1721641
            ],
            [
              -76.4786542,
              -9.1721211
            ],
            [
              -76.4780392,
              -9.1719746
            ],
            [
              -76.4757656,
              -9.1712187
            ],
            [
              -76.4738906,
              -9.1708632
            ],
            [
              -76.4731505,
              -9.1708164
            ],
            [
              -76.4713399,
              -9.1708849
            ],
            [
              -76.4709492,
              -9.1708419
            ],
            [
              -76.4694611,
              -9.1705079
            ],
            [
              -76.4680136,
              -9.1704472
            ],
            [
              -76.4669707,
              -9.1705117
            ],
            [
              -76.4660489,
              -9.1703164
            ],
            [
              -76.4650879,
              -9.1698437
            ],
            [
              -76.4645625,
              -9.1697344
            ],
            [
              -76.46409,
              -9.1695762
            ],
            [
              -76.4638497,
              -9.1695606
            ],
            [
              -76.4631152,
              -9.1696739
            ],
            [
              -76.462582,
              -9.1698457
            ],
            [
              -76.4618632,
              -9.1702364
            ],
            [
              -76.4610702,
              -9.1707772
            ],
            [
              -76.4599902,
              -9.1712481
            ],
            [
              -76.4582832,
              -9.1716836
            ],
            [
              -76.4578204,
              -9.1719239
            ],
            [
              -76.457293,
              -9.1725079
            ],
            [
              -76.4570156,
              -9.1729864
            ],
            [
              -76.456252,
              -9.1740742
            ],
            [
              -76.4557382,
              -9.1748047
            ],
            [
              -76.4550469,
              -9.1756231
            ],
            [
              -76.4547461,
              -9.1760919
            ],
            [
              -76.4527402,
              -9.1776055
            ],
            [
              -76.4525097,
              -9.1777169
            ],
            [
              -76.4521445,
              -9.1777637
            ],
            [
              -76.4516542,
              -9.177666
            ],
            [
              -76.4507851,
              -9.1776367
            ],
            [
              -76.4504277,
              -9.1776991
            ],
            [
              -76.4500899,
              -9.1777597
            ],
            [
              -76.4491367,
              -9.1784375
            ],
            [
              -76.4484941,
              -9.1789649
            ],
            [
              -76.4483066,
              -9.1791172
            ],
            [
              -76.4477246,
              -9.1795937
            ],
            [
              -76.447086,
              -9.1802012
            ],
            [
              -76.4464375,
              -9.1804844
            ],
            [
              -76.4458417,
              -9.1806524
            ],
            [
              -76.4452851,
              -9.1808125
            ],
            [
              -76.444748,
              -9.1810976
            ],
            [
              -76.4438261,
              -9.181416
            ],
            [
              -76.4430156,
              -9.1814805
            ],
            [
              -76.441836,
              -9.1814101
            ],
            [
              -76.4408066,
              -9.1815235
            ],
            [
              -76.4398476,
              -9.1815039
            ],
            [
              -76.4390332,
              -9.1813262
            ],
            [
              -76.4381504,
              -9.1809531
            ],
            [
              -76.4372167,
              -9.1807559
            ],
            [
              -76.4364805,
              -9.1807637
            ],
            [
              -76.4354941,
              -9.180918
            ],
            [
              -76.4342735,
              -9.1808614
            ],
            [
              -76.4332871,
              -9.1806035
            ],
            [
              -76.4311289,
              -9.1797149
            ],
            [
              -76.4290546,
              -9.1791445
            ],
            [
              -76.4282402,
              -9.1790469
            ],
            [
              -76.4274375,
              -9.1790391
            ],
            [
              -76.4268809,
              -9.179082
            ],
            [
              -76.4258125,
              -9.1792832
            ],
            [
              -76.4248281,
              -9.1794024
            ],
            [
              -76.4241329,
              -9.1795195
            ],
            [
              -76.4220996,
              -9.1798204
            ],
            [
              -76.4212559,
              -9.1798106
            ],
            [
              -76.4210156,
              -9.1798086
            ],
            [
              -76.419291,
              -9.1796641
            ],
            [
              -76.4190117,
              -9.1795959
            ],
            [
              -76.4180332,
              -9.1791524
            ],
            [
              -76.4166836,
              -9.1786739
            ],
            [
              -76.4158807,
              -9.1783419
            ],
            [
              -76.4146172,
              -9.1779257
            ],
            [
              -76.413666,
              -9.1775235
            ],
            [
              -76.4133906,
              -9.1774551
            ],
            [
              -76.4131055,
              -9.1773867
            ],
            [
              -76.4124941,
              -9.177418
            ],
            [
              -76.4121641,
              -9.1775137
            ],
            [
              -76.4115097,
              -9.177961
            ],
            [
              -76.4105136,
              -9.1789101
            ],
            [
              -76.4099199,
              -9.1797364
            ],
            [
              -76.4093906,
              -9.1806797
            ],
            [
              -76.4092149,
              -9.1811132
            ],
            [
              -76.4093535,
              -9.1824239
            ],
            [
              -76.4093652,
              -9.1832246
            ],
            [
              -76.4093027,
              -9.1839044
            ],
            [
              -76.4091426,
              -9.1846797
            ],
            [
              -76.4091464,
              -9.1849277
            ],
            [
              -76.4091114,
              -9.1850507
            ],
            [
              -76.4090371,
              -9.1853125
            ],
            [
              -76.4087266,
              -9.1858164
            ],
            [
              -76.4078204,
              -9.1867169
            ],
            [
              -76.4075781,
              -9.1869922
            ],
            [
              -76.4069141,
              -9.1877559
            ],
            [
              -76.4064257,
              -9.1881367
            ],
            [
              -76.4058926,
              -9.1883789
            ],
            [
              -76.4056174,
              -9.18842
            ],
            [
              -76.404752,
              -9.1883419
            ],
            [
              -76.4041816,
              -9.1881797
            ],
            [
              -76.403461,
              -9.1880489
            ],
            [
              -76.4029395,
              -9.1880274
            ],
            [
              -76.402207,
              -9.1882207
            ],
            [
              -76.4015215,
              -9.1885039
            ],
            [
              -76.4010917,
              -9.1885312
            ],
            [
              -76.4008301,
              -9.188457
            ],
            [
              -76.4006582,
              -9.1883419
            ],
            [
              -76.4004511,
              -9.1880645
            ],
            [
              -76.4003184,
              -9.1877969
            ],
            [
              -76.3996114,
              -9.1870137
            ],
            [
              -76.3991386,
              -9.1867305
            ],
            [
              -76.398666,
              -9.1866075
            ],
            [
              -76.3967636,
              -9.1865079
            ],
            [
              -76.3960879,
              -9.1863846
            ],
            [
              -76.395166,
              -9.1860722
            ],
            [
              -76.3931406,
              -9.1859492
            ],
            [
              -76.3919414,
              -9.1861132
            ],
            [
              -76.391623,
              -9.1860957
            ],
            [
              -76.3898241,
              -9.1866114
            ],
            [
              -76.3888457,
              -9.1867969
            ],
            [
              -76.3884454,
              -9.1868184
            ],
            [
              -76.3880039,
              -9.1867344
            ],
            [
              -76.3870079,
              -9.1863985
            ],
            [
              -76.3862774,
              -9.1859492
            ],
            [
              -76.3857382,
              -9.1854687
            ],
            [
              -76.3852441,
              -9.1851641
            ],
            [
              -76.3847774,
              -9.1849375
            ],
            [
              -76.3841211,
              -9.184957
            ],
            [
              -76.383084,
              -9.1852187
            ],
            [
              -76.3826406,
              -9.185252
            ],
            [
              -76.3821777,
              -9.1852812
            ],
            [
              -76.3814511,
              -9.1855235
            ],
            [
              -76.3810215,
              -9.1857226
            ],
            [
              -76.379627,
              -9.1867325
            ],
            [
              -76.3790879,
              -9.1870801
            ],
            [
              -76.3784824,
              -9.1874707
            ],
            [
              -76.3780195,
              -9.1877012
            ],
            [
              -76.377875,
              -9.187752
            ],
            [
              -76.377582,
              -9.1878555
            ],
            [
              -76.377123,
              -9.18792
            ],
            [
              -76.3767774,
              -9.1879004
            ],
            [
              -76.3758417,
              -9.1875274
            ],
            [
              -76.3754864,
              -9.1874454
            ],
            [
              -76.3747754,
              -9.1874375
            ],
            [
              -76.374293,
              -9.1875645
            ],
            [
              -76.3735937,
              -9.1878379
            ],
            [
              -76.3734882,
              -9.1879277
            ],
            [
              -76.3729961,
              -9.1883399
            ],
            [
              -76.3727891,
              -9.1885704
            ],
            [
              -76.372416,
              -9.1891309
            ],
            [
              -76.3720371,
              -9.1899766
            ],
            [
              -76.3716875,
              -9.190461
            ],
            [
              -76.3716132,
              -9.1905489
            ],
            [
              -76.3715489,
              -9.1906524
            ],
            [
              -76.3710801,
              -9.191082
            ],
            [
              -76.3703926,
              -9.1915645
            ],
            [
              -76.3697774,
              -9.191918
            ],
            [
              -76.3692832,
              -9.1921055
            ],
            [
              -76.3686074,
              -9.1922794
            ],
            [
              -76.3671757,
              -9.1925235
            ],
            [
              -76.3663125,
              -9.1931914
            ],
            [
              -76.3658105,
              -9.1935196
            ],
            [
              -76.3645136,
              -9.1945742
            ],
            [
              -76.3639355,
              -9.194752
            ],
            [
              -76.3630899,
              -9.1947871
            ],
            [
              -76.3628301,
              -9.194916
            ],
            [
              -76.3626367,
              -9.1950722
            ],
            [
              -76.3624277,
              -9.1953476
            ],
            [
              -76.3622129,
              -9.1958965
            ],
            [
              -76.3620957,
              -9.1964649
            ],
            [
              -76.361924,
              -9.1968339
            ],
            [
              -76.3616934,
              -9.1970312
            ],
            [
              -76.3611895,
              -9.1972382
            ],
            [
              -76.360709,
              -9.1973496
            ],
            [
              -76.3598496,
              -9.1973674
            ],
            [
              -76.3592344,
              -9.1973242
            ],
            [
              -76.358375,
              -9.1971544
            ],
            [
              -76.3561191,
              -9.1962637
            ],
            [
              -76.3545274,
              -9.1954492
            ],
            [
              -76.3531367,
              -9.1944472
            ],
            [
              -76.3521465,
              -9.1940137
            ],
            [
              -76.3507871,
              -9.1937754
            ],
            [
              -76.3493125,
              -9.1936094
            ],
            [
              -76.3486524,
              -9.1934336
            ],
            [
              -76.3485586,
              -9.1933419
            ],
            [
              -76.3484355,
              -9.1932969
            ],
            [
              -76.3482636,
              -9.1931075
            ],
            [
              -76.3473711,
              -9.1923691
            ],
            [
              -76.346873,
              -9.1921055
            ],
            [
              -76.3463574,
              -9.1919864
            ],
            [
              -76.3460469,
              -9.1918164
            ],
            [
              -76.345666,
              -9.1912559
            ],
            [
              -76.3456152,
              -9.1909316
            ],
            [
              -76.3453282,
              -9.1902969
            ],
            [
              -76.3448985,
              -9.1898496
            ],
            [
              -76.3440117,
              -9.1891289
            ],
            [
              -76.3433574,
              -9.1887832
            ],
            [
              -76.342041,
              -9.1885625
            ],
            [
              -76.3418886,
              -9.1885391
            ],
            [
              -76.3412969,
              -9.1882246
            ],
            [
              -76.3407559,
              -9.1878027
            ],
            [
              -76.3404629,
              -9.1875781
            ],
            [
              -76.3401641,
              -9.1871777
            ],
            [
              -76.3399277,
              -9.1870274
            ],
            [
              -76.3389551,
              -9.186002
            ],
            [
              -76.3385079,
              -9.1857617
            ],
            [
              -76.3379551,
              -9.185459
            ],
            [
              -76.3373204,
              -9.1853437
            ],
            [
              -76.3364766,
              -9.1853162
            ],
            [
              -76.3331016,
              -9.1858125
            ],
            [
              -76.3319511,
              -9.1858594
            ],
            [
              -76.3311895,
              -9.1857774
            ],
            [
              -76.3310841,
              -9.185709
            ],
            [
              -76.3297225,
              -9.1853945
            ],
            [
              -76.328541,
              -9.1852266
            ],
            [
              -76.3271367,
              -9.184877
            ],
            [
              -76.3264785,
              -9.1845996
            ],
            [
              -76.3251992,
              -9.1838712
            ],
            [
              -76.3239902,
              -9.1832325
            ],
            [
              -76.3231016,
              -9.1828632
            ],
            [
              -76.3208301,
              -9.1818594
            ],
            [
              -76.3188691,
              -9.1806115
            ],
            [
              -76.3169316,
              -9.1794472
            ],
            [
              -76.3154844,
              -9.178457
            ],
            [
              -76.3147149,
              -9.1780801
            ],
            [
              -76.3137832,
              -9.1778007
            ],
            [
              -76.3124257,
              -9.1773945
            ],
            [
              -76.31125,
              -9.177086
            ],
            [
              -76.3104864,
              -9.1769454
            ],
            [
              -76.308418,
              -9.1771426
            ],
            [
              -76.308129,
              -9.1771445
            ],
            [
              -76.3071504,
              -9.177217
            ],
            [
              -76.3061524,
              -9.1773691
            ],
            [
              -76.3042851,
              -9.177994
            ],
            [
              -76.3018437,
              -9.1784726
            ],
            [
              -76.3006132,
              -9.179084
            ],
            [
              -76.299834,
              -9.179584
            ],
            [
              -76.2993145,
              -9.1800704
            ],
            [
              -76.2992285,
              -9.1811797
            ],
            [
              -76.2989961,
              -9.1819239
            ],
            [
              -76.2986386,
              -9.1826582
            ],
            [
              -76.2981757,
              -9.183252
            ],
            [
              -76.2979199,
              -9.1835
            ],
            [
              -76.297375,
              -9.1838106
            ],
            [
              -76.2970507,
              -9.1839277
            ],
            [
              -76.2964199,
              -9.1840547
            ],
            [
              -76.2957324,
              -9.184045
            ],
            [
              -76.294752,
              -9.1839395
            ],
            [
              -76.2935781,
              -9.1839454
            ],
            [
              -76.2931465,
              -9.1839922
            ],
            [
              -76.292834,
              -9.1840996
            ],
            [
              -76.2921289,
              -9.1845079
            ],
            [
              -76.2911719,
              -9.1853516
            ],
            [
              -76.2905,
              -9.1860625
            ],
            [
              -76.2898594,
              -9.1865586
            ],
            [
              -76.289125,
              -9.1872344
            ],
            [
              -76.2888281,
              -9.1876211
            ],
            [
              -76.2879316,
              -9.1891562
            ],
            [
              -76.2875312,
              -9.189711
            ],
            [
              -76.286498,
              -9.1904277
            ],
            [
              -76.2853184,
              -9.19167
            ],
            [
              -76.2848301,
              -9.1921856
            ],
            [
              -76.2838106,
              -9.1927989
            ],
            [
              -76.2829024,
              -9.193127
            ],
            [
              -76.2820097,
              -9.1933809
            ],
            [
              -76.2814395,
              -9.1936641
            ],
            [
              -76.2800292,
              -9.1941387
            ],
            [
              -76.2792324,
              -9.1945137
            ],
            [
              -76.2784961,
              -9.1947812
            ],
            [
              -76.2781426,
              -9.1949882
            ],
            [
              -76.2776912,
              -9.1954239
            ],
            [
              -76.2775645,
              -9.1956035
            ],
            [
              -76.2771895,
              -9.1964766
            ],
            [
              -76.276668,
              -9.1975351
            ],
            [
              -76.2761972,
              -9.1983125
            ],
            [
              -76.2755879,
              -9.1991934
            ],
            [
              -76.275209,
              -9.199957
            ],
            [
              -76.2747441,
              -9.2005762
            ],
            [
              -76.2743867,
              -9.2013399
            ],
            [
              -76.2738574,
              -9.203586
            ],
            [
              -76.2737579,
              -9.2043145
            ],
            [
              -76.2738007,
              -9.206168
            ],
            [
              -76.2740976,
              -9.2071172
            ],
            [
              -76.2741719,
              -9.2079687
            ],
            [
              -76.2741816,
              -9.2083262
            ],
            [
              -76.2734257,
              -9.2103867
            ],
            [
              -76.2732636,
              -9.210957
            ],
            [
              -76.2731601,
              -9.2121777
            ],
            [
              -76.2729882,
              -9.2129472
            ],
            [
              -76.2728789,
              -9.2131426
            ],
            [
              -76.2721055,
              -9.2139512
            ],
            [
              -76.2719785,
              -9.2136739
            ],
            [
              -76.271748,
              -9.2133301
            ],
            [
              -76.2715801,
              -9.2129629
            ],
            [
              -76.2713847,
              -9.2126211
            ],
            [
              -76.2710605,
              -9.2121582
            ],
            [
              -76.2707597,
              -9.211879
            ],
            [
              -76.2705469,
              -9.2116504
            ],
            [
              -76.2704316,
              -9.2113731
            ],
            [
              -76.2701799,
              -9.2107441
            ],
            [
              -76.2699219,
              -9.2103125
            ],
            [
              -76.2694649,
              -9.2096601
            ],
            [
              -76.2691699,
              -9.2092402
            ],
            [
              -76.2689297,
              -9.2088262
            ],
            [
              -76.2687422,
              -9.2084317
            ],
            [
              -76.2677851,
              -9.2069766
            ],
            [
              -76.2667559,
              -9.2053809
            ],
            [
              -76.2657636,
              -9.2041757
            ],
            [
              -76.264877,
              -9.2028986
            ],
            [
              -76.2640976,
              -9.2017637
            ],
            [
              -76.2635996,
              -9.2003789
            ],
            [
              -76.263209,
              -9.198961
            ],
            [
              -76.263002,
              -9.198086
            ],
            [
              -76.2625781,
              -9.1975176
            ],
            [
              -76.2621074,
              -9.1971719
            ],
            [
              -76.2614121,
              -9.1966329
            ],
            [
              -76.2608847,
              -9.1961035
            ],
            [
              -76.2603535,
              -9.195545
            ],
            [
              -76.2595645,
              -9.1945176
            ],
            [
              -76.2590332,
              -9.1936485
            ],
            [
              -76.258834,
              -9.1928399
            ],
            [
              -76.2585449,
              -9.1916465
            ],
            [
              -76.2582461,
              -9.1908575
            ],
            [
              -76.2580156,
              -9.1903086
            ],
            [
              -76.2576016,
              -9.1899101
            ],
            [
              -76.257246,
              -9.1894219
            ],
            [
              -76.2570917,
              -9.1889356
            ],
            [
              -76.256959,
              -9.1881601
            ],
            [
              -76.2567597,
              -9.1871855
            ],
            [
              -76.2566035,
              -9.1858555
            ],
            [
              -76.2564941,
              -9.1843945
            ],
            [
              -76.2562051,
              -9.1831309
            ],
            [
              -76.254498,
              -9.1781269
            ],
            [
              -76.2537364,
              -9.1734707
            ],
            [
              -76.2531426,
              -9.1694902
            ],
            [
              -76.2527187,
              -9.1656797
            ],
            [
              -76.2517891,
              -9.1622169
            ],
            [
              -76.2513416,
              -9.1611564
            ],
            [
              -76.2509824,
              -9.1603222
            ],
            [
              -76.2505662,
              -9.1598242
            ],
            [
              -76.2500937,
              -9.1592969
            ],
            [
              -76.2499004,
              -9.1584922
            ],
            [
              -76.2497324,
              -9.1580762
            ],
            [
              -76.2491777,
              -9.1567149
            ],
            [
              -76.248123,
              -9.1546075
            ],
            [
              -76.2471855,
              -9.1520899
            ],
            [
              -76.2468945,
              -9.1514044
            ],
            [
              -76.2455605,
              -9.1492246
            ],
            [
              -76.2450937,
              -9.1482499
            ],
            [
              -76.2448047,
              -9.1479629
            ],
            [
              -76.2441641,
              -9.1469882
            ],
            [
              -76.2428281,
              -9.1456719
            ],
            [
              -76.2423632,
              -9.1453867
            ],
            [
              -76.2415547,
              -9.1446426
            ],
            [
              -76.2412636,
              -9.1445294
            ],
            [
              -76.2407989,
              -9.1440137
            ],
            [
              -76.2396406,
              -9.1431562
            ],
            [
              -76.2388926,
              -9.1427559
            ],
            [
              -76.238541,
              -9.1424141
            ],
            [
              -76.2372051,
              -9.1415
            ],
            [
              -76.2363985,
              -9.1410996
            ],
            [
              -76.2354746,
              -9.1404141
            ],
            [
              -76.235123,
              -9.1402422
            ],
            [
              -76.2348632,
              -9.1402735
            ],
            [
              -76.2335976,
              -9.1414825
            ],
            [
              -76.2328789,
              -9.1424336
            ],
            [
              -76.2323066,
              -9.1439864
            ],
            [
              -76.231791,
              -9.1449627
            ],
            [
              -76.2308125,
              -9.1462871
            ],
            [
              -76.2298886,
              -9.1477851
            ],
            [
              -76.2295156,
              -9.1481582
            ],
            [
              -76.2295449,
              -9.1483007
            ],
            [
              -76.2289725,
              -9.1497969
            ],
            [
              -76.2289197,
              -9.1511739
            ],
            [
              -76.2289197,
              -9.1516934
            ],
            [
              -76.2290957,
              -9.1521524
            ],
            [
              -76.2290957,
              -9.1528984
            ],
            [
              -76.2292715,
              -9.1534141
            ],
            [
              -76.2292792,
              -9.1538164
            ],
            [
              -76.2296211,
              -9.1543906
            ],
            [
              -76.2298594,
              -9.1553652
            ],
            [
              -76.2301485,
              -9.1558809
            ],
            [
              -76.2302695,
              -9.1568009
            ],
            [
              -76.2310254,
              -9.1584062
            ],
            [
              -76.2312011,
              -9.159209
            ],
            [
              -76.2308184,
              -9.160295
            ],
            [
              -76.2307149,
              -9.1609531
            ],
            [
              -76.2306739,
              -9.1614669
            ],
            [
              -76.2307364,
              -9.1617969
            ],
            [
              -76.2309375,
              -9.1622695
            ],
            [
              -76.2312871,
              -9.1627637
            ],
            [
              -76.2313594,
              -9.1632871
            ],
            [
              -76.231297,
              -9.1638026
            ],
            [
              -76.2309219,
              -9.1649472
            ],
            [
              -76.2309141,
              -9.1654629
            ],
            [
              -76.2310097,
              -9.16592
            ],
            [
              -76.231291,
              -9.1666055
            ],
            [
              -76.2318789,
              -9.1676329
            ],
            [
              -76.2321386,
              -9.1679277
            ],
            [
              -76.2326114,
              -9.1681211
            ],
            [
              -76.2327947,
              -9.1683145
            ],
            [
              -76.2329511,
              -9.1690586
            ],
            [
              -76.2331132,
              -9.1695097
            ],
            [
              -76.2336934,
              -9.1703535
            ],
            [
              -76.2337636,
              -9.1705547
            ],
            [
              -76.2338204,
              -9.170586
            ],
            [
              -76.2339101,
              -9.1709785
            ],
            [
              -76.233834,
              -9.1713594
            ],
            [
              -76.2338711,
              -9.1717794
            ],
            [
              -76.2339707,
              -9.1721132
            ],
            [
              -76.2341914,
              -9.1725957
            ],
            [
              -76.2342579,
              -9.173166
            ],
            [
              -76.2341055,
              -9.1734454
            ],
            [
              -76.233959,
              -9.1735586
            ],
            [
              -76.2337597,
              -9.1735547
            ],
            [
              -76.2331445,
              -9.1733789
            ],
            [
              -76.2324746,
              -9.1734239
            ],
            [
              -76.2322246,
              -9.1734941
            ],
            [
              -76.2318164,
              -9.1738125
            ],
            [
              -76.2314707,
              -9.1742676
            ],
            [
              -76.2311406,
              -9.1748397
            ],
            [
              -76.2309434,
              -9.1753555
            ],
            [
              -76.2308281,
              -9.1759277
            ],
            [
              -76.2305664,
              -9.1767305
            ],
            [
              -76.2303457,
              -9.1771875
            ],
            [
              -76.2298965,
              -9.1777735
            ],
            [
              -76.2296074,
              -9.1782774
            ],
            [
              -76.2294726,
              -9.1786211
            ],
            [
              -76.2293417,
              -9.1791856
            ],
            [
              -76.2291152,
              -9.1797597
            ],
            [
              -76.228668,
              -9.1802109
            ],
            [
              -76.2276836,
              -9.1810625
            ],
            [
              -76.2268047,
              -9.1821544
            ],
            [
              -76.2260215,
              -9.182711
            ],
            [
              -76.2259707,
              -9.1827989
            ],
            [
              -76.2258476,
              -9.1828496
            ],
            [
              -76.2256465,
              -9.1831875
            ],
            [
              -76.2255782,
              -9.1834709
            ],
            [
              -76.2254824,
              -9.1844101
            ],
            [
              -76.2249941,
              -9.1869277
            ],
            [
              -76.2246562,
              -9.1877305
            ],
            [
              -76.2243086,
              -9.188336
            ],
            [
              -76.2236055,
              -9.1891504
            ],
            [
              -76.2233672,
              -9.1898632
            ],
            [
              -76.2233047,
              -9.1908007
            ],
            [
              -76.2236914,
              -9.1927656
            ],
            [
              -76.2237207,
              -9.1933614
            ],
            [
              -76.2234277,
              -9.1946544
            ],
            [
              -76.2231114,
              -9.1953985
            ],
            [
              -76.2227305,
              -9.1960332
            ],
            [
              -76.222416,
              -9.1962481
            ],
            [
              -76.221916,
              -9.196961
            ],
            [
              -76.2217129,
              -9.1973809
            ],
            [
              -76.2215079,
              -9.1976152
            ],
            [
              -76.2200059,
              -9.1987834
            ],
            [
              -76.2188164,
              -9.199918
            ],
            [
              -76.2187735,
              -9.2000722
            ],
            [
              -76.2180059,
              -9.2013301
            ],
            [
              -76.2176094,
              -9.2018887
            ],
            [
              -76.2173164,
              -9.2023047
            ],
            [
              -76.217086,
              -9.2025489
            ],
            [
              -76.2166055,
              -9.2028867
            ],
            [
              -76.2157812,
              -9.2029785
            ],
            [
              -76.2153789,
              -9.2031055
            ],
            [
              -76.2152091,
              -9.2031797
            ],
            [
              -76.2149434,
              -9.2035411
            ],
            [
              -76.213998,
              -9.2044004
            ],
            [
              -76.2137832,
              -9.2044922
            ],
            [
              -76.2134824,
              -9.2044726
            ],
            [
              -76.2132539,
              -9.2042091
            ],
            [
              -76.2131152,
              -9.2039785
            ],
            [
              -76.2128809,
              -9.2036875
            ],
            [
              -76.2117969,
              -9.202832
            ],
            [
              -76.211332,
              -9.2022617
            ],
            [
              -76.2111699,
              -9.2020645
            ],
            [
              -76.2108027,
              -9.2017754
            ],
            [
              -76.2105176,
              -9.2017149
            ],
            [
              -76.2102579,
              -9.2018047
            ],
            [
              -76.2090645,
              -9.2029551
            ],
            [
              -76.208457,
              -9.202961
            ],
            [
              -76.2073691,
              -9.2028027
            ],
            [
              -76.2066954,
              -9.2026035
            ],
            [
              -76.2063301,
              -9.2024239
            ],
            [
              -76.2047636,
              -9.2005351
            ],
            [
              -76.2044785,
              -9.2000137
            ],
            [
              -76.2040332,
              -9.1993965
            ],
            [
              -76.2035801,
              -9.1989629
            ],
            [
              -76.2032637,
              -9.1987834
            ],
            [
              -76.2029902,
              -9.1987695
            ],
            [
              -76.2023555,
              -9.1989492
            ],
            [
              -76.2006074,
              -9.1996426
            ],
            [
              -76.2003417,
              -9.1996875
            ],
            [
              -76.1998632,
              -9.1996875
            ],
            [
              -76.1994062,
              -9.1995625
            ],
            [
              -76.1977149,
              -9.1986797
            ],
            [
              -76.1968691,
              -9.1984531
            ],
            [
              -76.1963496,
              -9.1984687
            ],
            [
              -76.1958847,
              -9.198545
            ],
            [
              -76.1956211,
              -9.1986621
            ],
            [
              -76.1955176,
              -9.1988437
            ],
            [
              -76.1953379,
              -9.1988985
            ],
            [
              -76.1950917,
              -9.1989746
            ],
            [
              -76.1947989,
              -9.1992111
            ],
            [
              -76.1945625,
              -9.1994902
            ],
            [
              -76.1943105,
              -9.1996172
            ],
            [
              -76.1939082,
              -9.1996972
            ],
            [
              -76.1928789,
              -9.1997051
            ],
            [
              -76.1922774,
              -9.1997559
            ],
            [
              -76.1920761,
              -9.1998399
            ],
            [
              -76.1912989,
              -9.2001524
            ],
            [
              -76.1907266,
              -9.2006621
            ],
            [
              -76.1904395,
              -9.20125
            ],
            [
              -76.190248,
              -9.202205
            ],
            [
              -76.1902011,
              -9.2029375
            ],
            [
              -76.1902792,
              -9.2037344
            ],
            [
              -76.1903437,
              -9.2048164
            ],
            [
              -76.1901836,
              -9.2053419
            ],
            [
              -76.1899726,
              -9.205752
            ],
            [
              -76.1887832,
              -9.2064726
            ],
            [
              -76.1876524,
              -9.2071895
            ],
            [
              -76.1870312,
              -9.2073965
            ],
            [
              -76.1862989,
              -9.2074121
            ],
            [
              -76.1855507,
              -9.2070781
            ],
            [
              -76.1851055,
              -9.2066797
            ],
            [
              -76.1845957,
              -9.2063301
            ],
            [
              -76.1840059,
              -9.2061231
            ],
            [
              -76.1835136,
              -9.2059004
            ],
            [
              -76.1832754,
              -9.2056289
            ],
            [
              -76.1829844,
              -9.2054882
            ],
            [
              -76.1819376,
              -9.2057226
            ],
            [
              -76.1810156,
              -9.205666
            ],
            [
              -76.180207,
              -9.2052676
            ],
            [
              -76.179336,
              -9.2046387
            ],
            [
              -76.1789981,
              -9.2045097
            ],
            [
              -76.1787031,
              -9.2044785
            ],
            [
              -76.1783047,
              -9.2044785
            ],
            [
              -76.1776641,
              -9.2044882
            ],
            [
              -76.1771739,
              -9.2045391
            ],
            [
              -76.1764199,
              -9.2046426
            ],
            [
              -76.175543,
              -9.2049062
            ],
            [
              -76.174133,
              -9.2055177
            ],
            [
              -76.173291,
              -9.2059257
            ],
            [
              -76.1726797,
              -9.2060879
            ],
            [
              -76.1715605,
              -9.205916
            ],
            [
              -76.1710801,
              -9.2054882
            ],
            [
              -76.1708459,
              -9.2048867
            ],
            [
              -76.1709375,
              -9.2038672
            ],
            [
              -76.1710704,
              -9.2032559
            ],
            [
              -76.1710704,
              -9.2021757
            ],
            [
              -76.1711114,
              -9.201707
            ],
            [
              -76.1710079,
              -9.2014257
            ],
            [
              -76.1708164,
              -9.2011367
            ],
            [
              -76.1705605,
              -9.2008926
            ],
            [
              -76.1702656,
              -9.2006777
            ],
            [
              -76.1699687,
              -9.2005527
            ],
            [
              -76.1691719,
              -9.2004941
            ],
            [
              -76.1684042,
              -9.2006426
            ],
            [
              -76.1652422,
              -9.2016465
            ],
            [
              -76.1622579,
              -9.2020606
            ],
            [
              -76.1598652,
              -9.2020899
            ],
            [
              -76.1578222,
              -9.2019512
            ],
            [
              -76.1571875,
              -9.2017812
            ],
            [
              -76.1560371,
              -9.2017851
            ],
            [
              -76.154877,
              -9.2020762
            ],
            [
              -76.1546485,
              -9.2021914
            ],
            [
              -76.1541289,
              -9.2021934
            ],
            [
              -76.1529159,
              -9.202541
            ],
            [
              -76.1523886,
              -9.202543
            ],
            [
              -76.1511757,
              -9.2028906
            ],
            [
              -76.1508945,
              -9.202836
            ],
            [
              -76.1502559,
              -9.2030097
            ],
            [
              -76.148002,
              -9.2028437
            ],
            [
              -76.1471934,
              -9.2026172
            ],
            [
              -76.1470645,
              -9.202502
            ],
            [
              -76.146377,
              -9.202332
            ],
            [
              -76.1452246,
              -9.2022812
            ],
            [
              -76.144416,
              -9.2023379
            ],
            [
              -76.1440742,
              -9.2025117
            ],
            [
              -76.1422812,
              -9.2032637
            ],
            [
              -76.1415645,
              -9.2036934
            ],
            [
              -76.1401094,
              -9.2048829
            ],
            [
              -76.1385351,
              -9.2058614
            ],
            [
              -76.1374434,
              -9.2060566
            ],
            [
              -76.1368184,
              -9.2061132
            ],
            [
              -76.1364785,
              -9.2059239
            ],
            [
              -76.1357402,
              -9.2051114
            ],
            [
              -76.1352676,
              -9.2042969
            ],
            [
              -76.1349277,
              -9.2028614
            ],
            [
              -76.1345312,
              -9.2019531
            ],
            [
              -76.1340391,
              -9.2013867
            ],
            [
              -76.1334726,
              -9.2011406
            ],
            [
              -76.132961,
              -9.2010645
            ],
            [
              -76.1322812,
              -9.2010645
            ],
            [
              -76.1305801,
              -9.2014044
            ],
            [
              -76.1295215,
              -9.2014239
            ],
            [
              -76.1279707,
              -9.2011582
            ],
            [
              -76.1268164,
              -9.2005919
            ],
            [
              -76.1264882,
              -9.2003847
            ],
            [
              -76.1258516,
              -9.2004981
            ],
            [
              -76.125418,
              -9.2007422
            ],
            [
              -76.1248886,
              -9.201291
            ],
            [
              -76.1244531,
              -9.2017441
            ],
            [
              -76.1225625,
              -9.2036367
            ],
            [
              -76.1209746,
              -9.2050919
            ],
            [
              -76.119877,
              -9.2054316
            ],
            [
              -76.1187246,
              -9.2056211
            ],
            [
              -76.1174961,
              -9.2061504
            ],
            [
              -76.115586,
              -9.207543
            ],
            [
              -76.1143829,
              -9.2078439
            ],
            [
              -76.1136016,
              -9.2077187
            ],
            [
              -76.1124922,
              -9.2073399
            ],
            [
              -76.111334,
              -9.2070371
            ],
            [
              -76.1104765,
              -9.2070625
            ],
            [
              -76.1095449,
              -9.2074922
            ],
            [
              -76.1089902,
              -9.2084239
            ],
            [
              -76.1079824,
              -9.2100352
            ],
            [
              -76.1066972,
              -9.2116485
            ],
            [
              -76.1054902,
              -9.2123965
            ],
            [
              -76.1046875,
              -9.2126367
            ],
            [
              -76.1040274,
              -9.2127325
            ],
            [
              -76.1032129,
              -9.2128847
            ],
            [
              -76.1020371,
              -9.2127579
            ],
            [
              -76.1009785,
              -9.2122285
            ],
            [
              -76.0998691,
              -9.2117987
            ],
            [
              -76.0986601,
              -9.21175
            ],
            [
              -76.0978281,
              -9.2120507
            ],
            [
              -76.0971485,
              -9.2127832
            ],
            [
              -76.0968205,
              -9.2135137
            ],
            [
              -76.0966699,
              -9.2139669
            ],
            [
              -76.0967207,
              -9.2145469
            ],
            [
              -76.096998,
              -9.2153027
            ],
            [
              -76.0970976,
              -9.2159825
            ],
            [
              -76.0968965,
              -9.2166114
            ],
            [
              -76.0959902,
              -9.2175195
            ],
            [
              -76.0945274,
              -9.2185781
            ],
            [
              -76.0937225,
              -9.2188301
            ],
            [
              -76.0928906,
              -9.2187794
            ],
            [
              -76.0921562,
              -9.2184101
            ],
            [
              -76.0911465,
              -9.2184472
            ],
            [
              -76.0903027,
              -9.2187051
            ],
            [
              -76.0892031,
              -9.2194375
            ],
            [
              -76.08825,
              -9.2203535
            ],
            [
              -76.0876641,
              -9.2212344
            ],
            [
              -76.0870409,
              -9.2226992
            ],
            [
              -76.0857207,
              -9.2253379
            ],
            [
              -76.0850976,
              -9.226256
            ],
            [
              -76.0843652,
              -9.2268789
            ],
            [
              -76.083961,
              -9.2274277
            ],
            [
              -76.0835119,
              -9.228545
            ],
            [
              -76.083086,
              -9.2290626
            ],
            [
              -76.0821289,
              -9.230252
            ],
            [
              -76.081461,
              -9.2314707
            ],
            [
              -76.080418,
              -9.2335312
            ],
            [
              -76.0794882,
              -9.2355625
            ],
            [
              -76.0788496,
              -9.2366641
            ],
            [
              -76.0779961,
              -9.2379805
            ],
            [
              -76.0776465,
              -9.2388672
            ],
            [
              -76.0775996,
              -9.2394941
            ],
            [
              -76.0778555,
              -9.2407012
            ],
            [
              -76.0775529,
              -9.2418145
            ],
            [
              -76.0772969,
              -9.2427676
            ],
            [
              -76.0769257,
              -9.2437656
            ],
            [
              -76.0767402,
              -9.244416
            ],
            [
              -76.0767167,
              -9.2451347
            ],
            [
              -76.0768574,
              -9.2456914
            ],
            [
              -76.0772969,
              -9.2465976
            ],
            [
              -76.0777851,
              -9.2475254
            ],
            [
              -76.0780176,
              -9.2485937
            ],
            [
              -76.0782011,
              -9.249582
            ],
            [
              -76.0780254,
              -9.2506816
            ],
            [
              -76.0775292,
              -9.2515801
            ],
            [
              -76.0768886,
              -9.2527715
            ],
            [
              -76.0765566,
              -9.2534512
            ],
            [
              -76.0765215,
              -9.2542579
            ],
            [
              -76.0767775,
              -9.2554316
            ],
            [
              -76.0770117,
              -9.2564766
            ],
            [
              -76.0770351,
              -9.2570645
            ],
            [
              -76.0769239,
              -9.2576329
            ],
            [
              -76.0764842,
              -9.2585312
            ],
            [
              -76.07575,
              -9.2595781
            ],
            [
              -76.0750274,
              -9.2605899
            ],
            [
              -76.0742832,
              -9.2617422
            ],
            [
              -76.0737871,
              -9.2622735
            ],
            [
              -76.0736406,
              -9.262752
            ],
            [
              -76.0736406,
              -9.263082
            ],
            [
              -76.0737695,
              -9.2635586
            ],
            [
              -76.0740079,
              -9.2640351
            ],
            [
              -76.0751094,
              -9.2668419
            ],
            [
              -76.0754024,
              -9.2682169
            ],
            [
              -76.0754024,
              -9.2687851
            ],
            [
              -76.0752559,
              -9.2695371
            ],
            [
              -76.0747422,
              -9.2702891
            ],
            [
              -76.0740449,
              -9.2710976
            ],
            [
              -76.0736992,
              -9.2717656
            ],
            [
              -76.0735371,
              -9.2720391
            ],
            [
              -76.0733632,
              -9.2726445
            ],
            [
              -76.0732266,
              -9.2734256
            ],
            [
              -76.0729726,
              -9.2749669
            ],
            [
              -76.0729726,
              -9.2774064
            ],
            [
              -76.0728945,
              -9.2782246
            ],
            [
              -76.0725039,
              -9.279045
            ],
            [
              -76.0720351,
              -9.2794922
            ],
            [
              -76.0713145,
              -9.2797852
            ],
            [
              -76.0702792,
              -9.2798047
            ],
            [
              -76.0692656,
              -9.2793965
            ],
            [
              -76.0684649,
              -9.2785371
            ],
            [
              -76.0679961,
              -9.2775235
            ],
            [
              -76.067627,
              -9.2763125
            ],
            [
              -76.0672384,
              -9.2753457
            ],
            [
              -76.0669435,
              -9.2750059
            ],
            [
              -76.0664941,
              -9.2747326
            ],
            [
              -76.0661035,
              -9.2746152
            ],
            [
              -76.0653829,
              -9.274459
            ],
            [
              -76.0644257,
              -9.2744785
            ],
            [
              -76.0633145,
              -9.2745957
            ],
            [
              -76.062084,
              -9.2749864
            ],
            [
              -76.0606465,
              -9.2754219
            ],
            [
              -76.059666,
              -9.2759414
            ],
            [
              -76.0588066,
              -9.2768594
            ],
            [
              -76.0583965,
              -9.2778731
            ],
            [
              -76.0578319,
              -9.2798829
            ],
            [
              -76.0574025,
              -9.2809766
            ],
            [
              -76.056793,
              -9.2817226
            ],
            [
              -76.0570039,
              -9.2819726
            ],
            [
              -76.0572656,
              -9.2825332
            ],
            [
              -76.0576582,
              -9.2830294
            ],
            [
              -76.0587695,
              -9.2843867
            ],
            [
              -76.0592167,
              -9.2847226
            ],
            [
              -76.059877,
              -9.2850527
            ],
            [
              -76.0611816,
              -9.2853652
            ],
            [
              -76.0613945,
              -9.2854882
            ],
            [
              -76.0621934,
              -9.2857442
            ],
            [
              -76.063127,
              -9.286209
            ],
            [
              -76.0639297,
              -9.2867481
            ],
            [
              -76.0641504,
              -9.287168
            ],
            [
              -76.0642364,
              -9.28725
            ],
            [
              -76.0642989,
              -9.2874492
            ],
            [
              -76.0647597,
              -9.288291
            ],
            [
              -76.0651347,
              -9.2894121
            ],
            [
              -76.0651152,
              -9.2903965
            ],
            [
              -76.0652071,
              -9.2906035
            ],
            [
              -76.0653145,
              -9.2907266
            ],
            [
              -76.0656114,
              -9.2908457
            ],
            [
              -76.066039,
              -9.2909509
            ],
            [
              -76.0670684,
              -9.2908047
            ],
            [
              -76.0675937,
              -9.2908379
            ],
            [
              -76.0689257,
              -9.2913242
            ],
            [
              -76.0699941,
              -9.2915156
            ],
            [
              -76.0705625,
              -9.292291
            ],
            [
              -76.0710097,
              -9.2931445
            ],
            [
              -76.0716542,
              -9.2941601
            ],
            [
              -76.0721757,
              -9.2948066
            ],
            [
              -76.0725976,
              -9.2950937
            ],
            [
              -76.0738457,
              -9.2953829
            ],
            [
              -76.074002,
              -9.2954024
            ],
            [
              -76.0744726,
              -9.295461
            ],
            [
              -76.0757031,
              -9.2954785
            ],
            [
              -76.0761875,
              -9.295545
            ],
            [
              -76.0763594,
              -9.2956347
            ],
            [
              -76.076582,
              -9.2958575
            ],
            [
              -76.0766621,
              -9.2960469
            ],
            [
              -76.0767247,
              -9.2965469
            ],
            [
              -76.0767031,
              -9.2968204
            ],
            [
              -76.0766094,
              -9.2971545
            ],
            [
              -76.0762617,
              -9.297832
            ],
            [
              -76.0757129,
              -9.2984414
            ],
            [
              -76.0754726,
              -9.298791
            ],
            [
              -76.0753027,
              -9.2991972
            ],
            [
              -76.0752735,
              -9.2996914
            ],
            [
              -76.0755059,
              -9.3000801
            ],
            [
              -76.0758105,
              -9.3002617
            ],
            [
              -76.076211,
              -9.3003731
            ],
            [
              -76.0764395,
              -9.300377
            ],
            [
              -76.0768789,
              -9.3004082
            ],
            [
              -76.0772422,
              -9.300496
            ],
            [
              -76.0784316,
              -9.3013771
            ],
            [
              -76.079586,
              -9.3020196
            ],
            [
              -76.0803007,
              -9.3024825
            ],
            [
              -76.0807304,
              -9.3028591
            ],
            [
              -76.0808222,
              -9.3029395
            ],
            [
              -76.0811152,
              -9.3032794
            ],
            [
              -76.082041,
              -9.3038457
            ],
            [
              -76.0822011,
              -9.3040097
            ],
            [
              -76.083209,
              -9.3044805
            ],
            [
              -76.0837715,
              -9.3046504
            ],
            [
              -76.0850449,
              -9.3049805
            ],
            [
              -76.085627,
              -9.3049239
            ],
            [
              -76.086131,
              -9.304752
            ],
            [
              -76.0867441,
              -9.3043575
            ],
            [
              -76.0869082,
              -9.3041757
            ],
            [
              -76.0871386,
              -9.3036544
            ],
            [
              -76.0872226,
              -9.3034649
            ],
            [
              -76.0875664,
              -9.3026876
            ],
            [
              -76.0878632,
              -9.3014629
            ],
            [
              -76.088084,
              -9.3010137
            ],
            [
              -76.0884551,
              -9.3006992
            ],
            [
              -76.0888691,
              -9.300461
            ],
            [
              -76.0894824,
              -9.3002169
            ],
            [
              -76.0899748,
              -9.2997026
            ],
            [
              -76.0908411,
              -9.2995226
            ],
            [
              -76.0914859,
              -9.299664
            ],
            [
              -76.0917595,
              -9.2996576
            ],
            [
              -76.0923829,
              -9.2997325
            ],
            [
              -76.0924472,
              -9.299711
            ],
            [
              -76.093123,
              -9.2994941
            ],
            [
              -76.0936309,
              -9.2992129
            ],
            [
              -76.0943615,
              -9.2983399
            ],
            [
              -76.0952832,
              -9.2975919
            ],
            [
              -76.0956367,
              -9.2974239
            ],
            [
              -76.0959239,
              -9.2973711
            ],
            [
              -76.096209,
              -9.2973222
            ],
            [
              -76.0968595,
              -9.2969386
            ],
            [
              -76.0982013,
              -9.2970093
            ],
            [
              -76.0996017,
              -9.29762
            ],
            [
              -76.1002009,
              -9.2976843
            ],
            [
              -76.1009435,
              -9.2981856
            ],
            [
              -76.1022891,
              -9.2984024
            ],
            [
              -76.1025527,
              -9.2983457
            ],
            [
              -76.1033632,
              -9.298002
            ],
            [
              -76.1037812,
              -9.2977364
            ],
            [
              -76.1040722,
              -9.2975176
            ],
            [
              -76.1046445,
              -9.2970742
            ],
            [
              -76.1052402,
              -9.2967129
            ],
            [
              -76.1057871,
              -9.2966172
            ],
            [
              -76.1061542,
              -9.2966582
            ],
            [
              -76.1067441,
              -9.2969142
            ],
            [
              -76.1071875,
              -9.2971757
            ],
            [
              -76.1078555,
              -9.2976524
            ],
            [
              -76.1083594,
              -9.2978652
            ],
            [
              -76.1100292,
              -9.2982012
            ],
            [
              -76.1108771,
              -9.2984864
            ],
            [
              -76.1114122,
              -9.2987754
            ],
            [
              -76.112291,
              -9.299375
            ],
            [
              -76.112959,
              -9.2999902
            ],
            [
              -76.1134141,
              -9.3004687
            ],
            [
              -76.1135156,
              -9.3005742
            ],
            [
              -76.1138594,
              -9.3007344
            ],
            [
              -76.1140059,
              -9.3007774
            ],
            [
              -76.1145957,
              -9.3009492
            ],
            [
              -76.1151524,
              -9.3012969
            ],
            [
              -76.1154785,
              -9.3015625
            ],
            [
              -76.1162774,
              -9.3019414
            ],
            [
              -76.1179395,
              -9.3026211
            ],
            [
              -76.1189844,
              -9.3029101
            ],
            [
              -76.1190722,
              -9.3029279
            ],
            [
              -76.1204452,
              -9.3033125
            ],
            [
              -76.123086,
              -9.3036075
            ],
            [
              -76.1239961,
              -9.3036075
            ],
            [
              -76.1245117,
              -9.3035332
            ],
            [
              -76.1255097,
              -9.3032969
            ],
            [
              -76.1260097,
              -9.3030937
            ],
            [
              -76.126627,
              -9.30275
            ],
            [
              -76.1278789,
              -9.3017579
            ],
            [
              -76.1285761,
              -9.301541
            ],
            [
              -76.129043,
              -9.3014922
            ],
            [
              -76.1297422,
              -9.301541
            ],
            [
              -76.1298965,
              -9.3015527
            ],
            [
              -76.1310625,
              -9.3014766
            ],
            [
              -76.1316154,
              -9.3014882
            ],
            [
              -76.1338007,
              -9.301875
            ],
            [
              -76.1342089,
              -9.3020176
            ],
            [
              -76.1342735,
              -9.302041
            ],
            [
              -76.1343965,
              -9.3020684
            ],
            [
              -76.1351444,
              -9.3027597
            ],
            [
              -76.136,
              -9.3032637
            ],
            [
              -76.1361719,
              -9.3033047
            ],
            [
              -76.136668,
              -9.3035664
            ],
            [
              -76.1373204,
              -9.3036075
            ],
            [
              -76.1378847,
              -9.3035489
            ],
            [
              -76.1381641,
              -9.3034961
            ],
            [
              -76.1398066,
              -9.3031836
            ],
            [
              -76.1402324,
              -9.3031952
            ],
            [
              -76.1406504,
              -9.3032656
            ],
            [
              -76.140998,
              -9.3033026
            ],
            [
              -76.1412579,
              -9.3035959
            ],
            [
              -76.142084,
              -9.3045235
            ],
            [
              -76.1424961,
              -9.305092
            ],
            [
              -76.1432422,
              -9.3058007
            ],
            [
              -76.1443457,
              -9.3064785
            ],
            [
              -76.144832,
              -9.3066485
            ],
            [
              -76.1456855,
              -9.3068204
            ],
            [
              -76.1462129,
              -9.307045
            ],
            [
              -76.1467226,
              -9.3074649
            ],
            [
              -76.1471465,
              -9.308246
            ],
            [
              -76.1472207,
              -9.3085547
            ],
            [
              -76.1473652,
              -9.3091426
            ],
            [
              -76.1480527,
              -9.3104024
            ],
            [
              -76.1488417,
              -9.3112364
            ],
            [
              -76.1493204,
              -9.3119375
            ],
            [
              -76.1499121,
              -9.3129531
            ],
            [
              -76.1502617,
              -9.3136816
            ],
            [
              -76.1510332,
              -9.31458
            ],
            [
              -76.1518829,
              -9.3152989
            ],
            [
              -76.1531367,
              -9.3161564
            ],
            [
              -76.1543516,
              -9.3172989
            ],
            [
              -76.15508,
              -9.3189239
            ],
            [
              -76.1552656,
              -9.3191875
            ],
            [
              -76.1554276,
              -9.3195371
            ],
            [
              -76.1564707,
              -9.3205781
            ],
            [
              -76.1582149,
              -9.3219824
            ],
            [
              -76.1590489,
              -9.3228867
            ],
            [
              -76.1596309,
              -9.3236797
            ],
            [
              -76.1604414,
              -9.3243731
            ],
            [
              -76.1613047,
              -9.3249649
            ],
            [
              -76.163377,
              -9.325795
            ],
            [
              -76.1638417,
              -9.3260781
            ],
            [
              -76.1644141,
              -9.3262559
            ],
            [
              -76.165832,
              -9.3264805
            ],
            [
              -76.1674902,
              -9.3264785
            ],
            [
              -76.1680351,
              -9.3265704
            ],
            [
              -76.168166,
              -9.3267851
            ],
            [
              -76.1683476,
              -9.3269316
            ],
            [
              -76.168584,
              -9.3273614
            ],
            [
              -76.1687207,
              -9.328127
            ],
            [
              -76.1689062,
              -9.3285079
            ],
            [
              -76.1696641,
              -9.3290489
            ],
            [
              -76.1703789,
              -9.3293007
            ],
            [
              -76.1708417,
              -9.3294062
            ],
            [
              -76.1726329,
              -9.3296114
            ],
            [
              -76.1738985,
              -9.3296621
            ],
            [
              -76.1741797,
              -9.3297422
            ],
            [
              -76.1744101,
              -9.3298925
            ],
            [
              -76.1749551,
              -9.3304375
            ],
            [
              -76.1750664,
              -9.3306367
            ],
            [
              -76.1751992,
              -9.3311035
            ],
            [
              -76.1752989,
              -9.3320097
            ],
            [
              -76.175418,
              -9.3322735
            ],
            [
              -76.1756562,
              -9.3325469
            ],
            [
              -76.176373,
              -9.3329766
            ],
            [
              -76.1780332,
              -9.333502
            ],
            [
              -76.1781445,
              -9.3336035
            ],
            [
              -76.1787461,
              -9.3339101
            ],
            [
              -76.1790391,
              -9.3341757
            ],
            [
              -76.1794667,
              -9.3347344
            ],
            [
              -76.180832,
              -9.3359687
            ],
            [
              -76.1815136,
              -9.3368711
            ],
            [
              -76.1822011,
              -9.3375195
            ],
            [
              -76.1826386,
              -9.3382656
            ],
            [
              -76.1831465,
              -9.3388185
            ],
            [
              -76.1850684,
              -9.3395039
            ],
            [
              -76.1861836,
              -9.3400899
            ],
            [
              -76.1867402,
              -9.3404356
            ],
            [
              -76.187,
              -9.3407735
            ],
            [
              -76.1870957,
              -9.3417226
            ],
            [
              -76.1875136,
              -9.3426329
            ],
            [
              -76.1877167,
              -9.3432539
            ],
            [
              -76.1882832,
              -9.3440879
            ],
            [
              -76.188666,
              -9.3444785
            ],
            [
              -76.1890957,
              -9.344625
            ],
            [
              -76.190086,
              -9.3447441
            ],
            [
              -76.1904492,
              -9.3451522
            ],
            [
              -76.1905975,
              -9.3452226
            ],
            [
              -76.1910879,
              -9.3451777
            ],
            [
              -76.1916132,
              -9.3449825
            ],
            [
              -76.192291,
              -9.3448437
            ],
            [
              -76.192752,
              -9.3449101
            ],
            [
              -76.1931562,
              -9.3450547
            ],
            [
              -76.1932812,
              -9.3452266
            ],
            [
              -76.1932792,
              -9.3453397
            ],
            [
              -76.1929687,
              -9.34575
            ],
            [
              -76.1927382,
              -9.3459687
            ],
            [
              -76.1926895,
              -9.3461719
            ],
            [
              -76.1927246,
              -9.34642
            ],
            [
              -76.1931329,
              -9.3469375
            ],
            [
              -76.1934042,
              -9.3471465
            ],
            [
              -76.194416,
              -9.3476739
            ],
            [
              -76.1952754,
              -9.3479277
            ],
            [
              -76.1958007,
              -9.3481367
            ],
            [
              -76.196211,
              -9.348459
            ],
            [
              -76.1965,
              -9.3485919
            ],
            [
              -76.196877,
              -9.3486992
            ],
            [
              -76.1970742,
              -9.3488789
            ],
            [
              -76.1970742,
              -9.3492774
            ],
            [
              -76.1970254,
              -9.3496075
            ],
            [
              -76.1969395,
              -9.3496856
            ],
            [
              -76.1966367,
              -9.3497422
            ],
            [
              -76.1963965,
              -9.3497246
            ],
            [
              -76.1958007,
              -9.3494472
            ],
            [
              -76.1956954,
              -9.3493691
            ],
            [
              -76.1954746,
              -9.3494454
            ],
            [
              -76.195252,
              -9.3496075
            ],
            [
              -76.1951152,
              -9.3498184
            ],
            [
              -76.1950566,
              -9.3500332
            ],
            [
              -76.1950957,
              -9.3506211
            ],
            [
              -76.1951739,
              -9.3508614
            ],
            [
              -76.1956386,
              -9.351209
            ],
            [
              -76.1960937,
              -9.3512735
            ],
            [
              -76.1967402,
              -9.351217
            ],
            [
              -76.1969571,
              -9.3513047
            ],
            [
              -76.1971875,
              -9.3516016
            ],
            [
              -76.1973086,
              -9.3521719
            ],
            [
              -76.1974082,
              -9.352332
            ],
            [
              -76.1980449,
              -9.352709
            ],
            [
              -76.1984667,
              -9.3531797
            ],
            [
              -76.1989511,
              -9.3535371
            ],
            [
              -76.1993341,
              -9.3539082
            ],
            [
              -76.1999082,
              -9.3541562
            ],
            [
              -76.2005644,
              -9.3546445
            ],
            [
              -76.2008672,
              -9.3547715
            ],
            [
              -76.2016855,
              -9.3548106
            ],
            [
              -76.2021289,
              -9.3549257
            ],
            [
              -76.2025312,
              -9.3554649
            ],
            [
              -76.2030059,
              -9.3556972
            ],
            [
              -76.2035645,
              -9.3564141
            ],
            [
              -76.203832,
              -9.3569472
            ],
            [
              -76.2040919,
              -9.3570606
            ],
            [
              -76.2046504,
              -9.3572149
            ],
            [
              -76.2050039,
              -9.3573945
            ],
            [
              -76.2051914,
              -9.3581856
            ],
            [
              -76.2054199,
              -9.3583242
            ],
            [
              -76.2060351,
              -9.3589629
            ],
            [
              -76.2062441,
              -9.3592619
            ],
            [
              -76.2066036,
              -9.3600507
            ],
            [
              -76.2068847,
              -9.3602891
            ],
            [
              -76.2071406,
              -9.3603789
            ],
            [
              -76.2080079,
              -9.3603301
            ],
            [
              -76.2084941,
              -9.3603809
            ],
            [
              -76.2090781,
              -9.3605294
            ],
            [
              -76.209336,
              -9.3607596
            ],
            [
              -76.2094746,
              -9.3609825
            ],
            [
              -76.2095801,
              -9.3616231
            ],
            [
              -76.2095625,
              -9.362168
            ],
            [
              -76.209463,
              -9.3625312
            ],
            [
              -76.2091971,
              -9.3631621
            ],
            [
              -76.2086895,
              -9.3639004
            ],
            [
              -76.2081386,
              -9.3648145
            ],
            [
              -76.2076582,
              -9.3657207
            ],
            [
              -76.2073105,
              -9.3664687
            ],
            [
              -76.2074472,
              -9.3671601
            ],
            [
              -76.208041,
              -9.3678535
            ],
            [
              -76.2085996,
              -9.3686425
            ],
            [
              -76.2094297,
              -9.3692266
            ],
            [
              -76.2098945,
              -9.3693086
            ],
            [
              -76.2105371,
              -9.3691757
            ],
            [
              -76.2110489,
              -9.3692149
            ],
            [
              -76.2113399,
              -9.3693419
            ],
            [
              -76.2117989,
              -9.3696504
            ],
            [
              -76.2122636,
              -9.3702305
            ],
            [
              -76.212498,
              -9.3703711
            ],
            [
              -76.2129414,
              -9.3705294
            ],
            [
              -76.2132031,
              -9.3708242
            ],
            [
              -76.2135059,
              -9.3710489
            ],
            [
              -76.2138496,
              -9.3712149
            ],
            [
              -76.2141309,
              -9.371295
            ],
            [
              -76.2142969,
              -9.371461
            ],
            [
              -76.2145879,
              -9.3716132
            ],
            [
              -76.2150117,
              -9.371707
            ],
            [
              -76.215252,
              -9.371918
            ],
            [
              -76.215711,
              -9.3724825
            ],
            [
              -76.2168145,
              -9.3727559
            ],
            [
              -76.2174649,
              -9.373125
            ],
            [
              -76.2177812,
              -9.3731172
            ],
            [
              -76.2182871,
              -9.3728145
            ],
            [
              -76.2188242,
              -9.3726641
            ],
            [
              -76.2192422,
              -9.3726035
            ],
            [
              -76.2196641,
              -9.3726191
            ],
            [
              -76.2202656,
              -9.3728027
            ],
            [
              -76.2203222,
              -9.3728614
            ],
            [
              -76.2203222,
              -9.3729727
            ],
            [
              -76.2200917,
              -9.3734062
            ],
            [
              -76.2201541,
              -9.3737637
            ],
            [
              -76.2204414,
              -9.3741309
            ],
            [
              -76.2215136,
              -9.375168
            ],
            [
              -76.2219629,
              -9.3757382
            ],
            [
              -76.2221562,
              -9.3757676
            ],
            [
              -76.222375,
              -9.3756231
            ],
            [
              -76.2225566,
              -9.3755644
            ],
            [
              -76.2234396,
              -9.3752715
            ],
            [
              -76.2239766,
              -9.375211
            ],
            [
              -76.2240899,
              -9.3752325
            ],
            [
              -76.2241445,
              -9.3752579
            ],
            [
              -76.2241797,
              -9.375545
            ],
            [
              -76.2240625,
              -9.375918
            ],
            [
              -76.2239414,
              -9.3761387
            ],
            [
              -76.2238516,
              -9.3764941
            ],
            [
              -76.2238632,
              -9.3766465
            ],
            [
              -76.2243281,
              -9.3772344
            ],
            [
              -76.2251386,
              -9.3779669
            ],
            [
              -76.2258965,
              -9.3784805
            ],
            [
              -76.2271524,
              -9.3793184
            ],
            [
              -76.2277011,
              -9.3800294
            ],
            [
              -76.2278301,
              -9.3814454
            ],
            [
              -76.2278632,
              -9.3823164
            ],
            [
              -76.2279922,
              -9.3833164
            ],
            [
              -76.2280879,
              -9.3841875
            ],
            [
              -76.2280879,
              -9.38525
            ],
            [
              -76.2280566,
              -9.3867656
            ],
            [
              -76.2284434,
              -9.3874101
            ],
            [
              -76.2290547,
              -9.388377
            ],
            [
              -76.229668,
              -9.3889277
            ],
            [
              -76.2301191,
              -9.3892794
            ],
            [
              -76.2308281,
              -9.3901836
            ],
            [
              -76.2320274,
              -9.3919219
            ],
            [
              -76.2321855,
              -9.3924922
            ],
            [
              -76.2321934,
              -9.3941601
            ],
            [
              -76.2321934,
              -9.3946739
            ],
            [
              -76.2322011,
              -9.3958221
            ],
            [
              -76.2319785,
              -9.397336
            ],
            [
              -76.2319785,
              -9.3988671
            ],
            [
              -76.2319492,
              -9.3995
            ],
            [
              -76.2320489,
              -9.4012226
            ],
            [
              -76.2322226,
              -9.4021972
            ],
            [
              -76.2322226,
              -9.4031719
            ],
            [
              -76.2322851,
              -9.4040919
            ],
            [
              -76.2323535,
              -9.4053555
            ],
            [
              -76.2326445,
              -9.4061582
            ],
            [
              -76.2327051,
              -9.4066171
            ],
            [
              -76.233459,
              -9.4084531
            ],
            [
              -76.2339316,
              -9.4108632
            ],
            [
              -76.2342832,
              -9.4118379
            ],
            [
              -76.234336,
              -9.4124121
            ],
            [
              -76.2351524,
              -9.4143632
            ],
            [
              -76.2351601,
              -9.4150507
            ],
            [
              -76.2352441,
              -9.4151367
            ],
            [
              -76.2350469,
              -9.416084
            ],
            [
              -76.2350761,
              -9.4172051
            ],
            [
              -76.2352832,
              -9.4174629
            ],
            [
              -76.2353457,
              -9.418209
            ],
            [
              -76.2347714,
              -9.4190156
            ],
            [
              -76.2338476,
              -9.4199375
            ],
            [
              -76.2329961,
              -9.4215059
            ],
            [
              -76.2321621,
              -9.4233419
            ],
            [
              -76.2315781,
              -9.4247187
            ],
            [
              -76.2309101,
              -9.4260137
            ],
            [
              -76.2299922,
              -9.4273066
            ],
            [
              -76.2284042,
              -9.4287246
            ],
            [
              -76.2274454,
              -9.4297695
            ],
            [
              -76.2266524,
              -9.4308965
            ],
            [
              -76.2252754,
              -9.4322305
            ],
            [
              -76.2238985,
              -9.4329825
            ],
            [
              -76.2225215,
              -9.4336504
            ],
            [
              -76.2208516,
              -9.4344864
            ],
            [
              -76.2190586,
              -9.4352774
            ],
            [
              -76.2173886,
              -9.4359024
            ],
            [
              -76.2158867,
              -9.4361954
            ],
            [
              -76.2142597,
              -9.4370292
            ],
            [
              -76.2133417,
              -9.4376972
            ],
            [
              -76.2121309,
              -9.4387401
            ],
            [
              -76.210252,
              -9.4398672
            ],
            [
              -76.208959,
              -9.4410371
            ],
            [
              -76.207875,
              -9.442455
            ],
            [
              -76.2069141,
              -9.4437481
            ],
            [
              -76.2049531,
              -9.445836
            ],
            [
              -76.2040351,
              -9.446711
            ],
            [
              -76.2032422,
              -9.4480469
            ],
            [
              -76.2021992,
              -9.4502169
            ],
            [
              -76.2015292,
              -9.4515939
            ],
            [
              -76.2011972,
              -9.4528047
            ],
            [
              -76.2009882,
              -9.4543086
            ],
            [
              -76.2012812,
              -9.4562266
            ],
            [
              -76.2015292,
              -9.4583125
            ],
            [
              -76.2016562,
              -9.4595645
            ],
            [
              -76.2017324,
              -9.4608262
            ],
            [
              -76.2015469,
              -9.4630996
            ],
            [
              -76.2014316,
              -9.4646076
            ],
            [
              -76.2014785,
              -9.466
            ],
            [
              -76.2009434,
              -9.468252
            ],
            [
              -76.2005039,
              -9.4702715
            ],
            [
              -76.1999687,
              -9.4715937
            ],
            [
              -76.1995742,
              -9.4728927
            ],
            [
              -76.1992969,
              -9.4736132
            ],
            [
              -76.1990411,
              -9.4744941
            ],
            [
              -76.1991329,
              -9.4751211
            ],
            [
              -76.1995274,
              -9.4759336
            ],
            [
              -76.199668,
              -9.4768847
            ],
            [
              -76.1998301,
              -9.4781406
            ],
            [
              -76.1999219,
              -9.4791836
            ],
            [
              -76.1999316,
              -9.4794531
            ],
            [
              -76.1999961,
              -9.479961
            ],
            [
              -76.2000195,
              -9.4801641
            ],
            [
              -76.2000937,
              -9.4803184
            ],
            [
              -76.2001912,
              -9.4804766
            ],
            [
              -76.200297,
              -9.4806309
            ],
            [
              -76.200373,
              -9.4807851
            ],
            [
              -76.2004101,
              -9.4809707
            ],
            [
              -76.2004687,
              -9.4811445
            ],
            [
              -76.2005254,
              -9.481377
            ],
            [
              -76.2005684,
              -9.4815684
            ],
            [
              -76.2006191,
              -9.481834
            ],
            [
              -76.2006895,
              -9.4820176
            ],
            [
              -76.2007364,
              -9.4822129
            ],
            [
              -76.2007597,
              -9.4824356
            ],
            [
              -76.2007754,
              -9.4826231
            ],
            [
              -76.2008105,
              -9.48275
            ],
            [
              -76.2007891,
              -9.4828829
            ],
            [
              -76.2007636,
              -9.4831132
            ],
            [
              -76.2007285,
              -9.4833047
            ],
            [
              -76.2007187,
              -9.4834844
            ],
            [
              -76.2006816,
              -9.483791
            ],
            [
              -76.2006386,
              -9.4840957
            ],
            [
              -76.2005957,
              -9.4843379
            ],
            [
              -76.200584,
              -9.4846445
            ],
            [
              -76.2005937,
              -9.4848301
            ],
            [
              -76.2007597,
              -9.4855294
            ],
            [
              -76.2007597,
              -9.4858594
            ],
            [
              -76.2007422,
              -9.4862325
            ],
            [
              -76.2007775,
              -9.4865079
            ],
            [
              -76.200912,
              -9.4867656
            ],
            [
              -76.2013047,
              -9.4871875
            ],
            [
              -76.2016114,
              -9.4874726
            ],
            [
              -76.2017832,
              -9.4877266
            ],
            [
              -76.2019961,
              -9.4878965
            ],
            [
              -76.2021914,
              -9.4881445
            ],
            [
              -76.2023886,
              -9.4885899
            ],
            [
              -76.2025039,
              -9.4889806
            ],
            [
              -76.2026289,
              -9.4894084
            ],
            [
              -76.2027617,
              -9.4897637
            ],
            [
              -76.2029219,
              -9.4901016
            ],
            [
              -76.2030996,
              -9.4903985
            ],
            [
              -76.2033301,
              -9.490752
            ],
            [
              -76.2035176,
              -9.4910722
            ],
            [
              -76.2036524,
              -9.4915039
            ],
            [
              -76.2038535,
              -9.4921504
            ],
            [
              -76.203832,
              -9.4926757
            ],
            [
              -76.2036329,
              -9.4932617
            ],
            [
              -76.2034512,
              -9.4938281
            ],
            [
              -76.203168,
              -9.4957735
            ],
            [
              -76.2032344,
              -9.4967441
            ],
            [
              -76.2033281,
              -9.4980566
            ],
            [
              -76.2034004,
              -9.4991582
            ],
            [
              -76.2033924,
              -9.4991547
            ],
            [
              -76.2031601,
              -9.4990547
            ],
            [
              -76.2027774,
              -9.4988066
            ],
            [
              -76.2026504,
              -9.4987754
            ],
            [
              -76.2019804,
              -9.4982617
            ],
            [
              -76.2011386,
              -9.4978009
            ],
            [
              -76.2009551,
              -9.4977382
            ],
            [
              -76.2005332,
              -9.497707
            ],
            [
              -76.2002382,
              -9.4977305
            ],
            [
              -76.1997031,
              -9.4978789
            ],
            [
              -76.1990996,
              -9.4981719
            ],
            [
              -76.198707,
              -9.4981972
            ],
            [
              -76.1984864,
              -9.4981621
            ],
            [
              -76.197457,
              -9.4977656
            ],
            [
              -76.197211,
              -9.4975507
            ],
            [
              -76.196584,
              -9.4972969
            ],
            [
              -76.1961406,
              -9.4968867
            ],
            [
              -76.1951329,
              -9.4955937
            ],
            [
              -76.1948086,
              -9.4953262
            ],
            [
              -76.1943027,
              -9.4950507
            ],
            [
              -76.193918,
              -9.4949825
            ],
            [
              -76.1935996,
              -9.495002
            ],
            [
              -76.1926699,
              -9.4949257
            ],
            [
              -76.1923339,
              -9.4949844
            ],
            [
              -76.1917461,
              -9.4951719
            ],
            [
              -76.1911992,
              -9.4951719
            ],
            [
              -76.1908417,
              -9.495041
            ],
            [
              -76.1904687,
              -9.4947461
            ],
            [
              -76.1896172,
              -9.4936719
            ],
            [
              -76.1891796,
              -9.4929726
            ],
            [
              -76.188791,
              -9.4925059
            ],
            [
              -76.1881309,
              -9.4919766
            ],
            [
              -76.1874395,
              -9.4916406
            ],
            [
              -76.1866777,
              -9.4911231
            ],
            [
              -76.185752,
              -9.4898399
            ],
            [
              -76.1855664,
              -9.4895215
            ],
            [
              -76.1854375,
              -9.4889356
            ],
            [
              -76.1853691,
              -9.4872559
            ],
            [
              -76.1853105,
              -9.486834
            ],
            [
              -76.185125,
              -9.4862149
            ],
            [
              -76.1846035,
              -9.4854024
            ],
            [
              -76.1838184,
              -9.484834
            ],
            [
              -76.183123,
              -9.4845762
            ],
            [
              -76.1809961,
              -9.4840566
            ],
            [
              -76.1806287,
              -9.4840156
            ],
            [
              -76.179748,
              -9.4840117
            ],
            [
              -76.1793594,
              -9.4838301
            ],
            [
              -76.1785117,
              -9.4823536
            ],
            [
              -76.1772011,
              -9.480543
            ],
            [
              -76.1768866,
              -9.4802989
            ],
            [
              -76.1760566,
              -9.4799472
            ],
            [
              -76.175207,
              -9.4794805
            ],
            [
              -76.1747051,
              -9.4791309
            ],
            [
              -76.1744687,
              -9.478877
            ],
            [
              -76.1742695,
              -9.4784101
            ],
            [
              -76.1742167,
              -9.4778164
            ],
            [
              -76.1741504,
              -9.477586
            ],
            [
              -76.1738261,
              -9.4769044
            ],
            [
              -76.1733906,
              -9.4763047
            ],
            [
              -76.172127,
              -9.475795
            ],
            [
              -76.1715605,
              -9.4753945
            ],
            [
              -76.1712167,
              -9.4750664
            ],
            [
              -76.1708985,
              -9.4745879
            ],
            [
              -76.1697871,
              -9.4731426
            ],
            [
              -76.1694902,
              -9.472918
            ],
            [
              -76.1688985,
              -9.472582
            ],
            [
              -76.1680136,
              -9.4719024
            ],
            [
              -76.1677206,
              -9.4718184
            ],
            [
              -76.1670195,
              -9.4718184
            ],
            [
              -76.1655469,
              -9.4721055
            ],
            [
              -76.165252,
              -9.4721485
            ],
            [
              -76.1643965,
              -9.4719882
            ],
            [
              -76.1636172,
              -9.4718281
            ],
            [
              -76.1628847,
              -9.4713301
            ],
            [
              -76.1619257,
              -9.4707597
            ],
            [
              -76.1613866,
              -9.4700861
            ],
            [
              -76.1610292,
              -9.4697794
            ],
            [
              -76.1605527,
              -9.4695664
            ],
            [
              -76.1600879,
              -9.4694727
            ],
            [
              -76.1599355,
              -9.4694434
            ],
            [
              -76.1594454,
              -9.4694922
            ],
            [
              -76.1590371,
              -9.4696309
            ],
            [
              -76.1587832,
              -9.469834
            ],
            [
              -76.1586114,
              -9.4700645
            ],
            [
              -76.1584649,
              -9.470252
            ],
            [
              -76.1582715,
              -9.4703926
            ],
            [
              -76.1581914,
              -9.4704297
            ],
            [
              -76.1572636,
              -9.4708516
            ],
            [
              -76.1565761,
              -9.47117
            ],
            [
              -76.1546347,
              -9.471668
            ],
            [
              -76.1541386,
              -9.4717031
            ],
            [
              -76.1538164,
              -9.4715879
            ],
            [
              -76.1535704,
              -9.4715722
            ],
            [
              -76.1525489,
              -9.4716757
            ],
            [
              -76.152207,
              -9.4716231
            ],
            [
              -76.151586,
              -9.4713985
            ],
            [
              -76.150873,
              -9.4713496
            ],
            [
              -76.1499024,
              -9.4720781
            ],
            [
              -76.149623,
              -9.4724356
            ],
            [
              -76.1493945,
              -9.472877
            ],
            [
              -76.148746,
              -9.4736465
            ],
            [
              -76.1482051,
              -9.4739551
            ],
            [
              -76.1476445,
              -9.4741035
            ],
            [
              -76.1460152,
              -9.4736511
            ],
            [
              -76.1455542,
              -9.4734597
            ],
            [
              -76.1454698,
              -9.4729692
            ],
            [
              -76.145769,
              -9.4720145
            ],
            [
              -76.1447262,
              -9.4712964
            ],
            [
              -76.1441938,
              -9.4709478
            ],
            [
              -76.1433418,
              -9.4700942
            ],
            [
              -76.1426701,
              -9.4697701
            ],
            [
              -76.1421597,
              -9.4701015
            ],
            [
              -76.1419297,
              -9.4701524
            ],
            [
              -76.1414454,
              -9.4701329
            ],
            [
              -76.1406132,
              -9.4703496
            ],
            [
              -76.1397305,
              -9.4703457
            ],
            [
              -76.1392031,
              -9.4704551
            ],
            [
              -76.1388321,
              -9.4705899
            ],
            [
              -76.1383574,
              -9.4711601
            ],
            [
              -76.1383047,
              -9.4716915
            ],
            [
              -76.1381875,
              -9.4719141
            ],
            [
              -76.1377382,
              -9.4724024
            ],
            [
              -76.1374042,
              -9.4725762
            ],
            [
              -76.1370566,
              -9.4728691
            ],
            [
              -76.1364277,
              -9.4737012
            ],
            [
              -76.1358261,
              -9.4741544
            ],
            [
              -76.1349141,
              -9.4746914
            ],
            [
              -76.134166,
              -9.4753457
            ],
            [
              -76.1340371,
              -9.4756562
            ],
            [
              -76.133998,
              -9.4760879
            ],
            [
              -76.1341972,
              -9.4767246
            ],
            [
              -76.1342364,
              -9.4772579
            ],
            [
              -76.1341875,
              -9.477377
            ],
            [
              -76.133832,
              -9.4777695
            ],
            [
              -76.1333417,
              -9.4780469
            ],
            [
              -76.1326895,
              -9.4782559
            ],
            [
              -76.1318281,
              -9.4791289
            ],
            [
              -76.1309239,
              -9.4798066
            ],
            [
              -76.1299277,
              -9.4802774
            ],
            [
              -76.1289239,
              -9.4804472
            ],
            [
              -76.127209,
              -9.4803007
            ],
            [
              -76.1263787,
              -9.480707
            ],
            [
              -76.1248628,
              -9.481163
            ],
            [
              -76.124491,
              -9.4811648
            ],
            [
              -76.1242598,
              -9.4811726
            ],
            [
              -76.1241415,
              -9.4811251
            ],
            [
              -76.1239149,
              -9.4810138
            ],
            [
              -76.1237197,
              -9.4807814
            ],
            [
              -76.1235712,
              -9.4804279
            ],
            [
              -76.1233505,
              -9.479256
            ],
            [
              -76.1232376,
              -9.4783233
            ],
            [
              -76.1227391,
              -9.4777434
            ],
            [
              -76.1226185,
              -9.4776032
            ],
            [
              -76.1216931,
              -9.4769646
            ],
            [
              -76.1206845,
              -9.4762265
            ],
            [
              -76.1201612,
              -9.4758832
            ],
            [
              -76.119528,
              -9.475282
            ],
            [
              -76.1190856,
              -9.4750269
            ],
            [
              -76.1184484,
              -9.4752592
            ],
            [
              -76.1176931,
              -9.4755529
            ],
            [
              -76.1173049,
              -9.4756978
            ],
            [
              -76.1170195,
              -9.4759082
            ],
            [
              -76.1156816,
              -9.4763204
            ],
            [
              -76.1155469,
              -9.4763164
            ],
            [
              -76.1151386,
              -9.4761836
            ],
            [
              -76.1144649,
              -9.4760801
            ],
            [
              -76.114211,
              -9.476082
            ],
            [
              -76.1135664,
              -9.4762812
            ],
            [
              -76.1131757,
              -9.4764882
            ],
            [
              -76.1126681,
              -9.4768672
            ],
            [
              -76.1114472,
              -9.4775742
            ],
            [
              -76.1109141,
              -9.4780312
            ],
            [
              -76.1106954,
              -9.4781445
            ],
            [
              -76.110082,
              -9.4781406
            ],
            [
              -76.1094687,
              -9.4778262
            ],
            [
              -76.1090507,
              -9.4778086
            ],
            [
              -76.1087011,
              -9.4778731
            ],
            [
              -76.1084766,
              -9.4780764
            ],
            [
              -76.1082031,
              -9.4784669
            ],
            [
              -76.1076485,
              -9.4798555
            ],
            [
              -76.1073723,
              -9.4799289
            ],
            [
              -76.1070696,
              -9.4798827
            ],
            [
              -76.1068022,
              -9.4797299
            ],
            [
              -76.1059692,
              -9.4793682
            ],
            [
              -76.105551,
              -9.4791915
            ],
            [
              -76.1037276,
              -9.4784475
            ],
            [
              -76.1021738,
              -9.4773718
            ],
            [
              -76.1018204,
              -9.4763053
            ],
            [
              -76.1013912,
              -9.4749999
            ],
            [
              -76.1007458,
              -9.474951
            ],
            [
              -76.1001599,
              -9.4748893
            ],
            [
              -76.0996181,
              -9.4745454
            ],
            [
              -76.0991974,
              -9.4739325
            ],
            [
              -76.0987735,
              -9.4729184
            ],
            [
              -76.0983817,
              -9.4725644
            ],
            [
              -76.0973172,
              -9.4728319
            ],
            [
              -76.0968481,
              -9.4728836
            ],
            [
              -76.0960729,
              -9.4725592
            ],
            [
              -76.0952195,
              -9.4722773
            ],
            [
              -76.0946973,
              -9.4723674
            ],
            [
              -76.0941462,
              -9.4723582
            ],
            [
              -76.0929687,
              -9.4716419
            ],
            [
              -76.0922609,
              -9.4712876
            ],
            [
              -76.0916545,
              -9.4711809
            ],
            [
              -76.0913136,
              -9.4712774
            ],
            [
              -76.090497,
              -9.4713919
            ],
            [
              -76.0895372,
              -9.471419
            ],
            [
              -76.0882026,
              -9.4717675
            ],
            [
              -76.0872461,
              -9.472795
            ],
            [
              -76.086959,
              -9.4728887
            ],
            [
              -76.0860176,
              -9.4729492
            ],
            [
              -76.0852676,
              -9.472836
            ],
            [
              -76.084543,
              -9.4726406
            ],
            [
              -76.0835489,
              -9.4722539
            ],
            [
              -76.0827911,
              -9.4722305
            ],
            [
              -76.08225,
              -9.4725039
            ],
            [
              -76.0815957,
              -9.4731739
            ],
            [
              -76.0812344,
              -9.4734062
            ],
            [
              -76.0809454,
              -9.4734512
            ],
            [
              -76.080457,
              -9.4733516
            ],
            [
              -76.0801816,
              -9.4732051
            ],
            [
              -76.0793535,
              -9.4725176
            ],
            [
              -76.0786426,
              -9.4721231
            ],
            [
              -76.0780059,
              -9.4721035
            ],
            [
              -76.0772402,
              -9.4725156
            ],
            [
              -76.0760742,
              -9.4729805
            ],
            [
              -76.0754042,
              -9.4730684
            ],
            [
              -76.0748204,
              -9.4730704
            ],
            [
              -76.0746094,
              -9.4730137
            ],
            [
              -76.0742011,
              -9.472791
            ],
            [
              -76.0737597,
              -9.4723419
            ],
            [
              -76.0734355,
              -9.4720527
            ],
            [
              -76.0732597,
              -9.4719395
            ],
            [
              -76.0723301,
              -9.4716426
            ],
            [
              -76.0719844,
              -9.471668
            ],
            [
              -76.0717344,
              -9.4717871
            ],
            [
              -76.0709375,
              -9.4731132
            ],
            [
              -76.0707149,
              -9.4733985
            ],
            [
              -76.0703164,
              -9.4737832
            ],
            [
              -76.0699492,
              -9.4739375
            ],
            [
              -76.0692579,
              -9.4740645
            ],
            [
              -76.0683614,
              -9.474125
            ],
            [
              -76.0679941,
              -9.4740625
            ],
            [
              -76.0672715,
              -9.4740195
            ],
            [
              -76.0666777,
              -9.4741954
            ],
            [
              -76.0663047,
              -9.4743731
            ],
            [
              -76.0657559,
              -9.4747344
            ],
            [
              -76.0652382,
              -9.4752774
            ],
            [
              -76.0649316,
              -9.4756797
            ],
            [
              -76.0644082,
              -9.4760489
            ],
            [
              -76.0639961,
              -9.4762422
            ],
            [
              -76.0630956,
              -9.4764531
            ],
            [
              -76.0625801,
              -9.4764649
            ],
            [
              -76.0618574,
              -9.4763379
            ],
            [
              -76.0610937,
              -9.4760371
            ],
            [
              -76.0597011,
              -9.4757989
            ],
            [
              -76.0591329,
              -9.4758262
            ],
            [
              -76.0585117,
              -9.4760997
            ],
            [
              -76.0574316,
              -9.4764239
            ],
            [
              -76.0569511,
              -9.4766426
            ],
            [
              -76.056502,
              -9.4770294
            ],
            [
              -76.0559922,
              -9.4777676
            ],
            [
              -76.0554259,
              -9.478127
            ],
            [
              -76.0543886,
              -9.4782246
            ],
            [
              -76.0536875,
              -9.4784805
            ],
            [
              -76.0531621,
              -9.4787676
            ],
            [
              -76.0525742,
              -9.478961
            ],
            [
              -76.0512344,
              -9.478957
            ],
            [
              -76.0505507,
              -9.4788204
            ],
            [
              -76.0501972,
              -9.478791
            ],
            [
              -76.0498105,
              -9.4788632
            ],
            [
              -76.0489726,
              -9.4791972
            ],
            [
              -76.0484512,
              -9.4797616
            ],
            [
              -76.0480801,
              -9.4804844
            ],
            [
              -76.0478516,
              -9.4810566
            ],
            [
              -76.0478087,
              -9.4813086
            ],
            [
              -76.047834,
              -9.4816914
            ],
            [
              -76.0480704,
              -9.4822129
            ],
            [
              -76.0480097,
              -9.4825957
            ],
            [
              -76.047707,
              -9.4831172
            ],
            [
              -76.0472752,
              -9.4835801
            ],
            [
              -76.0469336,
              -9.4841329
            ],
            [
              -76.0462207,
              -9.4847149
            ],
            [
              -76.0451445,
              -9.4858086
            ],
            [
              -76.043836,
              -9.486957
            ],
            [
              -76.0426426,
              -9.4884062
            ],
            [
              -76.0420976,
              -9.4891816
            ],
            [
              -76.0418985,
              -9.4896172
            ],
            [
              -76.0416406,
              -9.491
            ],
            [
              -76.0416211,
              -9.4921191
            ],
            [
              -76.0414824,
              -9.4926895
            ],
            [
              -76.041293,
              -9.4931309
            ],
            [
              -76.0410605,
              -9.4934825
            ],
            [
              -76.0394199,
              -9.495291
            ],
            [
              -76.0392344,
              -9.4954941
            ],
            [
              -76.0388594,
              -9.4960507
            ],
            [
              -76.0381445,
              -9.49692
            ],
            [
              -76.0376094,
              -9.4973437
            ],
            [
              -76.0372891,
              -9.4974434
            ],
            [
              -76.0370292,
              -9.4974514
            ],
            [
              -76.0360899,
              -9.4972344
            ],
            [
              -76.0350586,
              -9.4966406
            ],
            [
              -76.0341152,
              -9.4964356
            ],
            [
              -76.0335801,
              -9.4964101
            ],
            [
              -76.0330625,
              -9.496707
            ],
            [
              -76.0327381,
              -9.4968047
            ],
            [
              -76.0323261,
              -9.4969316
            ],
            [
              -76.0319687,
              -9.4971406
            ],
            [
              -76.0315645,
              -9.4975331
            ],
            [
              -76.0310391,
              -9.4981756
            ],
            [
              -76.0298711,
              -9.498959
            ],
            [
              -76.0291855,
              -9.49942
            ],
            [
              -76.0276132,
              -9.4996504
            ],
            [
              -76.0256641,
              -9.4997149
            ],
            [
              -76.0245761,
              -9.5000039
            ],
            [
              -76.0239297,
              -9.5002226
            ],
            [
              -76.0228399,
              -9.5010762
            ],
            [
              -76.0226934,
              -9.5011485
            ],
            [
              -76.0222832,
              -9.5011875
            ],
            [
              -76.0209082,
              -9.5010469
            ],
            [
              -76.0197422,
              -9.5012206
            ],
            [
              -76.0193867,
              -9.501377
            ],
            [
              -76.0191777,
              -9.5016289
            ],
            [
              -76.0190781,
              -9.501875
            ],
            [
              -76.0190079,
              -9.5021816
            ],
            [
              -76.0190079,
              -9.5024629
            ],
            [
              -76.0191465,
              -9.5030137
            ],
            [
              -76.0192656,
              -9.5033027
            ],
            [
              -76.019457,
              -9.5035196
            ],
            [
              -76.0196875,
              -9.5039981
            ],
            [
              -76.0198047,
              -9.5041055
            ],
            [
              -76.0198242,
              -9.5042226
            ],
            [
              -76.019752,
              -9.5045664
            ],
            [
              -76.0195254,
              -9.5048672
            ],
            [
              -76.0192246,
              -9.5051114
            ],
            [
              -76.0182149,
              -9.5054941
            ],
            [
              -76.0174687,
              -9.5057129
            ],
            [
              -76.0170605,
              -9.506041
            ],
            [
              -76.0162949,
              -9.5063867
            ],
            [
              -76.0149492,
              -9.5067149
            ],
            [
              -76.0122364,
              -9.5076816
            ],
            [
              -76.0113632,
              -9.5080371
            ],
            [
              -76.0107344,
              -9.5081211
            ],
            [
              -76.0100781,
              -9.5080039
            ],
            [
              -76.0070235,
              -9.507047
            ],
            [
              -76.0047989,
              -9.5059219
            ],
            [
              -76.0037579,
              -9.5055176
            ],
            [
              -76.0020176,
              -9.5051524
            ],
            [
              -76.0007051,
              -9.5051544
            ],
            [
              -75.9999999,
              -9.5051777
            ],
            [
              -75.9991211,
              -9.5051562
            ],
            [
              -75.9978399,
              -9.5052344
            ],
            [
              -75.9964395,
              -9.5050704
            ],
            [
              -75.9949824,
              -9.5046934
            ],
            [
              -75.9935996,
              -9.5041934
            ],
            [
              -75.9928086,
              -9.5040919
            ],
            [
              -75.991832,
              -9.5041954
            ],
            [
              -75.9892126,
              -9.5049569
            ],
            [
              -75.9881035,
              -9.5052794
            ],
            [
              -75.9867539,
              -9.5054297
            ],
            [
              -75.9846641,
              -9.5051895
            ],
            [
              -75.983123,
              -9.5049121
            ],
            [
              -75.9812226,
              -9.5043221
            ],
            [
              -75.9808457,
              -9.5043125
            ],
            [
              -75.9804941,
              -9.5044062
            ],
            [
              -75.9800566,
              -9.504418
            ],
            [
              -75.9793066,
              -9.504166
            ],
            [
              -75.978793,
              -9.5037969
            ],
            [
              -75.9785039,
              -9.5032832
            ],
            [
              -75.9779941,
              -9.5019746
            ],
            [
              -75.9776739,
              -9.5015976
            ],
            [
              -75.9761349,
              -9.5011895
            ],
            [
              -75.9754492,
              -9.5009356
            ],
            [
              -75.9747891,
              -9.5005684
            ],
            [
              -75.9741347,
              -9.5
            ],
            [
              -75.9733125,
              -9.4996701
            ],
            [
              -75.9720586,
              -9.4993204
            ],
            [
              -75.9716426,
              -9.4990507
            ],
            [
              -75.9711601,
              -9.4985606
            ],
            [
              -75.9704667,
              -9.4976211
            ],
            [
              -75.9702266,
              -9.4973711
            ],
            [
              -75.9700586,
              -9.4972461
            ],
            [
              -75.9689824,
              -9.4967715
            ],
            [
              -75.9675469,
              -9.4965195
            ],
            [
              -75.966668,
              -9.4962597
            ],
            [
              -75.9659961,
              -9.496125
            ],
            [
              -75.9652792,
              -9.4963711
            ],
            [
              -75.9648672,
              -9.4964356
            ],
            [
              -75.9644922,
              -9.4963281
            ],
            [
              -75.9642949,
              -9.4962031
            ],
            [
              -75.9640274,
              -9.4958945
            ],
            [
              -75.9638281,
              -9.4957794
            ],
            [
              -75.9634942,
              -9.4954356
            ],
            [
              -75.9633261,
              -9.495211
            ],
            [
              -75.9629824,
              -9.4948496
            ],
            [
              -75.9627539,
              -9.4948691
            ],
            [
              -75.9622949,
              -9.494752
            ],
            [
              -75.9620059,
              -9.4947344
            ],
            [
              -75.9613945,
              -9.4948985
            ],
            [
              -75.9611211,
              -9.4950996
            ],
            [
              -75.9607166,
              -9.4952715
            ],
            [
              -75.9605176,
              -9.4952989
            ],
            [
              -75.9602656,
              -9.4952637
            ],
            [
              -75.9600292,
              -9.4950919
            ],
            [
              -75.9597851,
              -9.4947325
            ],
            [
              -75.9593574,
              -9.4947149
            ],
            [
              -75.9592051,
              -9.4946797
            ],
            [
              -75.9586406,
              -9.4943829
            ],
            [
              -75.9579766,
              -9.4939492
            ],
            [
              -75.957207,
              -9.4932559
            ],
            [
              -75.9570001,
              -9.4932382
            ],
            [
              -75.9568789,
              -9.4931836
            ],
            [
              -75.9563516,
              -9.4925801
            ],
            [
              -75.9560156,
              -9.4923829
            ],
            [
              -75.955627,
              -9.4922461
            ],
            [
              -75.9552909,
              -9.492211
            ],
            [
              -75.9550469,
              -9.4922677
            ],
            [
              -75.9548524,
              -9.4925003
            ],
            [
              -75.955106,
              -9.4932759
            ],
            [
              -75.9549436,
              -9.4939739
            ],
            [
              -75.9542851,
              -9.4945039
            ],
            [
              -75.9525449,
              -9.4958731
            ],
            [
              -75.9516757,
              -9.4961289
            ],
            [
              -75.9494941,
              -9.4961075
            ],
            [
              -75.9491582,
              -9.4961444
            ],
            [
              -75.9486914,
              -9.4962715
            ],
            [
              -75.9481271,
              -9.4964825
            ],
            [
              -75.9476855,
              -9.496582
            ],
            [
              -75.9464336,
              -9.4969922
            ],
            [
              -75.9462129,
              -9.4969219
            ],
            [
              -75.9457246,
              -9.4964785
            ],
            [
              -75.9454492,
              -9.4960996
            ],
            [
              -75.9451524,
              -9.4949805
            ],
            [
              -75.9451074,
              -9.4943829
            ],
            [
              -75.945168,
              -9.4932871
            ],
            [
              -75.945,
              -9.4928281
            ],
            [
              -75.9447636,
              -9.4925489
            ],
            [
              -75.943916,
              -9.491709
            ],
            [
              -75.943748,
              -9.4916016
            ],
            [
              -75.9434746,
              -9.4911309
            ],
            [
              -75.9433516,
              -9.4910059
            ],
            [
              -75.9432226,
              -9.4909512
            ],
            [
              -75.9428945,
              -9.4905176
            ],
            [
              -75.942916,
              -9.4903632
            ],
            [
              -75.9430469,
              -9.4902187
            ],
            [
              -75.9437871,
              -9.4899629
            ],
            [
              -75.943916,
              -9.4898905
            ],
            [
              -75.9439766,
              -9.4897831
            ],
            [
              -75.9439707,
              -9.4895919
            ],
            [
              -75.9433672,
              -9.4890781
            ],
            [
              -75.9431386,
              -9.4887812
            ],
            [
              -75.9421074,
              -9.4879336
            ],
            [
              -75.9417344,
              -9.4877617
            ],
            [
              -75.9408867,
              -9.4876836
            ],
            [
              -75.9404219,
              -9.4875586
            ],
            [
              -75.9396582,
              -9.4869726
            ],
            [
              -75.9393847,
              -9.4869922
            ],
            [
              -75.9387656,
              -9.4871836
            ],
            [
              -75.938332,
              -9.4871309
            ],
            [
              -75.937461,
              -9.4861191
            ],
            [
              -75.9369434,
              -9.4858399
            ],
            [
              -75.9361034,
              -9.4856524
            ],
            [
              -75.9355463,
              -9.4856259
            ],
            [
              -75.9347149,
              -9.4855664
            ],
            [
              -75.9345031,
              -9.4855193
            ],
            [
              -75.9344336,
              -9.4855039
            ],
            [
              -75.9343027,
              -9.4854044
            ],
            [
              -75.934127,
              -9.4853419
            ],
            [
              -75.9335254,
              -9.4852617
            ],
            [
              -75.933373,
              -9.4848731
            ],
            [
              -75.933166,
              -9.4846387
            ],
            [
              -75.9323204,
              -9.4845235
            ],
            [
              -75.9322441,
              -9.4844882
            ],
            [
              -75.9321132,
              -9.4842715
            ],
            [
              -75.9320761,
              -9.4839277
            ],
            [
              -75.9318614,
              -9.4835742
            ],
            [
              -75.9312051,
              -9.4833145
            ],
            [
              -75.9308476,
              -9.4830079
            ],
            [
              -75.930748,
              -9.4828457
            ],
            [
              -75.9306641,
              -9.4824219
            ],
            [
              -75.9304121,
              -9.4816445
            ],
            [
              -75.9302207,
              -9.4812187
            ],
            [
              -75.9301524,
              -9.4808672
            ],
            [
              -75.930207,
              -9.4803419
            ],
            [
              -75.9301524,
              -9.4801601
            ],
            [
              -75.9301445,
              -9.4798614
            ],
            [
              -75.9302207,
              -9.4793731
            ],
            [
              -75.9303047,
              -9.4791485
            ],
            [
              -75.9304961,
              -9.478957
            ],
            [
              -75.9307636,
              -9.4784141
            ],
            [
              -75.9307402,
              -9.478252
            ],
            [
              -75.9306954,
              -9.4781797
            ],
            [
              -75.9304649,
              -9.4780252
            ],
            [
              -75.9296426,
              -9.4777559
            ],
            [
              -75.9292305,
              -9.4774766
            ],
            [
              -75.9287792,
              -9.4768632
            ],
            [
              -75.9284902,
              -9.47634
            ],
            [
              -75.9283457,
              -9.4762226
            ],
            [
              -75.9277735,
              -9.4759356
            ],
            [
              -75.9273457,
              -9.4756016
            ],
            [
              -75.9270704,
              -9.4753125
            ],
            [
              -75.9262695,
              -9.4738496
            ],
            [
              -75.9259805,
              -9.4735156
            ],
            [
              -75.9256445,
              -9.4734082
            ],
            [
              -75.925172,
              -9.4734726
            ],
            [
              -75.9247891,
              -9.4734297
            ],
            [
              -75.9244844,
              -9.4732579
            ],
            [
              -75.9244237,
              -9.4731406
            ],
            [
              -75.9241036,
              -9.4728419
            ],
            [
              -75.9234922,
              -9.4726094
            ],
            [
              -75.9232949,
              -9.4724277
            ],
            [
              -75.9229355,
              -9.4722129
            ],
            [
              -75.9225469,
              -9.4718164
            ],
            [
              -75.922211,
              -9.4715899
            ],
            [
              -75.9220274,
              -9.4714101
            ],
            [
              -75.9206777,
              -9.4704825
            ],
            [
              -75.9201816,
              -9.4699766
            ],
            [
              -75.9196777,
              -9.4693007
            ],
            [
              -75.9192422,
              -9.4689297
            ],
            [
              -75.9185254,
              -9.4686152
            ],
            [
              -75.9165722,
              -9.466877
            ],
            [
              -75.914459,
              -9.4650527
            ],
            [
              -75.9133985,
              -9.4634687
            ],
            [
              -75.9081035,
              -9.4551445
            ],
            [
              -75.9072344,
              -9.4535351
            ],
            [
              -75.9053125,
              -9.4510097
            ],
            [
              -75.9037401,
              -9.447793
            ],
            [
              -75.9029844,
              -9.4467012
            ],
            [
              -75.9014746,
              -9.4449805
            ],
            [
              -75.8978204,
              -9.442455
            ],
            [
              -75.8960722,
              -9.4407305
            ],
            [
              -75.8947364,
              -9.4386641
            ],
            [
              -75.8936836,
              -9.4356191
            ],
            [
              -75.8924024,
              -9.4331524
            ],
            [
              -75.8908926,
              -9.4314297
            ],
            [
              -75.8867715,
              -9.4277597
            ],
            [
              -75.8841016,
              -9.4257481
            ],
            [
              -75.8833457,
              -9.4253437
            ],
            [
              -75.8815527,
              -9.425293
            ],
            [
              -75.878541,
              -9.4246132
            ],
            [
              -75.8774336,
              -9.4240919
            ],
            [
              -75.8761602,
              -9.4231191
            ],
            [
              -75.8754042,
              -9.4232931
            ],
            [
              -75.8745351,
              -9.4231857
            ],
            [
              -75.8707656,
              -9.4215215
            ],
            [
              -75.8701875,
              -9.421416
            ],
            [
              -75.8672324,
              -9.4217031
            ],
            [
              -75.8643945,
              -9.4230937
            ],
            [
              -75.8637539,
              -9.4230195
            ],
            [
              -75.8633417,
              -9.4228397
            ],
            [
              -75.8627695,
              -9.4227969
            ],
            [
              -75.8622735,
              -9.4226172
            ],
            [
              -75.8616797,
              -9.4225724
            ],
            [
              -75.8614511,
              -9.4226641
            ],
            [
              -75.8605645,
              -9.4232812
            ],
            [
              -75.860252,
              -9.4234531
            ],
            [
              -75.8591309,
              -9.4237012
            ],
            [
              -75.8587266,
              -9.4239004
            ],
            [
              -75.8585274,
              -9.4239551
            ],
            [
              -75.8578789,
              -9.4244902
            ],
            [
              -75.8576132,
              -9.4246172
            ],
            [
              -75.8571777,
              -9.4247362
            ],
            [
              -75.8567969,
              -9.4251075
            ],
            [
              -75.8561485,
              -9.4254902
            ],
            [
              -75.8545684,
              -9.425918
            ],
            [
              -75.8531347,
              -9.4263829
            ],
            [
              -75.8526386,
              -9.4263847
            ],
            [
              -75.8523711,
              -9.4263027
            ],
            [
              -75.8521152,
              -9.4261132
            ],
            [
              -75.8517226,
              -9.4258985
            ],
            [
              -75.8506309,
              -9.4250586
            ],
            [
              -75.8493125,
              -9.4246641
            ],
            [
              -75.8484726,
              -9.4240781
            ],
            [
              -75.8481132,
              -9.4239454
            ],
            [
              -75.8475489,
              -9.4234941
            ],
            [
              -75.847336,
              -9.4234121
            ],
            [
              -75.8463204,
              -9.422465
            ],
            [
              -75.8458632,
              -9.421916
            ],
            [
              -75.845498,
              -9.4213379
            ],
            [
              -75.8451914,
              -9.4210117
            ],
            [
              -75.8437735,
              -9.4209336
            ],
            [
              -75.8434297,
              -9.420836
            ],
            [
              -75.8431172,
              -9.4206465
            ],
            [
              -75.8427051,
              -9.4199961
            ],
            [
              -75.8426055,
              -9.419707
            ],
            [
              -75.8424531,
              -9.4194902
            ],
            [
              -75.8417735,
              -9.4189121
            ],
            [
              -75.8415079,
              -9.4186231
            ],
            [
              -75.8412852,
              -9.4181641
            ],
            [
              -75.8411251,
              -9.4176562
            ],
            [
              -75.8409042,
              -9.4171231
            ],
            [
              -75.8403847,
              -9.4166465
            ],
            [
              -75.8391504,
              -9.4159434
            ],
            [
              -75.8382187,
              -9.414715
            ],
            [
              -75.8378829,
              -9.4144726
            ],
            [
              -75.8371504,
              -9.4134336
            ],
            [
              -75.8370136,
              -9.4130722
            ],
            [
              -75.8369297,
              -9.411625
            ],
            [
              -75.8367226,
              -9.4110391
            ],
            [
              -75.8361504,
              -9.4103535
            ],
            [
              -75.8355097,
              -9.4098829
            ],
            [
              -75.8349375,
              -9.4096309
            ],
            [
              -75.8345176,
              -9.4093439
            ],
            [
              -75.8340371,
              -9.408711
            ],
            [
              -75.8327715,
              -9.4077735
            ],
            [
              -75.8326562,
              -9.4076114
            ],
            [
              -75.8321991,
              -9.4066717
            ],
            [
              -75.8316954,
              -9.4064922
            ],
            [
              -75.8305507,
              -9.4064121
            ],
            [
              -75.8297891,
              -9.4062715
            ],
            [
              -75.829582,
              -9.4061797
            ],
            [
              -75.829041,
              -9.4058204
            ],
            [
              -75.8281016,
              -9.4048807
            ],
            [
              -75.8275917,
              -9.4040957
            ],
            [
              -75.8274922,
              -9.4038516
            ],
            [
              -75.827248,
              -9.4036075
            ],
            [
              -75.8269884,
              -9.4035
            ],
            [
              -75.8263475,
              -9.4035937
            ],
            [
              -75.8259277,
              -9.4034669
            ],
            [
              -75.8257832,
              -9.4031974
            ],
            [
              -75.8256152,
              -9.4024454
            ],
            [
              -75.825248,
              -9.4019766
            ],
            [
              -75.825127,
              -9.4017695
            ],
            [
              -75.8245996,
              -9.4014531
            ],
            [
              -75.824082,
              -9.4010566
            ],
            [
              -75.8233867,
              -9.4006972
            ],
            [
              -75.8229902,
              -9.4004179
            ],
            [
              -75.8229297,
              -9.4003262
            ],
            [
              -75.8226699,
              -9.3994414
            ],
            [
              -75.8223105,
              -9.3993066
            ],
            [
              -75.8217246,
              -9.3993437
            ],
            [
              -75.8214805,
              -9.3992989
            ],
            [
              -75.820869,
              -9.3989297
            ],
            [
              -75.8207774,
              -9.3987754
            ],
            [
              -75.8206855,
              -9.3981075
            ],
            [
              -75.8207011,
              -9.3972579
            ],
            [
              -75.8205566,
              -9.396832
            ],
            [
              -75.820373,
              -9.3966347
            ],
            [
              -75.8200527,
              -9.3964355
            ],
            [
              -75.8195722,
              -9.3962285
            ],
            [
              -75.8190391,
              -9.3958945
            ],
            [
              -75.8180235,
              -9.3954356
            ],
            [
              -75.8178555,
              -9.395293
            ],
            [
              -75.8177422,
              -9.395002
            ],
            [
              -75.8175957,
              -9.3948049
            ],
            [
              -75.8173829,
              -9.3941992
            ],
            [
              -75.8171777,
              -9.3937735
            ],
            [
              -75.8169785,
              -9.3936211
            ],
            [
              -75.8161621,
              -9.3932169
            ],
            [
              -75.8159707,
              -9.3930176
            ],
            [
              -75.81575,
              -9.3925371
            ],
            [
              -75.8156211,
              -9.3927656
            ],
            [
              -75.8151329,
              -9.3930919
            ],
            [
              -75.8141934,
              -9.393375
            ],
            [
              -75.8134004,
              -9.3938281
            ],
            [
              -75.8130332,
              -9.3938652
            ],
            [
              -75.8129199,
              -9.3937381
            ],
            [
              -75.8129044,
              -9.3932226
            ],
            [
              -75.8125235,
              -9.3925097
            ],
            [
              -75.812416,
              -9.3921309
            ],
            [
              -75.8122167,
              -9.3919141
            ],
            [
              -75.8111719,
              -9.3912656
            ],
            [
              -75.8107597,
              -9.3911485
            ],
            [
              -75.8097617,
              -9.3909882
            ],
            [
              -75.8093497,
              -9.3909981
            ],
            [
              -75.8088301,
              -9.391125
            ],
            [
              -75.8085332,
              -9.3913887
            ],
            [
              -75.808082,
              -9.3919961
            ],
            [
              -75.8074492,
              -9.3926836
            ],
            [
              -75.8067812,
              -9.3931094
            ],
            [
              -75.8061347,
              -9.3934336
            ],
            [
              -75.8046562,
              -9.3939297
            ],
            [
              -75.8042676,
              -9.3939492
            ],
            [
              -75.8035899,
              -9.393832
            ],
            [
              -75.8029395,
              -9.3938887
            ],
            [
              -75.8021465,
              -9.3943244
            ],
            [
              -75.8010704,
              -9.3951406
            ],
            [
              -75.8006895,
              -9.3958555
            ],
            [
              -75.8005605,
              -9.397086
            ],
            [
              -75.800582,
              -9.3978555
            ],
            [
              -75.800498,
              -9.3981719
            ],
            [
              -75.799957,
              -9.3989512
            ],
            [
              -75.7994239,
              -9.3994316
            ],
            [
              -75.7991797,
              -9.3997656
            ],
            [
              -75.798043,
              -9.4005469
            ],
            [
              -75.7976992,
              -9.4005391
            ],
            [
              -75.797584,
              -9.4004297
            ],
            [
              -75.7974785,
              -9.3990195
            ],
            [
              -75.7974082,
              -9.398793
            ],
            [
              -75.7969199,
              -9.3981895
            ],
            [
              -75.7967676,
              -9.3980801
            ],
            [
              -75.7965391,
              -9.3980176
            ],
            [
              -75.7963184,
              -9.3979629
            ],
            [
              -75.7959511,
              -9.3980294
            ],
            [
              -75.7955625,
              -9.3982461
            ],
            [
              -75.7947382,
              -9.3988535
            ],
            [
              -75.7941309,
              -9.3990899
            ],
            [
              -75.793625,
              -9.399291
            ],
            [
              -75.7930449,
              -9.399707
            ],
            [
              -75.7924277,
              -9.4005586
            ],
            [
              -75.7916562,
              -9.4010859
            ],
            [
              -75.7898867,
              -9.4016329
            ],
            [
              -75.7891994,
              -9.4020039
            ],
            [
              -75.7887579,
              -9.4023399
            ],
            [
              -75.7885585,
              -9.4024395
            ],
            [
              -75.7884454,
              -9.402586
            ],
            [
              -75.7876426,
              -9.4031836
            ],
            [
              -75.7874219,
              -9.403293
            ],
            [
              -75.7869042,
              -9.4037461
            ],
            [
              -75.7865761,
              -9.4041797
            ],
            [
              -75.7856836,
              -9.4050879
            ],
            [
              -75.7855235,
              -9.405332
            ],
            [
              -75.7853555,
              -9.4057656
            ],
            [
              -75.784752,
              -9.4069707
            ],
            [
              -75.7846367,
              -9.408002
            ],
            [
              -75.784668,
              -9.4084627
            ],
            [
              -75.7848047,
              -9.4088145
            ],
            [
              -75.7847969,
              -9.4092305
            ],
            [
              -75.7846367,
              -9.4095664
            ],
            [
              -75.7845391,
              -9.4096836
            ],
            [
              -75.7844472,
              -9.410787
            ],
            [
              -75.7842715,
              -9.4113847
            ],
            [
              -75.7840117,
              -9.4118829
            ],
            [
              -75.7839511,
              -9.412
            ],
            [
              -75.7838066,
              -9.4127597
            ],
            [
              -75.7835469,
              -9.4136757
            ],
            [
              -75.7836757,
              -9.4138632
            ],
            [
              -75.7840645,
              -9.4141895
            ],
            [
              -75.7845527,
              -9.4150117
            ],
            [
              -75.7847832,
              -9.4161601
            ],
            [
              -75.7850879,
              -9.4172344
            ],
            [
              -75.7855156,
              -9.4181211
            ],
            [
              -75.7857521,
              -9.4185079
            ],
            [
              -75.7860039,
              -9.418752
            ],
            [
              -75.7861562,
              -9.4188242
            ],
            [
              -75.7862851,
              -9.4189864
            ],
            [
              -75.7864766,
              -9.4195566
            ],
            [
              -75.7864844,
              -9.4197111
            ],
            [
              -75.7863242,
              -9.4202891
            ],
            [
              -75.7859961,
              -9.4207422
            ],
            [
              -75.7857597,
              -9.4213399
            ],
            [
              -75.7859492,
              -9.4221524
            ],
            [
              -75.7858965,
              -9.422668
            ],
            [
              -75.7857441,
              -9.4233007
            ],
            [
              -75.785957,
              -9.4241075
            ],
            [
              -75.7861094,
              -9.4244044
            ],
            [
              -75.7867129,
              -9.425045
            ],
            [
              -75.7877735,
              -9.4265001
            ],
            [
              -75.788002,
              -9.4265802
            ],
            [
              -75.7883145,
              -9.4269492
            ],
            [
              -75.7886426,
              -9.4274551
            ],
            [
              -75.7889862,
              -9.4282226
            ],
            [
              -75.7894746,
              -9.4286387
            ],
            [
              -75.7900312,
              -9.428836
            ],
            [
              -75.7904355,
              -9.429125
            ],
            [
              -75.7907266,
              -9.4294864
            ],
            [
              -75.7908555,
              -9.4298106
            ],
            [
              -75.7908242,
              -9.430002
            ],
            [
              -75.7906875,
              -9.4302461
            ],
            [
              -75.7895957,
              -9.4305742
            ],
            [
              -75.7894141,
              -9.4308007
            ],
            [
              -75.789254,
              -9.4309825
            ],
            [
              -75.7890781,
              -9.4314434
            ],
            [
              -75.7890469,
              -9.431832
            ],
            [
              -75.7892226,
              -9.4327187
            ],
            [
              -75.7893672,
              -9.4330704
            ],
            [
              -75.789582,
              -9.4339472
            ],
            [
              -75.7896191,
              -9.4349062
            ],
            [
              -75.7897422,
              -9.4355391
            ],
            [
              -75.7898789,
              -9.437211
            ],
            [
              -75.7900391,
              -9.4380079
            ],
            [
              -75.7903066,
              -9.4385039
            ],
            [
              -75.7904434,
              -9.4389922
            ],
            [
              -75.7906035,
              -9.4401934
            ],
            [
              -75.7905586,
              -9.4405391
            ],
            [
              -75.7904746,
              -9.4408007
            ],
            [
              -75.7902597,
              -9.4411895
            ],
            [
              -75.7899785,
              -9.4415625
            ],
            [
              -75.7898632,
              -9.4418242
            ],
            [
              -75.7897792,
              -9.4423847
            ],
            [
              -75.7893457,
              -9.4439961
            ],
            [
              -75.7893985,
              -9.4444746
            ],
            [
              -75.7894667,
              -9.4446562
            ],
            [
              -75.7896347,
              -9.444918
            ],
            [
              -75.7899239,
              -9.4450976
            ],
            [
              -75.790207,
              -9.4456485
            ],
            [
              -75.7904667,
              -9.4459922
            ],
            [
              -75.790748,
              -9.4464981
            ],
            [
              -75.7908242,
              -9.4470586
            ],
            [
              -75.7907031,
              -9.4473847
            ],
            [
              -75.7904434,
              -9.447746
            ],
            [
              -75.7904277,
              -9.4480547
            ],
            [
              -75.7906427,
              -9.4481992
            ],
            [
              -75.7913965,
              -9.448377
            ],
            [
              -75.7917559,
              -9.4485214
            ],
            [
              -75.7917871,
              -9.4488027
            ],
            [
              -75.7917324,
              -9.449
            ],
            [
              -75.7915195,
              -9.4493086
            ],
            [
              -75.7907715,
              -9.4500059
            ],
            [
              -75.7907324,
              -9.4501152
            ],
            [
              -75.7907871,
              -9.4506406
            ],
            [
              -75.7910391,
              -9.4509472
            ],
            [
              -75.7914649,
              -9.451209
            ],
            [
              -75.7915489,
              -9.4514707
            ],
            [
              -75.7915274,
              -9.4516329
            ],
            [
              -75.7908242,
              -9.4526934
            ],
            [
              -75.7897715,
              -9.4536719
            ],
            [
              -75.7895195,
              -9.4539082
            ],
            [
              -75.7892617,
              -9.4542169
            ],
            [
              -75.7890936,
              -9.4546231
            ],
            [
              -75.7890704,
              -9.4548945
            ],
            [
              -75.7891152,
              -9.4550664
            ],
            [
              -75.789498,
              -9.455625
            ],
            [
              -75.7897559,
              -9.4564669
            ],
            [
              -75.7898711,
              -9.4566934
            ],
            [
              -75.7904511,
              -9.4574512
            ],
            [
              -75.7906347,
              -9.457586
            ],
            [
              -75.7910079,
              -9.4580645
            ],
            [
              -75.7913672,
              -9.458209
            ],
            [
              -75.791459,
              -9.4583711
            ],
            [
              -75.7915566,
              -9.4589044
            ],
            [
              -75.7915117,
              -9.4591582
            ],
            [
              -75.7914961,
              -9.4597266
            ],
            [
              -75.7914199,
              -9.4601172
            ],
            [
              -75.7914042,
              -9.4607326
            ],
            [
              -75.7917402,
              -9.4613184
            ],
            [
              -75.791953,
              -9.46225
            ],
            [
              -75.7919239,
              -9.46292
            ],
            [
              -75.7917559,
              -9.4634805
            ],
            [
              -75.7913965,
              -9.4640059
            ],
            [
              -75.7910469,
              -9.4652187
            ],
            [
              -75.7907266,
              -9.4660059
            ],
            [
              -75.790207,
              -9.4665684
            ],
            [
              -75.7895664,
              -9.4669141
            ],
            [
              -75.7893906,
              -9.4671309
            ],
            [
              -75.7892149,
              -9.4672402
            ],
            [
              -75.7882226,
              -9.4686171
            ],
            [
              -75.7880625,
              -9.4688965
            ],
            [
              -75.7874901,
              -9.4695039
            ],
            [
              -75.7874454,
              -9.4696857
            ],
            [
              -75.7874901,
              -9.4698575
            ],
            [
              -75.788041,
              -9.470336
            ],
            [
              -75.788125,
              -9.4704785
            ],
            [
              -75.7881386,
              -9.4706777
            ],
            [
              -75.788002,
              -9.4710957
            ],
            [
              -75.7874901,
              -9.4716211
            ],
            [
              -75.78675,
              -9.4725899
            ],
            [
              -75.7861485,
              -9.4738204
            ],
            [
              -75.7861329,
              -9.4738301
            ],
            [
              -75.7858574,
              -9.4739669
            ],
            [
              -75.7853007,
              -9.4740664
            ],
            [
              -75.7846152,
              -9.474377
            ],
            [
              -75.7844316,
              -9.4745039
            ],
            [
              -75.7843555,
              -9.4748204
            ],
            [
              -75.7843711,
              -9.4753164
            ],
            [
              -75.7848439,
              -9.4761934
            ],
            [
              -75.7849355,
              -9.4764551
            ],
            [
              -75.7849726,
              -9.4769531
            ],
            [
              -75.785248,
              -9.4781465
            ],
            [
              -75.7852636,
              -9.4786172
            ],
            [
              -75.7850801,
              -9.4788887
            ],
            [
              -75.784623,
              -9.4792325
            ],
            [
              -75.7844766,
              -9.4796035
            ],
            [
              -75.7840879,
              -9.4802461
            ],
            [
              -75.7832947,
              -9.4820664
            ],
            [
              -75.7825995,
              -9.483959
            ],
            [
              -75.782418,
              -9.4842851
            ],
            [
              -75.7824316,
              -9.4848535
            ],
            [
              -75.7824316,
              -9.4850625
            ],
            [
              -75.7825995,
              -9.4863007
            ],
            [
              -75.7825995,
              -9.4867794
            ],
            [
              -75.7824707,
              -9.4870527
            ],
            [
              -75.7818301,
              -9.4869356
            ],
            [
              -75.7808691,
              -9.4874902
            ],
            [
              -75.7806699,
              -9.4878965
            ],
            [
              -75.7805704,
              -9.4883496
            ],
            [
              -75.7801895,
              -9.489463
            ],
            [
              -75.7799687,
              -9.4899785
            ],
            [
              -75.7797401,
              -9.4903145
            ],
            [
              -75.7795176,
              -9.4903691
            ],
            [
              -75.779457,
              -9.4904767
            ],
            [
              -75.7790917,
              -9.4907226
            ],
            [
              -75.778168,
              -9.4907325
            ],
            [
              -75.7777031,
              -9.4908515
            ],
            [
              -75.7775879,
              -9.4909336
            ],
            [
              -75.7776114,
              -9.4911504
            ],
            [
              -75.777916,
              -9.4916739
            ],
            [
              -75.7781601,
              -9.4918184
            ],
            [
              -75.778373,
              -9.4920996
            ],
            [
              -75.7784277,
              -9.4923887
            ],
            [
              -75.7783594,
              -9.492832
            ],
            [
              -75.778373,
              -9.4930117
            ],
            [
              -75.7787402,
              -9.4937441
            ],
            [
              -75.779045,
              -9.4940957
            ],
            [
              -75.7790527,
              -9.4944746
            ],
            [
              -75.7789004,
              -9.4949101
            ],
            [
              -75.7788535,
              -9.49567
            ],
            [
              -75.7786562,
              -9.4960957
            ],
            [
              -75.7784277,
              -9.4963125
            ],
            [
              -75.778168,
              -9.4967832
            ],
            [
              -75.7781366,
              -9.4974882
            ],
            [
              -75.7778086,
              -9.4981055
            ],
            [
              -75.7773887,
              -9.4984941
            ],
            [
              -75.7767031,
              -9.498957
            ],
            [
              -75.7761992,
              -9.49942
            ],
            [
              -75.7774434,
              -9.5006094
            ],
            [
              -75.7776621,
              -9.501088
            ],
            [
              -75.7778399,
              -9.5017812
            ],
            [
              -75.7779414,
              -9.5028222
            ],
            [
              -75.7782774,
              -9.5042207
            ],
            [
              -75.7782539,
              -9.5048476
            ],
            [
              -75.777961,
              -9.5058906
            ],
            [
              -75.7778809,
              -9.5064629
            ],
            [
              -75.7779414,
              -9.5068614
            ],
            [
              -75.7781875,
              -9.5075371
            ],
            [
              -75.7782051,
              -9.5079219
            ],
            [
              -75.7780605,
              -9.5082031
            ],
            [
              -75.7777305,
              -9.5085039
            ],
            [
              -75.7767579,
              -9.5090294
            ],
            [
              -75.7754824,
              -9.5095704
            ],
            [
              -75.7753242,
              -9.5098184
            ],
            [
              -75.7753281,
              -9.5099882
            ],
            [
              -75.7764316,
              -9.5110391
            ],
            [
              -75.776123,
              -9.5125097
            ],
            [
              -75.7762285,
              -9.5129864
            ],
            [
              -75.7765312,
              -9.5134337
            ],
            [
              -75.776668,
              -9.5138222
            ],
            [
              -75.7767656,
              -9.515543
            ],
            [
              -75.7767344,
              -9.5158222
            ],
            [
              -75.7765079,
              -9.516459
            ],
            [
              -75.7762402,
              -9.5167149
            ],
            [
              -75.775457,
              -9.5171621
            ],
            [
              -75.7752949,
              -9.5173399
            ],
            [
              -75.7752695,
              -9.517586
            ],
            [
              -75.7753691,
              -9.5178301
            ],
            [
              -75.7758047,
              -9.5181445
            ],
            [
              -75.7759004,
              -9.5185662
            ],
            [
              -75.7757285,
              -9.5193242
            ],
            [
              -75.775498,
              -9.5198614
            ],
            [
              -75.7757715,
              -9.521834
            ],
            [
              -75.7757129,
              -9.5225294
            ],
            [
              -75.7755292,
              -9.5232051
            ],
            [
              -75.7750547,
              -9.5239004
            ],
            [
              -75.7746914,
              -9.5246231
            ],
            [
              -75.7745546,
              -9.5247891
            ],
            [
              -75.773959,
              -9.5255079
            ],
            [
              -75.7736466,
              -9.5257695
            ],
            [
              -75.7733105,
              -9.5258809
            ],
            [
              -75.7727109,
              -9.5259649
            ],
            [
              -75.772578,
              -9.5259844
            ],
            [
              -75.7719785,
              -9.5263652
            ],
            [
              -75.7717949,
              -9.5268281
            ],
            [
              -75.7718086,
              -9.5280391
            ],
            [
              -75.7717031,
              -9.5284902
            ],
            [
              -75.7711934,
              -9.5289082
            ],
            [
              -75.7709882,
              -9.5290351
            ],
            [
              -75.7701914,
              -9.5294864
            ],
            [
              -75.7701074,
              -9.5297481
            ],
            [
              -75.7701699,
              -9.5305294
            ],
            [
              -75.7700195,
              -9.5308007
            ],
            [
              -75.7692579,
              -9.5313126
            ],
            [
              -75.7684961,
              -9.5315351
            ],
            [
              -75.7677969,
              -9.5318164
            ],
            [
              -75.7675235,
              -9.532002
            ],
            [
              -75.767082,
              -9.5324257
            ],
            [
              -75.7669375,
              -9.5326524
            ],
            [
              -75.7668965,
              -9.5328516
            ],
            [
              -75.766959,
              -9.5348204
            ],
            [
              -75.766912,
              -9.5349844
            ],
            [
              -75.7666875,
              -9.53525
            ],
            [
              -75.7658242,
              -9.5356035
            ],
            [
              -75.7649687,
              -9.5356132
            ],
            [
              -75.7648145,
              -9.5356172
            ],
            [
              -75.7638222,
              -9.5359492
            ],
            [
              -75.7635156,
              -9.5361562
            ],
            [
              -75.7632989,
              -9.5363027
            ],
            [
              -75.762793,
              -9.5363847
            ],
            [
              -75.7623261,
              -9.5361777
            ],
            [
              -75.7619864,
              -9.536209
            ],
            [
              -75.7617246,
              -9.5367579
            ],
            [
              -75.7614649,
              -9.53767
            ],
            [
              -75.7607382,
              -9.5387891
            ],
            [
              -75.7604824,
              -9.5397637
            ],
            [
              -75.7598125,
              -9.5404004
            ],
            [
              -75.759625,
              -9.5406856
            ],
            [
              -75.7575781,
              -9.5431055
            ],
            [
              -75.7566954,
              -9.543627
            ],
            [
              -75.756082,
              -9.5441389
            ],
            [
              -75.7553027,
              -9.5446504
            ],
            [
              -75.7551544,
              -9.5448301
            ],
            [
              -75.7551094,
              -9.5451641
            ],
            [
              -75.7552774,
              -9.5457695
            ],
            [
              -75.7553125,
              -9.5461544
            ],
            [
              -75.7548281,
              -9.5470645
            ],
            [
              -75.7544589,
              -9.5477597
            ],
            [
              -75.7542011,
              -9.5479884
            ],
            [
              -75.7537735,
              -9.5483652
            ],
            [
              -75.7537011,
              -9.5485117
            ],
            [
              -75.7538496,
              -9.5487637
            ],
            [
              -75.7544864,
              -9.549082
            ],
            [
              -75.7549492,
              -9.5494941
            ],
            [
              -75.7551757,
              -9.5497676
            ],
            [
              -75.7553535,
              -9.5503476
            ],
            [
              -75.755332,
              -9.5504257
            ],
            [
              -75.7556601,
              -9.5507715
            ],
            [
              -75.7562539,
              -9.5522989
            ],
            [
              -75.7568614,
              -9.553168
            ],
            [
              -75.7570215,
              -9.5535371
            ],
            [
              -75.757,
              -9.5539239
            ],
            [
              -75.7568614,
              -9.5541641
            ],
            [
              -75.7567559,
              -9.5549219
            ],
            [
              -75.7568242,
              -9.555334
            ],
            [
              -75.757127,
              -9.5561075
            ],
            [
              -75.7571426,
              -9.556377
            ],
            [
              -75.7569805,
              -9.5566329
            ],
            [
              -75.7565879,
              -9.5569687
            ],
            [
              -75.756498,
              -9.5578145
            ],
            [
              -75.7564004,
              -9.5578965
            ],
            [
              -75.7560254,
              -9.5587226
            ],
            [
              -75.7557167,
              -9.5591641
            ],
            [
              -75.7555781,
              -9.5594902
            ],
            [
              -75.755711,
              -9.5597617
            ],
            [
              -75.7562246,
              -9.5600704
            ],
            [
              -75.7563632,
              -9.5603829
            ],
            [
              -75.756375,
              -9.5605664
            ],
            [
              -75.7562011,
              -9.5612226
            ],
            [
              -75.7561972,
              -9.5615117
            ],
            [
              -75.7563867,
              -9.5621114
            ],
            [
              -75.7568457,
              -9.5628184
            ],
            [
              -75.7567831,
              -9.5637656
            ],
            [
              -75.7569922,
              -9.5652871
            ],
            [
              -75.7566777,
              -9.5656152
            ],
            [
              -75.7564141,
              -9.5657169
            ],
            [
              -75.7558965,
              -9.5661914
            ],
            [
              -75.7559864,
              -9.56717
            ],
            [
              -75.7557832,
              -9.5682402
            ],
            [
              -75.7556465,
              -9.5685781
            ],
            [
              -75.7551562,
              -9.5689101
            ],
            [
              -75.7545547,
              -9.5699336
            ],
            [
              -75.7539941,
              -9.5703945
            ],
            [
              -75.7535547,
              -9.5709375
            ],
            [
              -75.7530996,
              -9.5713281
            ],
            [
              -75.7530489,
              -9.5716582
            ],
            [
              -75.7531502,
              -9.5723204
            ],
            [
              -75.753127,
              -9.5727325
            ],
            [
              -75.7532207,
              -9.572957
            ],
            [
              -75.7539004,
              -9.5736231
            ],
            [
              -75.7539004,
              -9.5741094
            ],
            [
              -75.7538301,
              -9.5743242
            ],
            [
              -75.7535215,
              -9.5747579
            ],
            [
              -75.7532207,
              -9.575459
            ],
            [
              -75.7528516,
              -9.5758496
            ],
            [
              -75.7523125,
              -9.5761347
            ],
            [
              -75.7522051,
              -9.5762422
            ],
            [
              -75.7521816,
              -9.5772481
            ],
            [
              -75.7520976,
              -9.5777422
            ],
            [
              -75.7518222,
              -9.5817559
            ],
            [
              -75.7518222,
              -9.5849141
            ],
            [
              -75.7503652,
              -9.5883027
            ],
            [
              -75.7492969,
              -9.5911954
            ],
            [
              -75.7482325,
              -9.593168
            ],
            [
              -75.7471972,
              -9.5941562
            ],
            [
              -75.7462989,
              -9.5946582
            ],
            [
              -75.7457851,
              -9.5949689
            ],
            [
              -75.7456719,
              -9.5951329
            ],
            [
              -75.7453496,
              -9.5954044
            ],
            [
              -75.7448261,
              -9.5955254
            ],
            [
              -75.7443007,
              -9.5960116
            ],
            [
              -75.7435546,
              -9.5966777
            ],
            [
              -75.7430489,
              -9.5971211
            ],
            [
              -75.7430292,
              -9.5974395
            ],
            [
              -75.7429239,
              -9.5983262
            ],
            [
              -75.7428399,
              -9.5998242
            ],
            [
              -75.7424805,
              -9.6010469
            ],
            [
              -75.7422715,
              -9.602207
            ],
            [
              -75.7418066,
              -9.6031972
            ],
            [
              -75.7411114,
              -9.6042305
            ],
            [
              -75.740211,
              -9.6055156
            ],
            [
              -75.7383652,
              -9.6081601
            ],
            [
              -75.7371524,
              -9.6093672
            ],
            [
              -75.7357715,
              -9.610291
            ],
            [
              -75.7349004,
              -9.6110976
            ],
            [
              -75.7330547,
              -9.6121329
            ],
            [
              -75.731498,
              -9.6136836
            ],
            [
              -75.7297597,
              -9.6150079
            ],
            [
              -75.728668,
              -9.6154707
            ],
            [
              -75.7279121,
              -9.6155254
            ],
            [
              -75.7252499,
              -9.616336
            ],
            [
              -75.723748,
              -9.6165762
            ],
            [
              -75.7233437,
              -9.6168029
            ],
            [
              -75.7228242,
              -9.6168029
            ],
            [
              -75.7219627,
              -9.6172032
            ],
            [
              -75.721252,
              -9.6175079
            ],
            [
              -75.720918,
              -9.6171094
            ],
            [
              -75.7203066,
              -9.6168379
            ],
            [
              -75.7197461,
              -9.6166114
            ],
            [
              -75.7184824,
              -9.6159531
            ],
            [
              -75.7179649,
              -9.6156114
            ],
            [
              -75.7165136,
              -9.6140586
            ],
            [
              -75.7161095,
              -9.6137794
            ],
            [
              -75.7147754,
              -9.613375
            ],
            [
              -75.7138829,
              -9.6125001
            ],
            [
              -75.7138516,
              -9.6124629
            ],
            [
              -75.7130957,
              -9.6105645
            ],
            [
              -75.7129766,
              -9.6098242
            ],
            [
              -75.7130897,
              -9.6070117
            ],
            [
              -75.7126777,
              -9.6056289
            ],
            [
              -75.7125546,
              -9.6036757
            ],
            [
              -75.7109297,
              -9.5995469
            ],
            [
              -75.7102891,
              -9.59742
            ],
            [
              -75.7097695,
              -9.596627
            ],
            [
              -75.706293,
              -9.5930156
            ],
            [
              -75.7046055,
              -9.5910117
            ],
            [
              -75.7039101,
              -9.5899725
            ],
            [
              -75.7031562,
              -9.5882539
            ],
            [
              -75.7007226,
              -9.5843535
            ],
            [
              -75.6999766,
              -9.5825685
            ],
            [
              -75.6995722,
              -9.5815586
            ],
            [
              -75.6990079,
              -9.5804082
            ],
            [
              -75.6983417,
              -9.5796211
            ],
            [
              -75.6976955,
              -9.5791367
            ],
            [
              -75.6962617,
              -9.578793
            ],
            [
              -75.6952129,
              -9.5790566
            ],
            [
              -75.694041,
              -9.5791972
            ],
            [
              -75.6930722,
              -9.5790762
            ],
            [
              -75.6925489,
              -9.5788945
            ],
            [
              -75.691256,
              -9.5785507
            ],
            [
              -75.6904492,
              -9.5784101
            ],
            [
              -75.6886524,
              -9.5782481
            ],
            [
              -75.6877851,
              -9.5778457
            ],
            [
              -75.6870176,
              -9.5773809
            ],
            [
              -75.6853711,
              -9.5750331
            ],
            [
              -75.681373,
              -9.5710801
            ],
            [
              -75.6803886,
              -9.5697597
            ],
            [
              -75.6795722,
              -9.5681524
            ],
            [
              -75.6790547,
              -9.5670039
            ],
            [
              -75.6781152,
              -9.5638496
            ],
            [
              -75.6775899,
              -9.5600606
            ],
            [
              -75.6776954,
              -9.5549512
            ],
            [
              -75.6784355,
              -9.5471992
            ],
            [
              -75.6781992,
              -9.5442149
            ],
            [
              -75.6777266,
              -9.5419726
            ],
            [
              -75.676918,
              -9.5394512
            ],
            [
              -75.6752774,
              -9.5309629
            ],
            [
              -75.6734766,
              -9.5263162
            ],
            [
              -75.6724316,
              -9.5229277
            ],
            [
              -75.6720195,
              -9.5207481
            ],
            [
              -75.6717226,
              -9.5173027
            ],
            [
              -75.6706152,
              -9.514375
            ],
            [
              -75.6692422,
              -9.5113867
            ],
            [
              -75.668957,
              -9.5100371
            ],
            [
              -75.668748,
              -9.5095937
            ],
            [
              -75.6681914,
              -9.5088262
            ],
            [
              -75.667586,
              -9.5079434
            ],
            [
              -75.6653985,
              -9.504916
            ],
            [
              -75.663711,
              -9.5020506
            ],
            [
              -75.6630781,
              -9.5015274
            ],
            [
              -75.6622031,
              -9.5010586
            ],
            [
              -75.6612559,
              -9.5006289
            ],
            [
              -75.6609395,
              -9.5003691
            ],
            [
              -75.6609395,
              -9.4997382
            ],
            [
              -75.6610254,
              -9.4990781
            ],
            [
              -75.6615704,
              -9.4981309
            ],
            [
              -75.6618301,
              -9.4974141
            ],
            [
              -75.6618866,
              -9.4966954
            ],
            [
              -75.6616289,
              -9.496207
            ],
            [
              -75.6610547,
              -9.4951739
            ],
            [
              -75.6608242,
              -9.4944277
            ],
            [
              -75.6607969,
              -9.4935391
            ],
            [
              -75.6603087,
              -9.493166
            ],
            [
              -75.6595625,
              -9.4929062
            ],
            [
              -75.6581836,
              -9.4923906
            ],
            [
              -75.6574024,
              -9.4920059
            ],
            [
              -75.6558379,
              -9.4902812
            ],
            [
              -75.6547851,
              -9.4874082
            ],
            [
              -75.6535039,
              -9.4827441
            ],
            [
              -75.6526875,
              -9.4805645
            ],
            [
              -75.6514121,
              -9.4781524
            ],
            [
              -75.649086,
              -9.4740137
            ],
            [
              -75.6441426,
              -9.4665976
            ],
            [
              -75.6410682,
              -9.4616016
            ],
            [
              -75.6363614,
              -9.4551075
            ],
            [
              -75.6336309,
              -9.450166
            ],
            [
              -75.6325235,
              -9.4476347
            ],
            [
              -75.6313535,
              -9.443666
            ],
            [
              -75.6298985,
              -9.4371114
            ],
            [
              -75.6297754,
              -9.4346972
            ],
            [
              -75.6300586,
              -9.4332597
            ],
            [
              -75.6300586,
              -9.4307812
            ],
            [
              -75.6287149,
              -9.4261796
            ],
            [
              -75.6277774,
              -9.4212344
            ],
            [
              -75.6277167,
              -9.4192812
            ],
            [
              -75.6278906,
              -9.4183575
            ],
            [
              -75.6286386,
              -9.4165742
            ],
            [
              -75.6291502,
              -9.4109395
            ],
            [
              -75.6294941,
              -9.4095
            ],
            [
              -75.6293184,
              -9.4075391
            ],
            [
              -75.6276875,
              -9.4031094
            ],
            [
              -75.6278614,
              -9.4001797
            ],
            [
              -75.6272207,
              -9.3989669
            ],
            [
              -75.6264042,
              -9.3983985
            ],
            [
              -75.6248399,
              -9.3976524
            ],
            [
              -75.6225195,
              -9.3971954
            ],
            [
              -75.6221152,
              -9.3970234
            ],
            [
              -75.6215722,
              -9.3967344
            ],
            [
              -75.6219504,
              -9.3965334
            ],
            [
              -75.6229257,
              -9.3959922
            ],
            [
              -75.6235586,
              -9.3957705
            ],
            [
              -75.6247792,
              -9.3956992
            ],
            [
              -75.6269845,
              -9.3961562
            ],
            [
              -75.6282579,
              -9.3961544
            ],
            [
              -75.629877,
              -9.3956895
            ],
            [
              -75.6310351,
              -9.395
            ],
            [
              -75.6350332,
              -9.3950467
            ],
            [
              -75.6359551,
              -9.3948106
            ],
            [
              -75.637291,
              -9.3941836
            ],
            [
              -75.6396641,
              -9.3937715
            ],
            [
              -75.645752,
              -9.394619
            ],
            [
              -75.6494591,
              -9.3959434
            ],
            [
              -75.6503301,
              -9.3964024
            ],
            [
              -75.6527031,
              -9.3971387
            ],
            [
              -75.6540371,
              -9.3973086
            ],
            [
              -75.6574024,
              -9.3973027
            ],
            [
              -75.6593086,
              -9.3972989
            ],
            [
              -75.662498,
              -9.3966601
            ],
            [
              -75.6655684,
              -9.3973516
            ],
            [
              -75.6672461,
              -9.3973476
            ],
            [
              -75.6708379,
              -9.3966445
            ],
            [
              -75.6714785,
              -9.3963007
            ],
            [
              -75.6723399,
              -9.3952695
            ],
            [
              -75.6727441,
              -9.3942266
            ],
            [
              -75.6727441,
              -9.39325
            ],
            [
              -75.6714629,
              -9.390375
            ],
            [
              -75.6711739,
              -9.3889395
            ],
            [
              -75.6712794,
              -9.3871562
            ],
            [
              -75.6715156,
              -9.3865235
            ],
            [
              -75.6726074,
              -9.3844492
            ],
            [
              -75.6733007,
              -9.3835781
            ],
            [
              -75.6752837,
              -9.382719
            ],
            [
              -75.6765697,
              -9.3820987
            ],
            [
              -75.677523,
              -9.3818414
            ],
            [
              -75.6779012,
              -9.3812816
            ],
            [
              -75.6780547,
              -9.3805859
            ],
            [
              -75.678098,
              -9.3803889
            ],
            [
              -75.6784375,
              -9.3792461
            ],
            [
              -75.6795051,
              -9.3775746
            ],
            [
              -75.6801836,
              -9.3755176
            ],
            [
              -75.6804101,
              -9.3750567
            ],
            [
              -75.681916,
              -9.3734961
            ],
            [
              -75.6825489,
              -9.3721739
            ],
            [
              -75.6835331,
              -9.3711972
            ],
            [
              -75.6841132,
              -9.3702735
            ],
            [
              -75.6851504,
              -9.369295
            ],
            [
              -75.6863105,
              -9.36883
            ],
            [
              -75.6871191,
              -9.3679062
            ],
            [
              -75.6879882,
              -9.3664669
            ],
            [
              -75.688332,
              -9.3651992
            ],
            [
              -75.6880351,
              -9.3635917
            ],
            [
              -75.6880351,
              -9.3623886
            ],
            [
              -75.688957,
              -9.359791
            ],
            [
              -75.6892402,
              -9.3560549
            ],
            [
              -75.6901016,
              -9.3530606
            ],
            [
              -75.6907969,
              -9.3513281
            ],
            [
              -75.6909649,
              -9.3503535
            ],
            [
              -75.694084,
              -9.3455176
            ],
            [
              -75.6986465,
              -9.3408516
            ],
            [
              -75.7021797,
              -9.3367031
            ],
            [
              -75.7036739,
              -9.3344551
            ],
            [
              -75.7052382,
              -9.3315684
            ],
            [
              -75.7070761,
              -9.3267344
            ],
            [
              -75.7106542,
              -9.3198262
            ],
            [
              -75.7131347,
              -9.3126856
            ],
            [
              -75.7160195,
              -9.3082481
            ],
            [
              -75.7166524,
              -9.3069805
            ],
            [
              -75.7180957,
              -9.302836
            ],
            [
              -75.7215507,
              -9.2956387
            ],
            [
              -75.7250059,
              -9.2866601
            ],
            [
              -75.7317579,
              -9.2722656
            ],
            [
              -75.7349316,
              -9.2675919
            ],
            [
              -75.7358555,
              -9.2666132
            ],
            [
              -75.7388086,
              -9.2641387
            ],
            [
              -75.7407676,
              -9.262922
            ],
            [
              -75.7422715,
              -9.2617187
            ],
            [
              -75.7444687,
              -9.2604454
            ],
            [
              -75.7489804,
              -9.2571524
            ],
            [
              -75.7537774,
              -9.2524844
            ],
            [
              -75.7578204,
              -9.2479277
            ],
            [
              -75.759209,
              -9.2459707
            ],
            [
              -75.7620917,
              -9.2403301
            ],
            [
              -75.7639906,
              -9.2377976
            ],
            [
              -75.7641,
              -9.2368
            ],
            [
              -75.7633,
              -9.2359
            ],
            [
              -75.762,
              -9.2351
            ],
            [
              -75.7608,
              -9.2338
            ],
            [
              -75.7592,
              -9.232
            ],
            [
              -75.7594,
              -9.2319
            ],
            [
              -75.7602,
              -9.2311
            ],
            [
              -75.7601,
              -9.2294
            ],
            [
              -75.7601,
              -9.2281
            ],
            [
              -75.7601,
              -9.2272
            ],
            [
              -75.7602,
              -9.2269
            ],
            [
              -75.7603,
              -9.2268
            ],
            [
              -75.7608,
              -9.2259
            ],
            [
              -75.7618,
              -9.2246
            ],
            [
              -75.7619,
              -9.2246
            ],
            [
              -75.7619,
              -9.2236
            ],
            [
              -75.7619,
              -9.2219
            ],
            [
              -75.763,
              -9.221
            ],
            [
              -75.7635,
              -9.2202
            ],
            [
              -75.7634,
              -9.2189
            ],
            [
              -75.7634,
              -9.2181
            ],
            [
              -75.7638,
              -9.2171
            ],
            [
              -75.7651,
              -9.2175
            ],
            [
              -75.7658,
              -9.2179
            ],
            [
              -75.767,
              -9.2182
            ],
            [
              -75.7678,
              -9.2183
            ],
            [
              -75.7689,
              -9.2189
            ],
            [
              -75.7699,
              -9.2197
            ],
            [
              -75.7708,
              -9.2203
            ],
            [
              -75.7712,
              -9.2204
            ],
            [
              -75.7717,
              -9.2206
            ],
            [
              -75.7725,
              -9.2198
            ],
            [
              -75.7736,
              -9.2198
            ],
            [
              -75.7751,
              -9.2197
            ],
            [
              -75.7756,
              -9.2192
            ],
            [
              -75.7756,
              -9.2182
            ],
            [
              -75.7759,
              -9.2174
            ],
            [
              -75.7774,
              -9.216
            ],
            [
              -75.7785,
              -9.2148
            ],
            [
              -75.7795,
              -9.2138
            ],
            [
              -75.7804,
              -9.2124
            ],
            [
              -75.7814,
              -9.211
            ],
            [
              -75.7824,
              -9.2098
            ],
            [
              -75.7831,
              -9.2089
            ],
            [
              -75.7843,
              -9.208
            ],
            [
              -75.7856,
              -9.2079
            ],
            [
              -75.7867,
              -9.208
            ],
            [
              -75.7878,
              -9.2079
            ],
            [
              -75.7895,
              -9.208
            ],
            [
              -75.7901,
              -9.2073
            ],
            [
              -75.7906,
              -9.2063
            ],
            [
              -75.7914,
              -9.2054
            ],
            [
              -75.7924,
              -9.2046
            ],
            [
              -75.7933,
              -9.2042
            ],
            [
              -75.7948,
              -9.2037
            ],
            [
              -75.7957,
              -9.2033
            ],
            [
              -75.7961,
              -9.2027
            ],
            [
              -75.7962,
              -9.2016
            ],
            [
              -75.7961798,
              -9.2015495
            ],
            [
              -75.7957641,
              -9.2005201
            ],
            [
              -75.7958257,
              -9.1983517
            ],
            [
              -75.7956863,
              -9.1969722
            ],
            [
              -75.7958226,
              -9.1957793
            ],
            [
              -75.7956697,
              -9.1944795
            ],
            [
              -75.7961082,
              -9.1935431
            ],
            [
              -75.796536,
              -9.1921122
            ],
            [
              -75.7967498,
              -9.1908052
            ],
            [
              -75.7966086,
              -9.189966
            ],
            [
              -75.7960975,
              -9.1890393
            ],
            [
              -75.7959478,
              -9.1884658
            ],
            [
              -75.7960832,
              -9.1874456
            ],
            [
              -75.7959411,
              -9.1862234
            ],
            [
              -75.7952249,
              -9.1855127
            ],
            [
              -75.7953616,
              -9.1846547
            ],
            [
              -75.7955633,
              -9.1838693
            ],
            [
              -75.7957774,
              -9.1832938
            ],
            [
              -75.7958225,
              -9.1819563
            ],
            [
              -75.7965767,
              -9.180916
            ],
            [
              -75.7976228,
              -9.1803176
            ],
            [
              -75.7982129,
              -9.1796557
            ],
            [
              -75.7986787,
              -9.1787343
            ],
            [
              -75.7990176,
              -9.1777179
            ],
            [
              -75.7991652,
              -9.1737227
            ],
            [
              -75.7995424,
              -9.1722512
            ],
            [
              -75.8005163,
              -9.1712783
            ],
            [
              -75.8009415,
              -9.1702771
            ],
            [
              -75.8011883,
              -9.1677093
            ],
            [
              -75.8011097,
              -9.1660825
            ],
            [
              -75.8011166,
              -9.1649095
            ],
            [
              -75.800761,
              -9.1636569
            ],
            [
              -75.8002406,
              -9.1628678
            ],
            [
              -75.7996336,
              -9.1617103
            ],
            [
              -75.7998437,
              -9.1608554
            ],
            [
              -75.8001387,
              -9.1600239
            ],
            [
              -75.8007859,
              -9.1589821
            ],
            [
              -75.8017963,
              -9.156931
            ],
            [
              -75.8020109,
              -9.1548602
            ],
            [
              -75.8020485,
              -9.153711
            ],
            [
              -75.8024458,
              -9.151768
            ],
            [
              -75.8029926,
              -9.1509941
            ],
            [
              -75.8034003,
              -9.1502685
            ],
            [
              -75.804103,
              -9.1495165
            ],
            [
              -75.804585,
              -9.1489422
            ],
            [
              -75.8048515,
              -9.1481678
            ],
            [
              -75.8051384,
              -9.1469902
            ],
            [
              -75.8053368,
              -9.1460898
            ],
            [
              -75.8057995,
              -9.1443294
            ],
            [
              -75.8059162,
              -9.1428167
            ],
            [
              -75.8059431,
              -9.1414223
            ],
            [
              -75.8061791,
              -9.140015
            ],
            [
              -75.8066511,
              -9.1387174
            ],
            [
              -75.8077885,
              -9.1377594
            ],
            [
              -75.8078796,
              -9.1366889
            ],
            [
              -75.807785,
              -9.1356497
            ],
            [
              -75.8084482,
              -9.134618
            ],
            [
              -75.8089199,
              -9.1339552
            ],
            [
              -75.8092099,
              -9.1329709
            ],
            [
              -75.8099878,
              -9.1323988
            ],
            [
              -75.8107871,
              -9.1315991
            ],
            [
              -75.8117107,
              -9.1307817
            ],
            [
              -75.8127934,
              -9.1296977
            ],
            [
              -75.813841,
              -9.1290234
            ],
            [
              -75.8144188,
              -9.1282411
            ],
            [
              -75.8150142,
              -9.1269594
            ],
            [
              -75.8154541,
              -9.1258153
            ],
            [
              -75.8161376,
              -9.1242412
            ],
            [
              -75.8170527,
              -9.1232306
            ],
            [
              -75.8180505,
              -9.1222243
            ],
            [
              -75.8188123,
              -9.1215728
            ],
            [
              -75.8197832,
              -9.1203175
            ],
            [
              -75.8212423,
              -9.1196236
            ],
            [
              -75.8215267,
              -9.1189669
            ],
            [
              -75.8215067,
              -9.1179778
            ],
            [
              -75.8211297,
              -9.1164616
            ],
            [
              -75.8209274,
              -9.1147581
            ],
            [
              -75.8211243,
              -9.1131141
            ],
            [
              -75.8215899,
              -9.1112966
            ],
            [
              -75.8213075,
              -9.1103537
            ],
            [
              -75.8204269,
              -9.1087919
            ],
            [
              -75.8195618,
              -9.1078385
            ],
            [
              -75.8192843,
              -9.1061435
            ],
            [
              -75.8195579,
              -9.1049835
            ],
            [
              -75.8194613,
              -9.1038473
            ],
            [
              -75.8202289,
              -9.1027887
            ],
            [
              -75.8202258,
              -9.101522
            ],
            [
              -75.8201373,
              -9.1005871
            ],
            [
              -75.8210921,
              -9.0997264
            ],
            [
              -75.8220007,
              -9.0987941
            ],
            [
              -75.8218534,
              -9.0969601
            ],
            [
              -75.8224332,
              -9.0954147
            ],
            [
              -75.8239159,
              -9.0929479
            ],
            [
              -75.8244396,
              -9.0920419
            ],
            [
              -75.8250293,
              -9.0900585
            ],
            [
              -75.8261709,
              -9.0896714
            ],
            [
              -75.8273095,
              -9.0898449
            ],
            [
              -75.8285701,
              -9.0901097
            ],
            [
              -75.8297323,
              -9.0899954
            ],
            [
              -75.8308661,
              -9.0897018
            ],
            [
              -75.8312041,
              -9.089098
            ],
            [
              -75.8319444,
              -9.0888543
            ],
            [
              -75.8326349,
              -9.088093
            ],
            [
              -75.8332318,
              -9.0872281
            ],
            [
              -75.8342135,
              -9.0863011
            ],
            [
              -75.8364129,
              -9.0861846
            ],
            [
              -75.836944,
              -9.0853794
            ],
            [
              -75.8378813,
              -9.0848904
            ],
            [
              -75.837872,
              -9.083875
            ],
            [
              -75.8381671,
              -9.0825825
            ],
            [
              -75.838591,
              -9.0812529
            ],
            [
              -75.8388805,
              -9.0792294
            ],
            [
              -75.8393097,
              -9.0776032
            ],
            [
              -75.8396188,
              -9.0765412
            ],
            [
              -75.8401465,
              -9.0758074
            ],
            [
              -75.8408218,
              -9.0739246
            ],
            [
              -75.8402541,
              -9.072715
            ],
            [
              -75.8395329,
              -9.0716743
            ],
            [
              -75.83857,
              -9.0704353
            ],
            [
              -75.8388478,
              -9.0692707
            ],
            [
              -75.8389036,
              -9.0679798
            ],
            [
              -75.8384514,
              -9.0647254
            ],
            [
              -75.8384997,
              -9.0631679
            ],
            [
              -75.8378753,
              -9.0619666
            ],
            [
              -75.8383763,
              -9.061282
            ],
            [
              -75.8393053,
              -9.0606958
            ],
            [
              -75.8404416,
              -9.060106
            ],
            [
              -75.841947,
              -9.0598655
            ],
            [
              -75.8431506,
              -9.0593061
            ],
            [
              -75.8438641,
              -9.0586492
            ],
            [
              -75.8447599,
              -9.0575526
            ],
            [
              -75.8457831,
              -9.0562172
            ],
            [
              -75.8470322,
              -9.0543628
            ],
            [
              -75.8481135,
              -9.0528409
            ],
            [
              -75.8485908,
              -9.0519144
            ],
            [
              -75.8496557,
              -9.051148
            ],
            [
              -75.8519858,
              -9.0514657
            ],
            [
              -75.8534449,
              -9.0519001
            ],
            [
              -75.8544105,
              -9.051524
            ],
            [
              -75.8554405,
              -9.0515822
            ],
            [
              -75.8577257,
              -9.0514604
            ],
            [
              -75.8585222,
              -9.0515172
            ],
            [
              -75.8590829,
              -9.0505121
            ],
            [
              -75.8600378,
              -9.0500565
            ],
            [
              -75.8604294,
              -9.0495162
            ],
            [
              -75.8607049,
              -9.0484816
            ],
            [
              -75.8612663,
              -9.0470262
            ],
            [
              -75.8628863,
              -9.0444622
            ],
            [
              -75.8631568,
              -9.0438295
            ],
            [
              -75.8632189,
              -9.0427457
            ],
            [
              -75.8632189,
              -9.0416703
            ],
            [
              -75.8631116,
              -9.0410557
            ],
            [
              -75.8636427,
              -9.0405418
            ],
            [
              -75.8645761,
              -9.0400915
            ],
            [
              -75.8653271,
              -9.0393922
            ],
            [
              -75.8660191,
              -9.038624
            ],
            [
              -75.8661318,
              -9.0375168
            ],
            [
              -75.8664651,
              -9.0365026
            ],
            [
              -75.866577,
              -9.035689
            ],
            [
              -75.8679932,
              -9.0351328
            ],
            [
              -75.8692965,
              -9.0348539
            ],
            [
              -75.8700532,
              -9.034195
            ],
            [
              -75.8708847,
              -9.0337288
            ],
            [
              -75.8717591,
              -9.0337765
            ],
            [
              -75.8726227,
              -9.033501
            ],
            [
              -75.8732343,
              -9.0329924
            ],
            [
              -75.8735986,
              -9.0322807
            ],
            [
              -75.8747524,
              -9.0315885
            ],
            [
              -75.875321,
              -9.030619
            ],
            [
              -75.8757495,
              -9.0294863
            ],
            [
              -75.8758053,
              -9.0280601
            ],
            [
              -75.8764762,
              -9.0240593
            ],
            [
              -75.8770362,
              -9.0223491
            ],
            [
              -75.8785504,
              -9.0191223
            ],
            [
              -75.8789827,
              -9.0176178
            ],
            [
              -75.8798616,
              -9.0168115
            ],
            [
              -75.8805159,
              -9.0157555
            ],
            [
              -75.8819435,
              -9.0139967
            ],
            [
              -75.883063,
              -9.0128908
            ],
            [
              -75.8835773,
              -9.0115222
            ],
            [
              -75.8842374,
              -9.0103635
            ],
            [
              -75.8855737,
              -9.0100242
            ],
            [
              -75.8875503,
              -9.0101333
            ],
            [
              -75.8882878,
              -9.0090581
            ],
            [
              -75.8888343,
              -9.008332
            ],
            [
              -75.8893506,
              -9.0069865
            ],
            [
              -75.8897361,
              -9.0061437
            ],
            [
              -75.8907116,
              -9.0048648
            ],
            [
              -75.8918595,
              -9.0020196
            ],
            [
              -75.8915216,
              -9.0009494
            ],
            [
              -75.8920795,
              -8.9996619
            ],
            [
              -75.8920151,
              -8.9976485
            ],
            [
              -75.8927286,
              -8.9960377
            ],
            [
              -75.892852,
              -8.994835
            ],
            [
              -75.8933294,
              -8.9934998
            ],
            [
              -75.8937961,
              -8.991852
            ],
            [
              -75.8934313,
              -8.9903896
            ],
            [
              -75.8937854,
              -8.9880423
            ],
            [
              -75.8942789,
              -8.986919
            ],
            [
              -75.8946276,
              -8.984789
            ],
            [
              -75.8944988,
              -8.9837134
            ],
            [
              -75.8924282,
              -8.9827596
            ],
            [
              -75.8901751,
              -8.9818112
            ],
            [
              -75.8880562,
              -8.9815886
            ],
            [
              -75.8857173,
              -8.9811118
            ],
            [
              -75.8848643,
              -8.9801368
            ],
            [
              -75.8851057,
              -8.9784677
            ],
            [
              -75.8847463,
              -8.9773815
            ],
            [
              -75.8847249,
              -8.9756753
            ],
            [
              -75.8844835,
              -8.9740433
            ],
            [
              -75.8837646,
              -8.9727292
            ],
            [
              -75.8847249,
              -8.9717701
            ],
            [
              -75.885213,
              -8.9704189
            ],
            [
              -75.8854383,
              -8.9689776
            ],
            [
              -75.8853096,
              -8.9676847
            ],
            [
              -75.8858031,
              -8.9669747
            ],
            [
              -75.8866346,
              -8.9650671
            ],
            [
              -75.8878309,
              -8.964108
            ],
            [
              -75.888437,
              -8.962778
            ],
            [
              -75.8884263,
              -8.9605312
            ],
            [
              -75.8878201,
              -8.9591959
            ],
            [
              -75.8880615,
              -8.9579983
            ],
            [
              -75.8889949,
              -8.9567319
            ],
            [
              -75.8898586,
              -8.9557144
            ],
            [
              -75.8898586,
              -8.9534571
            ],
            [
              -75.8894831,
              -8.9511202
            ],
            [
              -75.8893651,
              -8.9496311
            ],
            [
              -75.8901215,
              -8.9486137
            ],
            [
              -75.8910388,
              -8.9472412
            ],
            [
              -75.8913016,
              -8.9461814
            ],
            [
              -75.8914143,
              -8.9451798
            ],
            [
              -75.8920044,
              -8.9436113
            ],
            [
              -75.8924818,
              -8.9419261
            ],
            [
              -75.8927232,
              -8.9402993
            ],
            [
              -75.8925998,
              -8.938471
            ],
            [
              -75.8933187,
              -8.9373953
            ],
            [
              -75.8938873,
              -8.9359062
            ],
            [
              -75.8943647,
              -8.934221
            ],
            [
              -75.8956951,
              -8.9310785
            ],
            [
              -75.8965319,
              -8.9280737
            ],
            [
              -75.8963978,
              -8.9267435
            ],
            [
              -75.8955717,
              -8.9254558
            ],
            [
              -75.8949602,
              -8.9247192
            ],
            [
              -75.8958024,
              -8.9241203
            ],
            [
              -75.8971328,
              -8.9236487
            ],
            [
              -75.8973634,
              -8.9225729
            ],
            [
              -75.898329,
              -8.9211155
            ],
            [
              -75.8984363,
              -8.9200556
            ],
            [
              -75.8990371,
              -8.9188473
            ],
            [
              -75.899992,
              -8.918259
            ],
            [
              -75.9011936,
              -8.9177768
            ],
            [
              -75.9025133,
              -8.9168176
            ],
            [
              -75.9031087,
              -8.915498
            ],
            [
              -75.9021163,
              -8.914491
            ],
            [
              -75.9014136,
              -8.9135954
            ],
            [
              -75.9009522,
              -8.9129912
            ],
            [
              -75.900346,
              -8.9119101
            ],
            [
              -75.901022,
              -8.9105322
            ],
            [
              -75.9015369,
              -8.9094034
            ],
            [
              -75.9026206,
              -8.9083222
            ],
            [
              -75.903098,
              -8.9056883
            ],
            [
              -75.9024864,
              -8.9044746
            ],
            [
              -75.9027225,
              -8.9009079
            ],
            [
              -75.9019983,
              -8.8993391
            ],
            [
              -75.9012795,
              -8.8981519
            ],
            [
              -75.9026957,
              -8.8979558
            ],
            [
              -75.9039348,
              -8.8980141
            ],
            [
              -75.9048039,
              -8.8981201
            ],
            [
              -75.9060162,
              -8.8981201
            ],
            [
              -75.9068745,
              -8.8969118
            ],
            [
              -75.9075773,
              -8.8967952
            ],
            [
              -75.9085804,
              -8.8969012
            ],
            [
              -75.9098786,
              -8.8967952
            ],
            [
              -75.9105063,
              -8.8963182
            ],
            [
              -75.911091,
              -8.8942565
            ],
            [
              -75.9108496,
              -8.8931488
            ],
            [
              -75.9107852,
              -8.8924757
            ],
            [
              -75.9115577,
              -8.8908911
            ],
            [
              -75.9118956,
              -8.8899318
            ],
            [
              -75.9120512,
              -8.8891262
            ],
            [
              -75.9118742,
              -8.8882252
            ],
            [
              -75.9116489,
              -8.8875945
            ],
            [
              -75.9118205,
              -8.8868631
            ],
            [
              -75.9113967,
              -8.8858879
            ],
            [
              -75.9111714,
              -8.8848915
            ],
            [
              -75.9116381,
              -8.8839692
            ],
            [
              -75.9120458,
              -8.8833915
            ],
            [
              -75.9124428,
              -8.8821937
            ],
            [
              -75.9130061,
              -8.8811655
            ],
            [
              -75.9136283,
              -8.8804341
            ],
            [
              -75.9143525,
              -8.8798299
            ],
            [
              -75.9146208,
              -8.8789819
            ],
            [
              -75.9153503,
              -8.8778423
            ],
            [
              -75.9161335,
              -8.8768088
            ],
            [
              -75.9166539,
              -8.8762576
            ],
            [
              -75.9176838,
              -8.8757488
            ],
            [
              -75.9183812,
              -8.8750491
            ],
            [
              -75.9184939,
              -8.8743919
            ],
            [
              -75.9190357,
              -8.8731676
            ],
            [
              -75.9196419,
              -8.8717047
            ],
            [
              -75.9199369,
              -8.8708514
            ],
            [
              -75.9209561,
              -8.8689804
            ],
            [
              -75.9212565,
              -8.8681906
            ],
            [
              -75.9217072,
              -8.8668072
            ],
            [
              -75.9219271,
              -8.8649998
            ],
            [
              -75.9223241,
              -8.8635051
            ],
            [
              -75.9222758,
              -8.8623762
            ],
            [
              -75.9222704,
              -8.861438
            ],
            [
              -75.9226781,
              -8.8603461
            ],
            [
              -75.9222543,
              -8.8593549
            ],
            [
              -75.9218037,
              -8.8587984
            ],
            [
              -75.9218627,
              -8.857892
            ],
            [
              -75.9219915,
              -8.8568902
            ],
            [
              -75.9242609,
              -8.8530072
            ],
            [
              -75.9257812,
              -8.8496231
            ],
            [
              -75.9273301,
              -8.84692
            ],
            [
              -75.9275059,
              -8.8464024
            ],
            [
              -75.9278496,
              -8.8458262
            ],
            [
              -75.9281914,
              -8.8441582
            ],
            [
              -75.9289124,
              -8.83851
            ],
            [
              -75.9290312,
              -8.8328926
            ],
            [
              -75.929375,
              -8.8313399
            ],
            [
              -75.929543,
              -8.8309961
            ],
            [
              -75.9296035,
              -8.83042
            ],
            [
              -75.9295937,
              -8.8269725
            ],
            [
              -75.9294121,
              -8.825709
            ],
            [
              -75.9293516,
              -8.8242715
            ],
            [
              -75.929,
              -8.8220312
            ],
            [
              -75.9286504,
              -8.8208847
            ],
            [
              -75.9286504,
              -8.8205391
            ],
            [
              -75.9279551,
              -8.8183575
            ],
            [
              -75.9277792,
              -8.817668
            ],
            [
              -75.9277792,
              -8.8171504
            ],
            [
              -75.9271386,
              -8.8153711
            ],
            [
              -75.9267891,
              -8.8137051
            ],
            [
              -75.9265507,
              -8.8108906
            ],
            [
              -75.9264825,
              -8.8078437
            ],
            [
              -75.9263985,
              -8.8077579
            ],
            [
              -75.9264219,
              -8.805545
            ],
            [
              -75.9263007,
              -8.8037637
            ],
            [
              -75.9261856,
              -8.8036504
            ],
            [
              -75.9261777,
              -8.8017539
            ],
            [
              -75.926002,
              -8.8007754
            ],
            [
              -75.9257656,
              -8.7999726
            ],
            [
              -75.9250067,
              -8.798588
            ],
            [
              -75.9239726,
              -8.7967012
            ],
            [
              -75.9232459,
              -8.793474
            ],
            [
              -75.921935,
              -8.7876527
            ],
            [
              -75.9217287,
              -8.7827585
            ],
            [
              -75.9216944,
              -8.7819439
            ],
            [
              -75.9216465,
              -8.7808086
            ],
            [
              -75.9232266,
              -8.7763029
            ],
            [
              -75.9236914,
              -8.7753829
            ],
            [
              -75.9244316,
              -8.7731972
            ],
            [
              -75.9251777,
              -8.7715294
            ],
            [
              -75.9256445,
              -8.7708965
            ],
            [
              -75.9269024,
              -8.7684785
            ],
            [
              -75.9282617,
              -8.7666075
            ],
            [
              -75.9300156,
              -8.7644492
            ],
            [
              -75.9326621,
              -8.7618555
            ],
            [
              -75.9331289,
              -8.7612812
            ],
            [
              -75.9349667,
              -8.7585176
            ],
            [
              -75.9365762,
              -8.7556406
            ],
            [
              -75.9369805,
              -8.7551211
            ],
            [
              -75.9377305,
              -8.7535664
            ],
            [
              -75.9378965,
              -8.7529941
            ],
            [
              -75.9385294,
              -8.7517851
            ],
            [
              -75.9390489,
              -8.7495996
            ],
            [
              -75.9391016,
              -8.7485664
            ],
            [
              -75.9392167,
              -8.7484512
            ],
            [
              -75.9393242,
              -8.7461524
            ],
            [
              -75.9400704,
              -8.7431035
            ],
            [
              -75.9411016,
              -8.7406309
            ],
            [
              -75.9413906,
              -8.7396524
            ],
            [
              -75.9416836,
              -8.7391347
            ],
            [
              -75.9423672,
              -8.737295
            ],
            [
              -75.9428262,
              -8.7363731
            ],
            [
              -75.9432832,
              -8.7349941
            ],
            [
              -75.9439707,
              -8.7334981
            ],
            [
              -75.9447794,
              -8.730795
            ],
            [
              -75.9452382,
              -8.7287246
            ],
            [
              -75.9452285,
              -8.72792
            ],
            [
              -75.9454042,
              -8.7272305
            ],
            [
              -75.9455645,
              -8.7230351
            ],
            [
              -75.9455489,
              -8.7181504
            ],
            [
              -75.9454042,
              -8.7179492
            ],
            [
              -75.9457501,
              -8.7161387
            ],
            [
              -75.9464649,
              -8.7135507
            ],
            [
              -75.9467539,
              -8.7132051
            ],
            [
              -75.9469824,
              -8.7125156
            ],
            [
              -75.947959,
              -8.7107305
            ],
            [
              -75.9491427,
              -8.7092051
            ],
            [
              -75.9529707,
              -8.7053164
            ],
            [
              -75.9535742,
              -8.7043085
            ],
            [
              -75.954582,
              -8.7033007
            ],
            [
              -75.9555059,
              -8.7027246
            ],
            [
              -75.9560235,
              -8.7026075
            ],
            [
              -75.9571757,
              -8.7020879
            ],
            [
              -75.9574121,
              -8.7020879
            ],
            [
              -75.9582129,
              -8.7017402
            ],
            [
              -75.9591367,
              -8.7015079
            ],
            [
              -75.9596016,
              -8.7012207
            ],
            [
              -75.9606406,
              -8.7008145
            ],
            [
              -75.9623105,
              -8.699375
            ],
            [
              -75.9624864,
              -8.6993731
            ],
            [
              -75.9632871,
              -8.698508
            ],
            [
              -75.9640957,
              -8.6973575
            ],
            [
              -75.9648965,
              -8.6957481
            ],
            [
              -75.9650195,
              -8.6952871
            ],
            [
              -75.9649805,
              -8.6947422
            ],
            [
              -75.965127,
              -8.6944825
            ],
            [
              -75.965127,
              -8.6941367
            ],
            [
              -75.9653007,
              -8.693619
            ],
            [
              -75.9652715,
              -8.6930742
            ],
            [
              -75.9653555,
              -8.6929882
            ],
            [
              -75.9655312,
              -8.6920097
            ],
            [
              -75.9656367,
              -8.6902285
            ],
            [
              -75.9658652,
              -8.6894239
            ],
            [
              -75.9658652,
              -8.6884472
            ],
            [
              -75.9660331,
              -8.6879316
            ],
            [
              -75.9663164,
              -8.6848261
            ],
            [
              -75.966836,
              -8.6826387
            ],
            [
              -75.9668281,
              -8.682295
            ],
            [
              -75.9670566,
              -8.6816055
            ],
            [
              -75.9676289,
              -8.6784434
            ],
            [
              -75.9676289,
              -8.6770645
            ],
            [
              -75.9678496,
              -8.6754551
            ],
            [
              -75.967791,
              -8.6724082
            ],
            [
              -75.9682461,
              -8.6708555
            ],
            [
              -75.9691094,
              -8.6690722
            ],
            [
              -75.9703496,
              -8.6664412
            ],
            [
              -75.9713184,
              -8.6653652
            ],
            [
              -75.9720722,
              -8.6642891
            ],
            [
              -75.9739024,
              -8.6627812
            ],
            [
              -75.9755156,
              -8.6607364
            ],
            [
              -75.976215,
              -8.6581015
            ],
            [
              -75.9771309,
              -8.6562169
            ],
            [
              -75.9788516,
              -8.6548184
            ],
            [
              -75.9791739,
              -8.6540117
            ],
            [
              -75.979336,
              -8.6528809
            ],
            [
              -75.9792285,
              -8.6514297
            ],
            [
              -75.9790136,
              -8.649707
            ],
            [
              -75.9787441,
              -8.6485235
            ],
            [
              -75.9781524,
              -8.6472325
            ],
            [
              -75.977707,
              -8.6454902
            ],
            [
              -75.9775917,
              -8.6449726
            ],
            [
              -75.9775136,
              -8.6434785
            ],
            [
              -75.9778145,
              -8.6422715
            ],
            [
              -75.9785,
              -8.6408906
            ],
            [
              -75.9789649,
              -8.6396816
            ],
            [
              -75.9795371,
              -8.6375547
            ],
            [
              -75.9797597,
              -8.636002
            ],
            [
              -75.9796972,
              -8.6322676
            ],
            [
              -75.9795235,
              -8.6318652
            ],
            [
              -75.9791719,
              -8.6299121
            ],
            [
              -75.9785312,
              -8.6275586
            ],
            [
              -75.9782324,
              -8.6252031
            ],
            [
              -75.9778829,
              -8.6234805
            ],
            [
              -75.9772422,
              -8.6219882
            ],
            [
              -75.9772422,
              -8.6217579
            ],
            [
              -75.9769511,
              -8.6212989
            ],
            [
              -75.9766641,
              -8.6204375
            ],
            [
              -75.9762579,
              -8.6196347
            ],
            [
              -75.9762579,
              -8.619461
            ],
            [
              -75.9759667,
              -8.6190606
            ],
            [
              -75.9752735,
              -8.617625
            ],
            [
              -75.9737011,
              -8.6153301
            ],
            [
              -75.9728261,
              -8.6129044
            ],
            [
              -75.972287,
              -8.6105371
            ],
            [
              -75.9720196,
              -8.6079004
            ],
            [
              -75.9725566,
              -8.6054239
            ],
            [
              -75.9726114,
              -8.603918
            ],
            [
              -75.9727187,
              -8.6012285
            ],
            [
              -75.9722342,
              -8.5995059
            ],
            [
              -75.9713184,
              -8.5981075
            ],
            [
              -75.9702422,
              -8.5968691
            ],
            [
              -75.9688437,
              -8.5948789
            ],
            [
              -75.967123,
              -8.5934257
            ],
            [
              -75.9663145,
              -8.5920274
            ],
            [
              -75.9658847,
              -8.5904669
            ],
            [
              -75.9657774,
              -8.5890137
            ],
            [
              -75.9658847,
              -8.5862695
            ],
            [
              -75.9659922,
              -8.5841719
            ],
            [
              -75.9656152,
              -8.5820194
            ],
            [
              -75.965293,
              -8.5812656
            ],
            [
              -75.9650235,
              -8.5799746
            ],
            [
              -75.9655625,
              -8.5786836
            ],
            [
              -75.9667461,
              -8.5759922
            ],
            [
              -75.967123,
              -8.5734649
            ],
            [
              -75.966961,
              -8.571795
            ],
            [
              -75.9664219,
              -8.5702364
            ],
            [
              -75.9663145,
              -8.5687832
            ],
            [
              -75.9667969,
              -8.5672207
            ],
            [
              -75.9674531,
              -8.5650059
            ],
            [
              -75.9678574,
              -8.5641426
            ],
            [
              -75.9703301,
              -8.5605742
            ],
            [
              -75.9709024,
              -8.5591347
            ],
            [
              -75.9709024,
              -8.5579864
            ],
            [
              -75.9700312,
              -8.5565527
            ],
            [
              -75.969918,
              -8.5560919
            ],
            [
              -75.9698554,
              -8.5547715
            ],
            [
              -75.9698554,
              -8.554082
            ],
            [
              -75.9701386,
              -8.5529316
            ],
            [
              -75.9706582,
              -8.5524707
            ],
            [
              -75.9708867,
              -8.5519531
            ],
            [
              -75.9708261,
              -8.5505156
            ],
            [
              -75.9704199,
              -8.5499454
            ],
            [
              -75.9696679,
              -8.5492539
            ],
            [
              -75.9665449,
              -8.5470215
            ],
            [
              -75.9653847,
              -8.5460489
            ],
            [
              -75.9650957,
              -8.5454726
            ],
            [
              -75.9648672,
              -8.54467
            ],
            [
              -75.9648047,
              -8.5435195
            ],
            [
              -75.965086,
              -8.5427149
            ],
            [
              -75.966416,
              -8.5406992
            ],
            [
              -75.9675605,
              -8.5380547
            ],
            [
              -75.9676739,
              -8.5374219
            ],
            [
              -75.967875,
              -8.5338672
            ],
            [
              -75.967875,
              -8.5330079
            ],
            [
              -75.9683066,
              -8.5316075
            ],
            [
              -75.9684141,
              -8.5307481
            ],
            [
              -75.9686816,
              -8.5287559
            ],
            [
              -75.9686289,
              -8.5270879
            ],
            [
              -75.9683592,
              -8.5248829
            ],
            [
              -75.9684454,
              -8.5227656
            ],
            [
              -75.9687344,
              -8.5219044
            ],
            [
              -75.9691309,
              -8.5204649
            ],
            [
              -75.9696504,
              -8.5192325
            ],
            [
              -75.9701895,
              -8.5183711
            ],
            [
              -75.9709395,
              -8.517041
            ],
            [
              -75.970834,
              -8.5159512
            ],
            [
              -75.9707812,
              -8.5148204
            ],
            [
              -75.970834,
              -8.5133145
            ],
            [
              -75.9707266,
              -8.5124004
            ],
            [
              -75.9704042,
              -8.5114316
            ],
            [
              -75.9701347,
              -8.5106777
            ],
            [
              -75.9690586,
              -8.508955
            ],
            [
              -75.9678222,
              -8.5074492
            ],
            [
              -75.9660957,
              -8.5059336
            ],
            [
              -75.964916,
              -8.5051895
            ],
            [
              -75.963086,
              -8.5045976
            ],
            [
              -75.9613652,
              -8.5044356
            ],
            [
              -75.9583516,
              -8.504543
            ],
            [
              -75.9570235,
              -8.5039454
            ],
            [
              -75.9562537,
              -8.5034141
            ],
            [
              -75.9556074,
              -8.5027676
            ],
            [
              -75.9549082,
              -8.5020156
            ],
            [
              -75.9546934,
              -8.5010469
            ],
            [
              -75.9545312,
              -8.4994864
            ],
            [
              -75.9545312,
              -8.4978184
            ],
            [
              -75.9549082,
              -8.4963652
            ],
            [
              -75.9553379,
              -8.4948594
            ],
            [
              -75.9553926,
              -8.4932989
            ],
            [
              -75.9549629,
              -8.4917382
            ],
            [
              -75.9550156,
              -8.4902305
            ],
            [
              -75.955375,
              -8.4888125
            ],
            [
              -75.9559844,
              -8.488295
            ],
            [
              -75.9566309,
              -8.4876485
            ],
            [
              -75.9569531,
              -8.4870039
            ],
            [
              -75.956791,
              -8.4863575
            ],
            [
              -75.9563065,
              -8.4859277
            ],
            [
              -75.9557149,
              -8.4852812
            ],
            [
              -75.9554472,
              -8.4844746
            ],
            [
              -75.9560391,
              -8.4834512
            ],
            [
              -75.9566836,
              -8.4826992
            ],
            [
              -75.9569531,
              -8.4818379
            ],
            [
              -75.9569531,
              -8.4812461
            ],
            [
              -75.9571152,
              -8.4799004
            ],
            [
              -75.9574902,
              -8.4787169
            ],
            [
              -75.9582989,
              -8.478125
            ],
            [
              -75.9595899,
              -8.4776954
            ],
            [
              -75.9609882,
              -8.476834
            ],
            [
              -75.9619024,
              -8.4756504
            ],
            [
              -75.9623789,
              -8.4739726
            ],
            [
              -75.9627226,
              -8.473168
            ],
            [
              -75.9634082,
              -8.4706367
            ],
            [
              -75.9636914,
              -8.4690274
            ],
            [
              -75.9639551,
              -8.4667754
            ],
            [
              -75.9640937,
              -8.4658106
            ],
            [
              -75.9644726,
              -8.4646739
            ],
            [
              -75.9646777,
              -8.4637794
            ],
            [
              -75.964541,
              -8.4629864
            ],
            [
              -75.9644726,
              -8.4622989
            ],
            [
              -75.9649922,
              -8.4615507
            ],
            [
              -75.9657636,
              -8.4610547
            ],
            [
              -75.9664511,
              -8.460752
            ],
            [
              -75.967334,
              -8.4602285
            ],
            [
              -75.9675547,
              -8.4599257
            ],
            [
              -75.9673242,
              -8.459625
            ],
            [
              -75.9667792,
              -8.4593906
            ],
            [
              -75.9661542,
              -8.4588829
            ],
            [
              -75.9654511,
              -8.4579472
            ],
            [
              -75.9650235,
              -8.4567362
            ],
            [
              -75.9647891,
              -8.4556836
            ],
            [
              -75.9649062,
              -8.4543184
            ],
            [
              -75.9652187,
              -8.4533417
            ],
            [
              -75.9651016,
              -8.4525625
            ],
            [
              -75.9649062,
              -8.4517422
            ],
            [
              -75.9642421,
              -8.4509239
            ],
            [
              -75.962877,
              -8.4502597
            ],
            [
              -75.962291,
              -8.4497129
            ],
            [
              -75.9617382,
              -8.4488672
            ],
            [
              -75.9606132,
              -8.4479962
            ],
            [
              -75.959873,
              -8.4471777
            ],
            [
              -75.9587011,
              -8.4458906
            ],
            [
              -75.9581954,
              -8.4446017
            ],
            [
              -75.9580391,
              -8.4433926
            ],
            [
              -75.9578829,
              -8.4428066
            ],
            [
              -75.9576875,
              -8.4423399
            ],
            [
              -75.9570235,
              -8.4416366
            ],
            [
              -75.9559317,
              -8.4403496
            ],
            [
              -75.9553847,
              -8.4394121
            ],
            [
              -75.9548007,
              -8.4385547
            ],
            [
              -75.9541757,
              -8.4375
            ],
            [
              -75.9533379,
              -8.4364785
            ],
            [
              -75.9513164,
              -8.4337832
            ],
            [
              -75.9502187,
              -8.432752
            ],
            [
              -75.9478457,
              -8.4316075
            ],
            [
              -75.9475547,
              -8.4313789
            ],
            [
              -75.9440976,
              -8.4305254
            ],
            [
              -75.9435722,
              -8.4301816
            ],
            [
              -75.9430547,
              -8.429666
            ],
            [
              -75.9425371,
              -8.4289785
            ],
            [
              -75.9423594,
              -8.4286347
            ],
            [
              -75.9422989,
              -8.4276582
            ],
            [
              -75.9428184,
              -8.4265644
            ],
            [
              -75.9429316,
              -8.4259316
            ],
            [
              -75.9441367,
              -8.4237461
            ],
            [
              -75.9454569,
              -8.4219629
            ],
            [
              -75.9460292,
              -8.4203516
            ],
            [
              -75.9460215,
              -8.4176524
            ],
            [
              -75.9458457,
              -8.4163301
            ],
            [
              -75.9457851,
              -8.4130566
            ],
            [
              -75.9459004,
              -8.4126544
            ],
            [
              -75.9461816,
              -8.4098379
            ],
            [
              -75.9462285,
              -8.4056992
            ],
            [
              -75.946168,
              -8.40392
            ],
            [
              -75.9460527,
              -8.4038066
            ],
            [
              -75.9459844,
              -8.400875
            ],
            [
              -75.9461601,
              -8.4003007
            ],
            [
              -75.946502,
              -8.3996114
            ],
            [
              -75.9473652,
              -8.3985742
            ],
            [
              -75.9481132,
              -8.3969649
            ],
            [
              -75.9485097,
              -8.3955274
            ],
            [
              -75.948623,
              -8.3947246
            ],
            [
              -75.9495996,
              -8.3915606
            ],
            [
              -75.9495917,
              -8.3913301
            ],
            [
              -75.9508457,
              -8.3884044
            ],
            [
              -75.9535899,
              -8.3832266
            ],
            [
              -75.9546445,
              -8.3806895
            ],
            [
              -75.9566719,
              -8.3769434
            ],
            [
              -75.9595996,
              -8.3735489
            ],
            [
              -75.9610039,
              -8.3715976
            ],
            [
              -75.961707,
              -8.3701934
            ],
            [
              -75.9617774,
              -8.3696406
            ],
            [
              -75.9621739,
              -8.3684766
            ],
            [
              -75.9625645,
              -8.3671895
            ],
            [
              -75.9628379,
              -8.366252
            ],
            [
              -75.9634629,
              -8.3651211
            ],
            [
              -75.9638125,
              -8.3637559
            ],
            [
              -75.9651016,
              -8.3619999
            ],
            [
              -75.965998,
              -8.3606739
            ],
            [
              -75.9668184,
              -8.3593066
            ],
            [
              -75.9677539,
              -8.358293
            ],
            [
              -75.9685742,
              -8.3577851
            ],
            [
              -75.9693145,
              -8.3571231
            ],
            [
              -75.9702129,
              -8.3560684
            ],
            [
              -75.9710311,
              -8.3548594
            ],
            [
              -75.971461,
              -8.3535722
            ],
            [
              -75.9716954,
              -8.3525176
            ],
            [
              -75.9724745,
              -8.3493965
            ],
            [
              -75.9729687,
              -8.3466914
            ],
            [
              -75.9740605,
              -8.344043
            ],
            [
              -75.9745176,
              -8.3432402
            ],
            [
              -75.9771035,
              -8.3397285
            ],
            [
              -75.9772715,
              -8.3393262
            ],
            [
              -75.9784844,
              -8.3374844
            ],
            [
              -75.9799199,
              -8.3359882
            ],
            [
              -75.9800645,
              -8.3360156
            ],
            [
              -75.9806132,
              -8.335584
            ],
            [
              -75.9815371,
              -8.335295
            ],
            [
              -75.9826895,
              -8.3346016
            ],
            [
              -75.9841836,
              -8.332875
            ],
            [
              -75.9849239,
              -8.331666
            ],
            [
              -75.9853906,
              -8.330459
            ],
            [
              -75.9855566,
              -8.3295957
            ],
            [
              -75.9855507,
              -8.3282169
            ],
            [
              -75.985207,
              -8.3275294
            ],
            [
              -75.9851465,
              -8.3251152
            ],
            [
              -75.9846191,
              -8.3241972
            ],
            [
              -75.9846117,
              -8.3241905
            ],
            [
              -75.9843692,
              -8.3238821
            ],
            [
              -75.9841187,
              -8.3234541
            ],
            [
              -75.9840367,
              -8.3231445
            ],
            [
              -75.984137,
              -8.3228394
            ],
            [
              -75.9845877,
              -8.3223931
            ],
            [
              -75.9849629,
              -8.3221504
            ],
            [
              -75.9856524,
              -8.3222226
            ],
            [
              -75.9864257,
              -8.322295
            ],
            [
              -75.9865801,
              -8.3222402
            ],
            [
              -75.988541,
              -8.3220059
            ],
            [
              -75.9899746,
              -8.3216562
            ],
            [
              -75.9901504,
              -8.3217149
            ],
            [
              -75.9919961,
              -8.3210781
            ],
            [
              -75.9925684,
              -8.3207305
            ],
            [
              -75.994125,
              -8.3192344
            ],
            [
              -75.9952774,
              -8.3179101
            ],
            [
              -75.9967735,
              -8.3164121
            ],
            [
              -75.9971152,
              -8.3162969
            ],
            [
              -75.9984434,
              -8.315086
            ],
            [
              -75.9992441,
              -8.314625
            ],
            [
              -76.0001542,
              -8.314332
            ],
            [
              -76.0010449,
              -8.3145606
            ],
            [
              -76.0015097,
              -8.31525
            ],
            [
              -76.0016855,
              -8.3158809
            ],
            [
              -76.001748,
              -8.3180059
            ],
            [
              -76.0018086,
              -8.3193847
            ],
            [
              -76.0023886,
              -8.3206485
            ],
            [
              -76.0029062,
              -8.321336
            ],
            [
              -76.0036621,
              -8.3220801
            ],
            [
              -76.0044707,
              -8.322711
            ],
            [
              -76.005623,
              -8.3231681
            ],
            [
              -76.007584,
              -8.3229902
            ],
            [
              -76.0085527,
              -8.3230254
            ],
            [
              -76.0094766,
              -8.3234512
            ],
            [
              -76.0108497,
              -8.3235507
            ],
            [
              -76.0116992,
              -8.323625
            ],
            [
              -76.0127226,
              -8.3238496
            ],
            [
              -76.0133496,
              -8.3240976
            ],
            [
              -76.0136895,
              -8.3246757
            ],
            [
              -76.0142285,
              -8.3251562
            ],
            [
              -76.0154882,
              -8.3253555
            ],
            [
              -76.0161074,
              -8.3252149
            ],
            [
              -76.0170254,
              -8.3250957
            ],
            [
              -76.0182051,
              -8.3246972
            ],
            [
              -76.0188632,
              -8.324416
            ],
            [
              -76.0192636,
              -8.3243965
            ],
            [
              -76.020961,
              -8.3239981
            ],
            [
              -76.0223204,
              -8.3235781
            ],
            [
              -76.0225996,
              -8.3235371
            ],
            [
              -76.0235586,
              -8.3237969
            ],
            [
              -76.0240976,
              -8.3240371
            ],
            [
              -76.0247969,
              -8.324457
            ],
            [
              -76.0252364,
              -8.3250156
            ],
            [
              -76.0254961,
              -8.325584
            ],
            [
              -76.0255684,
              -8.3269082
            ],
            [
              -76.0259454,
              -8.3276367
            ],
            [
              -76.0262696,
              -8.3282579
            ],
            [
              -76.0266739,
              -8.3285527
            ],
            [
              -76.0278867,
              -8.3290664
            ],
            [
              -76.0304199,
              -8.3293086
            ],
            [
              -76.0330625,
              -8.3292812
            ],
            [
              -76.034707,
              -8.3292012
            ],
            [
              -76.0359805,
              -8.3294101
            ],
            [
              -76.0380605,
              -8.3306114
            ],
            [
              -76.039625,
              -8.3319277
            ],
            [
              -76.0403222,
              -8.3329024
            ],
            [
              -76.0411309,
              -8.3345664
            ],
            [
              -76.0413886,
              -8.3352752
            ],
            [
              -76.0416465,
              -8.3361739
            ],
            [
              -76.0416641,
              -8.336916
            ],
            [
              -76.04125,
              -8.3382441
            ],
            [
              -76.0411817,
              -8.3391582
            ],
            [
              -76.0411992,
              -8.340125
            ],
            [
              -76.0414062,
              -8.340832
            ],
            [
              -76.0420781,
              -8.3413847
            ],
            [
              -76.0423379,
              -8.3415215
            ],
            [
              -76.0425957,
              -8.3415919
            ],
            [
              -76.0436152,
              -8.3415215
            ],
            [
              -76.045168,
              -8.3414356
            ],
            [
              -76.0464434,
              -8.341332
            ],
            [
              -76.0469276,
              -8.3411426
            ],
            [
              -76.0472715,
              -8.340918
            ],
            [
              -76.0477891,
              -8.3405039
            ],
            [
              -76.0486172,
              -8.3396934
            ],
            [
              -76.0489805,
              -8.3388985
            ],
            [
              -76.0493847,
              -8.3379922
            ],
            [
              -76.0509941,
              -8.3343691
            ],
            [
              -76.0511094,
              -8.3338516
            ],
            [
              -76.0526542,
              -8.3315996
            ],
            [
              -76.0539472,
              -8.3303535
            ],
            [
              -76.0551934,
              -8.3296152
            ],
            [
              -76.0563476,
              -8.329291
            ],
            [
              -76.0574551,
              -8.3295684
            ],
            [
              -76.059209,
              -8.3299375
            ],
            [
              -76.0605625,
              -8.3305507
            ],
            [
              -76.0615625,
              -8.3308614
            ],
            [
              -76.0623926,
              -8.3312754
            ],
            [
              -76.0629004,
              -8.3317382
            ],
            [
              -76.0635937,
              -8.3321524
            ],
            [
              -76.0644239,
              -8.3326601
            ],
            [
              -76.0649316,
              -8.333168
            ],
            [
              -76.0654395,
              -8.334
            ],
            [
              -76.0667324,
              -8.3355685
            ],
            [
              -76.0688086,
              -8.3377832
            ],
            [
              -76.0700079,
              -8.3384297
            ],
            [
              -76.0711621,
              -8.3387989
            ],
            [
              -76.0732851,
              -8.3397226
            ],
            [
              -76.0742539,
              -8.3401836
            ],
            [
              -76.0749472,
              -8.3403222
            ],
            [
              -76.0758242,
              -8.3399531
            ],
            [
              -76.0766542,
              -8.3393985
            ],
            [
              -76.0782695,
              -8.338707
            ],
            [
              -76.0795156,
              -8.3381074
            ],
            [
              -76.0803926,
              -8.3375997
            ],
            [
              -76.0818222,
              -8.3369981
            ],
            [
              -76.0831152,
              -8.3368614
            ],
            [
              -76.0851465,
              -8.3362597
            ],
            [
              -76.0860684,
              -8.3363066
            ],
            [
              -76.0871757,
              -8.3369062
            ],
            [
              -76.0880079,
              -8.337875
            ],
            [
              -76.0889766,
              -8.3393066
            ],
            [
              -76.090127,
              -8.3416172
            ],
            [
              -76.0907051,
              -8.3425351
            ],
            [
              -76.0916289,
              -8.3436231
            ],
            [
              -76.0941229,
              -8.3478106
            ],
            [
              -76.0951699,
              -8.3505664
            ],
            [
              -76.0954375,
              -8.3519062
            ],
            [
              -76.0957149,
              -8.3530606
            ],
            [
              -76.0962226,
              -8.3546757
            ],
            [
              -76.0964531,
              -8.3562441
            ],
            [
              -76.0964531,
              -8.3574434
            ],
            [
              -76.0967305,
              -8.3587364
            ],
            [
              -76.096961,
              -8.3600744
            ],
            [
              -76.0971445,
              -8.3619669
            ],
            [
              -76.0972382,
              -8.3638125
            ],
            [
              -76.0976074,
              -8.3655215
            ],
            [
              -76.0982129,
              -8.3668164
            ],
            [
              -76.0992676,
              -8.3676895
            ],
            [
              -76.1003751,
              -8.3679669
            ],
            [
              -76.1013457,
              -8.3688437
            ],
            [
              -76.1015761,
              -8.3699044
            ],
            [
              -76.1018066,
              -8.3710585
            ],
            [
              -76.1026367,
              -8.3731816
            ],
            [
              -76.1044376,
              -8.376459
            ],
            [
              -76.1066524,
              -8.3779356
            ],
            [
              -76.1083145,
              -8.3787207
            ],
            [
              -76.109166,
              -8.3796132
            ],
            [
              -76.109912,
              -8.3801367
            ],
            [
              -76.110207,
              -8.3803809
            ],
            [
              -76.1110899,
              -8.381457
            ],
            [
              -76.111959,
              -8.3823262
            ],
            [
              -76.1128281,
              -8.3834864
            ],
            [
              -76.1132344,
              -8.3842382
            ],
            [
              -76.1132344,
              -8.3852246
            ],
            [
              -76.1128281,
              -8.3864981
            ],
            [
              -76.1121914,
              -8.387832
            ],
            [
              -76.1114375,
              -8.3887579
            ],
            [
              -76.1107422,
              -8.389918
            ],
            [
              -76.1099882,
              -8.3915391
            ],
            [
              -76.1096992,
              -8.3928145
            ],
            [
              -76.1094667,
              -8.3941465
            ],
            [
              -76.1086562,
              -8.3961172
            ],
            [
              -76.1079024,
              -8.3977382
            ],
            [
              -76.1077871,
              -8.3990137
            ],
            [
              -76.1079414,
              -8.4003419
            ],
            [
              -76.1080194,
              -8.4006934
            ],
            [
              -76.1088301,
              -8.4013889
            ],
            [
              -76.109584,
              -8.402084
            ],
            [
              -76.1099882,
              -8.4028965
            ],
            [
              -76.1103945,
              -8.4048651
            ],
            [
              -76.1101055,
              -8.4064882
            ],
            [
              -76.1098145,
              -8.4077637
            ],
            [
              -76.109293,
              -8.4099062
            ],
            [
              -76.1085976,
              -8.4139629
            ],
            [
              -76.1087149,
              -8.4159902
            ],
            [
              -76.1094101,
              -8.4177871
            ],
            [
              -76.1110899,
              -8.4197579
            ],
            [
              -76.1134864,
              -8.4219844
            ],
            [
              -76.1150507,
              -8.4237012
            ],
            [
              -76.1166699,
              -8.4259981
            ],
            [
              -76.1181172,
              -8.4285215
            ],
            [
              -76.1188204,
              -8.4304122
            ],
            [
              -76.1187597,
              -8.4327559
            ],
            [
              -76.1186445,
              -8.4340117
            ],
            [
              -76.1182461,
              -8.4353827
            ],
            [
              -76.1178965,
              -8.4367051
            ],
            [
              -76.1177891,
              -8.4382382
            ],
            [
              -76.1173886,
              -8.4397794
            ],
            [
              -76.1170469,
              -8.4409219
            ],
            [
              -76.1169316,
              -8.4421777
            ],
            [
              -76.1174062,
              -8.4431739
            ],
            [
              -76.1177597,
              -8.4437461
            ],
            [
              -76.1189199,
              -8.4449492
            ],
            [
              -76.120713,
              -8.4464395
            ],
            [
              -76.1211172,
              -8.4466094
            ],
            [
              -76.1225586,
              -8.447582
            ],
            [
              -76.1234902,
              -8.4484981
            ],
            [
              -76.124588,
              -8.449875
            ],
            [
              -76.1251074,
              -8.450793
            ],
            [
              -76.1259765,
              -8.4518809
            ],
            [
              -76.1260117,
              -8.4528575
            ],
            [
              -76.1264121,
              -8.4536562
            ],
            [
              -76.1268691,
              -8.4541719
            ],
            [
              -76.1280684,
              -8.4553125
            ],
            [
              -76.1286465,
              -8.4571016
            ],
            [
              -76.1284726,
              -8.4581719
            ],
            [
              -76.1284726,
              -8.4592736
            ],
            [
              -76.1281816,
              -8.4608379
            ],
            [
              -76.1282989,
              -8.4617071
            ],
            [
              -76.1282402,
              -8.4626914
            ],
            [
              -76.1278926,
              -8.4637344
            ],
            [
              -76.1276601,
              -8.4643145
            ],
            [
              -76.1277187,
              -8.4649512
            ],
            [
              -76.1286465,
              -8.4658204
            ],
            [
              -76.1298632,
              -8.4666895
            ],
            [
              -76.1304412,
              -8.4672111
            ],
            [
              -76.130668,
              -8.467877
            ],
            [
              -76.1306211,
              -8.4686191
            ],
            [
              -76.1303437,
              -8.4694531
            ],
            [
              -76.1302521,
              -8.4701035
            ],
            [
              -76.1305761,
              -8.4716329
            ],
            [
              -76.1304824,
              -8.4730704
            ],
            [
              -76.1305195,
              -8.4742422
            ],
            [
              -76.1302832,
              -8.4748594
            ],
            [
              -76.1300684,
              -8.475666
            ],
            [
              -76.1301172,
              -8.4768301
            ],
            [
              -76.1301172,
              -8.4785137
            ],
            [
              -76.130211,
              -8.4803652
            ],
            [
              -76.1298809,
              -8.4826094
            ],
            [
              -76.1294707,
              -8.4835957
            ],
            [
              -76.1293204,
              -8.4842187
            ],
            [
              -76.1292461,
              -8.4847812
            ],
            [
              -76.1292461,
              -8.485582
            ],
            [
              -76.1294024,
              -8.4866329
            ],
            [
              -76.129043,
              -8.4876561
            ],
            [
              -76.1289414,
              -8.4887832
            ],
            [
              -76.1288905,
              -8.4896035
            ],
            [
              -76.1286855,
              -8.4922149
            ],
            [
              -76.1282656,
              -8.4942266
            ],
            [
              -76.1281289,
              -8.4947246
            ],
            [
              -76.1278985,
              -8.495041
            ],
            [
              -76.1273652,
              -8.4954785
            ],
            [
              -76.1271055,
              -8.4955606
            ],
            [
              -76.1266934,
              -8.4958866
            ],
            [
              -76.1262442,
              -8.4966739
            ],
            [
              -76.1262051,
              -8.496918
            ],
            [
              -76.1262442,
              -8.49767
            ],
            [
              -76.1263047,
              -8.497959
            ],
            [
              -76.126541,
              -8.4984825
            ],
            [
              -76.1265489,
              -8.4986544
            ],
            [
              -76.1264336,
              -8.4990079
            ],
            [
              -76.1261757,
              -8.4992344
            ],
            [
              -76.1259531,
              -8.4995781
            ],
            [
              -76.1259004,
              -8.4997774
            ],
            [
              -76.1259336,
              -8.5
            ],
            [
              -76.1261582,
              -8.5013124
            ],
            [
              -76.1267754,
              -8.5031641
            ],
            [
              -76.1270684,
              -8.5043222
            ],
            [
              -76.127086,
              -8.5051094
            ],
            [
              -76.1269375,
              -8.5058516
            ],
            [
              -76.1263125,
              -8.5080332
            ],
            [
              -76.1260976,
              -8.5094726
            ],
            [
              -76.1261309,
              -8.5104454
            ],
            [
              -76.126457,
              -8.5119277
            ],
            [
              -76.126586,
              -8.5129472
            ],
            [
              -76.1265957,
              -8.5135039
            ],
            [
              -76.126543,
              -8.5140156
            ],
            [
              -76.1262422,
              -8.5148965
            ],
            [
              -76.1260684,
              -8.5156387
            ],
            [
              -76.1260215,
              -8.516334
            ],
            [
              -76.126086,
              -8.5169375
            ],
            [
              -76.1261699,
              -8.5172149
            ],
            [
              -76.1263847,
              -8.5176465
            ],
            [
              -76.1271055,
              -8.5183926
            ],
            [
              -76.1272636,
              -8.5186621
            ],
            [
              -76.127373,
              -8.5189864
            ],
            [
              -76.1274239,
              -8.5193106
            ],
            [
              -76.1274297,
              -8.5198672
            ],
            [
              -76.127375,
              -8.5203301
            ],
            [
              -76.1273261,
              -8.5216759
            ],
            [
              -76.1275625,
              -8.5234825
            ],
            [
              -76.1277246,
              -8.5241309
            ],
            [
              -76.1278829,
              -8.5245391
            ],
            [
              -76.1282792,
              -8.5252169
            ],
            [
              -76.1286524,
              -8.5256524
            ],
            [
              -76.1290391,
              -8.5259531
            ],
            [
              -76.1301875,
              -8.5266367
            ],
            [
              -76.1308204,
              -8.5271582
            ],
            [
              -76.1310704,
              -8.5274766
            ],
            [
              -76.1311542,
              -8.527715
            ],
            [
              -76.1311757,
              -8.528457
            ],
            [
              -76.1310781,
              -8.5295235
            ],
            [
              -76.130961,
              -8.530127
            ],
            [
              -76.13084,
              -8.5304004
            ],
            [
              -76.130586,
              -8.5307539
            ],
            [
              -76.1302579,
              -8.5310549
            ],
            [
              -76.129375,
              -8.5314805
            ],
            [
              -76.1288476,
              -8.5319277
            ],
            [
              -76.128582,
              -8.5322774
            ],
            [
              -76.128418,
              -8.532416
            ],
            [
              -76.1281524,
              -8.5329297
            ],
            [
              -76.1279844,
              -8.5334395
            ],
            [
              -76.1275781,
              -8.5357596
            ],
            [
              -76.1272226,
              -8.5371055
            ],
            [
              -76.127084,
              -8.5382305
            ],
            [
              -76.1271074,
              -8.5389941
            ],
            [
              -76.1274297,
              -8.5412207
            ],
            [
              -76.1274257,
              -8.5417871
            ],
            [
              -76.1273027,
              -8.5426035
            ],
            [
              -76.1270645,
              -8.5432559
            ],
            [
              -76.1264649,
              -8.5446426
            ],
            [
              -76.1263867,
              -8.5450742
            ],
            [
              -76.1263965,
              -8.545418
            ],
            [
              -76.126498,
              -8.545711
            ],
            [
              -76.1269844,
              -8.546211
            ],
            [
              -76.1273886,
              -8.5469004
            ],
            [
              -76.127998,
              -8.5488614
            ],
            [
              -76.1283437,
              -8.5497149
            ],
            [
              -76.1291854,
              -8.552045
            ],
            [
              -76.1294667,
              -8.552545
            ],
            [
              -76.129832,
              -8.5529844
            ],
            [
              -76.1302246,
              -8.5531797
            ],
            [
              -76.1305605,
              -8.5531544
            ],
            [
              -76.1309667,
              -8.5529316
            ],
            [
              -76.131248,
              -8.5526759
            ],
            [
              -76.1314629,
              -8.5525664
            ],
            [
              -76.1318496,
              -8.5525919
            ],
            [
              -76.1320117,
              -8.5528164
            ],
            [
              -76.1319882,
              -8.5531992
            ],
            [
              -76.1318867,
              -8.5535079
            ],
            [
              -76.1317167,
              -8.5538184
            ],
            [
              -76.131252,
              -8.5542266
            ],
            [
              -76.1304687,
              -8.554709
            ],
            [
              -76.1303457,
              -8.5552169
            ],
            [
              -76.1303555,
              -8.5558965
            ],
            [
              -76.1305937,
              -8.5568632
            ],
            [
              -76.1309454,
              -8.5579044
            ],
            [
              -76.1314472,
              -8.5591739
            ],
            [
              -76.1316836,
              -8.5605957
            ],
            [
              -76.1319805,
              -8.5616016
            ],
            [
              -76.132461,
              -8.5624492
            ],
            [
              -76.1336777,
              -8.5639805
            ],
            [
              -76.1341445,
              -8.5646465
            ],
            [
              -76.1343535,
              -8.5651114
            ],
            [
              -76.1345664,
              -8.5654472
            ],
            [
              -76.134836,
              -8.5660722
            ],
            [
              -76.1349864,
              -8.5664239
            ],
            [
              -76.1350215,
              -8.5673047
            ],
            [
              -76.1349336,
              -8.5679062
            ],
            [
              -76.1347129,
              -8.5683496
            ],
            [
              -76.1342851,
              -8.5689414
            ],
            [
              -76.134041,
              -8.5695137
            ],
            [
              -76.134084,
              -8.5700079
            ],
            [
              -76.1345549,
              -8.5711191
            ],
            [
              -76.1346816,
              -8.5719082
            ],
            [
              -76.1346797,
              -8.5725566
            ],
            [
              -76.1344491,
              -8.5734844
            ],
            [
              -76.1338789,
              -8.5747382
            ],
            [
              -76.1327792,
              -8.5764531
            ],
            [
              -76.131252,
              -8.5780937
            ],
            [
              -76.1309395,
              -8.5785645
            ],
            [
              -76.130543,
              -8.579375
            ],
            [
              -76.130127,
              -8.5797695
            ],
            [
              -76.1296739,
              -8.5800625
            ],
            [
              -76.1280957,
              -8.5807031
            ],
            [
              -76.1274316,
              -8.5813222
            ],
            [
              -76.1272167,
              -8.5816816
            ],
            [
              -76.1271895,
              -8.5818301
            ],
            [
              -76.1270625,
              -8.5824785
            ],
            [
              -76.1270742,
              -8.5832676
            ],
            [
              -76.1270117,
              -8.583703
            ],
            [
              -76.1268926,
              -8.5840919
            ],
            [
              -76.1263007,
              -8.584875
            ],
            [
              -76.1248985,
              -8.5862559
            ],
            [
              -76.1245566,
              -8.5866757
            ],
            [
              -76.124127,
              -8.5875079
            ],
            [
              -76.1239042,
              -8.588377
            ],
            [
              -76.1236895,
              -8.5888301
            ],
            [
              -76.1230547,
              -8.589334
            ],
            [
              -76.1226329,
              -8.5894629
            ],
            [
              -76.1220722,
              -8.5894805
            ],
            [
              -76.1209532,
              -8.5892169
            ],
            [
              -76.120461,
              -8.5891914
            ],
            [
              -76.1203437,
              -8.589291
            ],
            [
              -76.1201601,
              -8.5895625
            ],
            [
              -76.1201836,
              -8.5899257
            ],
            [
              -76.1203047,
              -8.5902149
            ],
            [
              -76.1205722,
              -8.5905959
            ],
            [
              -76.1218887,
              -8.5920957
            ],
            [
              -76.1228691,
              -8.5939746
            ],
            [
              -76.1229785,
              -8.594582
            ],
            [
              -76.1230801,
              -8.5958809
            ],
            [
              -76.1231094,
              -8.5969922
            ],
            [
              -76.1229434,
              -8.5985704
            ],
            [
              -76.1230684,
              -8.5997362
            ],
            [
              -76.1244024,
              -8.6027851
            ],
            [
              -76.1245292,
              -8.6035722
            ],
            [
              -76.1245079,
              -8.6045
            ],
            [
              -76.1243555,
              -8.6051035
            ],
            [
              -76.1241719,
              -8.6053926
            ],
            [
              -76.1240684,
              -8.6056719
            ],
            [
              -76.1238829,
              -8.6066347
            ],
            [
              -76.1238945,
              -8.6071465
            ],
            [
              -76.1240469,
              -8.6079336
            ],
            [
              -76.1240312,
              -8.6082579
            ],
            [
              -76.123959,
              -8.6085195
            ],
            [
              -76.1237754,
              -8.6086544
            ],
            [
              -76.1236289,
              -8.608668
            ],
            [
              -76.1221504,
              -8.6083906
            ],
            [
              -76.1217207,
              -8.6084726
            ],
            [
              -76.1213145,
              -8.6086191
            ],
            [
              -76.1211309,
              -8.6087597
            ],
            [
              -76.1209062,
              -8.609125
            ],
            [
              -76.1208047,
              -8.609543
            ],
            [
              -76.1208574,
              -8.6104024
            ],
            [
              -76.1209804,
              -8.6107051
            ],
            [
              -76.1212754,
              -8.6111895
            ],
            [
              -76.1214881,
              -8.6117441
            ],
            [
              -76.1216524,
              -8.6128321
            ],
            [
              -76.1218809,
              -8.613252
            ],
            [
              -76.1220292,
              -8.6134277
            ],
            [
              -76.1228379,
              -8.6139551
            ],
            [
              -76.123293,
              -8.614545
            ],
            [
              -76.1233555,
              -8.6150176
            ],
            [
              -76.1232344,
              -8.6155722
            ],
            [
              -76.1230879,
              -8.615836
            ],
            [
              -76.122791,
              -8.6161504
            ],
            [
              -76.1225781,
              -8.6164707
            ],
            [
              -76.12225,
              -8.6172207
            ],
            [
              -76.1220879,
              -8.6174806
            ],
            [
              -76.1216309,
              -8.617707
            ],
            [
              -76.1214434,
              -8.6177774
            ],
            [
              -76.1207187,
              -8.6180566
            ],
            [
              -76.1205176,
              -8.6182051
            ],
            [
              -76.1203789,
              -8.6183985
            ],
            [
              -76.1202695,
              -8.6188281
            ],
            [
              -76.120293,
              -8.6190625
            ],
            [
              -76.1205235,
              -8.6196934
            ],
            [
              -76.121668,
              -8.6214805
            ],
            [
              -76.1218926,
              -8.6220371
            ],
            [
              -76.121959,
              -8.6227891
            ],
            [
              -76.12175,
              -8.6236524
            ],
            [
              -76.1217324,
              -8.6239922
            ],
            [
              -76.1220195,
              -8.624252
            ],
            [
              -76.1225021,
              -8.6242402
            ],
            [
              -76.1228711,
              -8.6240391
            ],
            [
              -76.1232989,
              -8.6237207
            ],
            [
              -76.123709,
              -8.623668
            ],
            [
              -76.123875,
              -8.6237207
            ],
            [
              -76.1240274,
              -8.6238419
            ],
            [
              -76.1242031,
              -8.6241016
            ],
            [
              -76.1242401,
              -8.6242461
            ],
            [
              -76.1241757,
              -8.6246387
            ],
            [
              -76.1237715,
              -8.6257637
            ],
            [
              -76.1232324,
              -8.6264746
            ],
            [
              -76.1228769,
              -8.6268399
            ],
            [
              -76.1224667,
              -8.6271485
            ],
            [
              -76.1218789,
              -8.6274825
            ],
            [
              -76.1213555,
              -8.6277031
            ],
            [
              -76.1205235,
              -8.6283242
            ],
            [
              -76.1202949,
              -8.6287637
            ],
            [
              -76.1201562,
              -8.6295176
            ],
            [
              -76.1201621,
              -8.62975
            ],
            [
              -76.1202266,
              -8.6299922
            ],
            [
              -76.1204297,
              -8.6303615
            ],
            [
              -76.1213516,
              -8.6316114
            ],
            [
              -76.1213632,
              -8.6320079
            ],
            [
              -76.1212246,
              -8.633166
            ],
            [
              -76.1210742,
              -8.633756
            ],
            [
              -76.1206114,
              -8.6346504
            ],
            [
              -76.1203204,
              -8.6349882
            ],
            [
              -76.1198789,
              -8.635375
            ],
            [
              -76.119582,
              -8.6354844
            ],
            [
              -76.1188301,
              -8.635584
            ],
            [
              -76.1180899,
              -8.6358144
            ],
            [
              -76.1178594,
              -8.6362481
            ],
            [
              -76.1176932,
              -8.6369395
            ],
            [
              -76.1175449,
              -8.6371172
            ],
            [
              -76.117293,
              -8.6373125
            ],
            [
              -76.1168847,
              -8.6372617
            ],
            [
              -76.1164102,
              -8.6369981
            ],
            [
              -76.1160371,
              -8.6363594
            ],
            [
              -76.1157617,
              -8.6352989
            ],
            [
              -76.1155957,
              -8.6350645
            ],
            [
              -76.1154121,
              -8.634961
            ],
            [
              -76.1151016,
              -8.634961
            ],
            [
              -76.1147521,
              -8.6350195
            ],
            [
              -76.1144082,
              -8.6351562
            ],
            [
              -76.1139922,
              -8.6354082
            ],
            [
              -76.1136895,
              -8.6356757
            ],
            [
              -76.1132891,
              -8.6361601
            ],
            [
              -76.1129864,
              -8.6366172
            ],
            [
              -76.1127461,
              -8.6371914
            ],
            [
              -76.1125371,
              -8.6377871
            ],
            [
              -76.1121504,
              -8.6389297
            ],
            [
              -76.1118379,
              -8.6393809
            ],
            [
              -76.1116347,
              -8.6394491
            ],
            [
              -76.1114414,
              -8.639416
            ],
            [
              -76.1111934,
              -8.6391172
            ],
            [
              -76.1108985,
              -8.6385527
            ],
            [
              -76.1105781,
              -8.638295
            ],
            [
              -76.110373,
              -8.6382891
            ],
            [
              -76.1099864,
              -8.6384591
            ],
            [
              -76.1096055,
              -8.6387246
            ],
            [
              -76.1083906,
              -8.6398379
            ],
            [
              -76.1076171,
              -8.6404669
            ],
            [
              -76.1074707,
              -8.6406895
            ],
            [
              -76.1072949,
              -8.6411485
            ],
            [
              -76.107,
              -8.6424512
            ],
            [
              -76.1070254,
              -8.6430037
            ],
            [
              -76.1073301,
              -8.6442207
            ],
            [
              -76.1074707,
              -8.6450899
            ],
            [
              -76.1074649,
              -8.6457851
            ],
            [
              -76.1071191,
              -8.6482382
            ],
            [
              -76.1071289,
              -8.6488007
            ],
            [
              -76.1073261,
              -8.6494941
            ],
            [
              -76.1075079,
              -8.6498594
            ],
            [
              -76.1079336,
              -8.6503867
            ],
            [
              -76.1084824,
              -8.6508419
            ],
            [
              -76.1089551,
              -8.6513867
            ],
            [
              -76.1092752,
              -8.6519297
            ],
            [
              -76.109377,
              -8.6522715
            ],
            [
              -76.1094004,
              -8.6525312
            ],
            [
              -76.1093417,
              -8.6528614
            ],
            [
              -76.1090996,
              -8.6534219
            ],
            [
              -76.1091386,
              -8.6538086
            ],
            [
              -76.1091934,
              -8.653957
            ],
            [
              -76.1094004,
              -8.6540606
            ],
            [
              -76.1097402,
              -8.6540586
            ],
            [
              -76.1118927,
              -8.6531816
            ],
            [
              -76.1126641,
              -8.6530176
            ],
            [
              -76.1133399,
              -8.6530625
            ],
            [
              -76.1136601,
              -8.6533027
            ],
            [
              -76.1139336,
              -8.6536465
            ],
            [
              -76.1140625,
              -8.6539297
            ],
            [
              -76.1140742,
              -8.654166
            ],
            [
              -76.1140136,
              -8.6545254
            ],
            [
              -76.1138672,
              -8.6548674
            ],
            [
              -76.1130899,
              -8.6560079
            ],
            [
              -76.1129961,
              -8.6564336
            ],
            [
              -76.1130645,
              -8.6567969
            ],
            [
              -76.1131757,
              -8.656916
            ],
            [
              -76.1133261,
              -8.6569024
            ],
            [
              -76.113707,
              -8.6566972
            ],
            [
              -76.1142656,
              -8.6562715
            ],
            [
              -76.1144941,
              -8.6561875
            ],
            [
              -76.1146934,
              -8.656211
            ],
            [
              -76.1147792,
              -8.6563047
            ],
            [
              -76.1148926,
              -8.6566016
            ],
            [
              -76.1149726,
              -8.6571389
            ],
            [
              -76.1150605,
              -8.6573887
            ],
            [
              -76.1155,
              -8.6576836
            ],
            [
              -76.115668,
              -8.65767
            ],
            [
              -76.1159257,
              -8.6575742
            ],
            [
              -76.1175957,
              -8.656541
            ],
            [
              -76.1180605,
              -8.6561191
            ],
            [
              -76.1185,
              -8.6553555
            ],
            [
              -76.1185625,
              -8.6551387
            ],
            [
              -76.1185195,
              -8.6547364
            ],
            [
              -76.1182774,
              -8.6537344
            ],
            [
              -76.1183437,
              -8.653207
            ],
            [
              -76.1184844,
              -8.6528632
            ],
            [
              -76.1186406,
              -8.6526465
            ],
            [
              -76.1189687,
              -8.6524102
            ],
            [
              -76.1192441,
              -8.6523204
            ],
            [
              -76.119418,
              -8.6523437
            ],
            [
              -76.1197617,
              -8.6528204
            ],
            [
              -76.119836,
              -8.6531094
            ],
            [
              -76.1198614,
              -8.6536816
            ],
            [
              -76.1199239,
              -8.6538789
            ],
            [
              -76.1204355,
              -8.6540566
            ],
            [
              -76.1206504,
              -8.6540312
            ],
            [
              -76.1214062,
              -8.6537169
            ],
            [
              -76.1216797,
              -8.6537441
            ],
            [
              -76.1222559,
              -8.6538985
            ],
            [
              -76.122791,
              -8.6539316
            ],
            [
              -76.1230059,
              -8.6536172
            ],
            [
              -76.1232226,
              -8.653086
            ],
            [
              -76.123461,
              -8.6528711
            ],
            [
              -76.1235801,
              -8.6528437
            ],
            [
              -76.1238496,
              -8.6529239
            ],
            [
              -76.1239707,
              -8.6530236
            ],
            [
              -76.1241719,
              -8.6533867
            ],
            [
              -76.1245156,
              -8.6544297
            ],
            [
              -76.125168,
              -8.6556504
            ],
            [
              -76.1253985,
              -8.6559434
            ],
            [
              -76.125668,
              -8.6561875
            ],
            [
              -76.1259414,
              -8.6563651
            ],
            [
              -76.1262891,
              -8.656502
            ],
            [
              -76.1273965,
              -8.6565937
            ],
            [
              -76.127791,
              -8.6565684
            ],
            [
              -76.1281329,
              -8.6564805
            ],
            [
              -76.1284141,
              -8.6562344
            ],
            [
              -76.1288867,
              -8.6556955
            ],
            [
              -76.12925,
              -8.655418
            ],
            [
              -76.1296992,
              -8.6552187
            ],
            [
              -76.1300292,
              -8.6552871
            ],
            [
              -76.1303301,
              -8.6555586
            ],
            [
              -76.1309336,
              -8.6563066
            ],
            [
              -76.1312559,
              -8.6567871
            ],
            [
              -76.1314531,
              -8.65725
            ],
            [
              -76.1315332,
              -8.6578281
            ],
            [
              -76.1314667,
              -8.6583926
            ],
            [
              -76.1312207,
              -8.6592012
            ],
            [
              -76.1309629,
              -8.6596172
            ],
            [
              -76.1306875,
              -8.6599277
            ],
            [
              -76.1305059,
              -8.6600645
            ],
            [
              -76.1302949,
              -8.660332
            ],
            [
              -76.1300742,
              -8.6607812
            ],
            [
              -76.1300586,
              -8.6611954
            ],
            [
              -76.1302792,
              -8.6621211
            ],
            [
              -76.1301386,
              -8.6627774
            ],
            [
              -76.130207,
              -8.6631114
            ],
            [
              -76.1305801,
              -8.6634062
            ],
            [
              -76.1310195,
              -8.663633
            ],
            [
              -76.131209,
              -8.6637989
            ],
            [
              -76.1314141,
              -8.6640645
            ],
            [
              -76.131582,
              -8.6644239
            ],
            [
              -76.131752,
              -8.6645976
            ],
            [
              -76.1318672,
              -8.6646486
            ],
            [
              -76.1320312,
              -8.6646094
            ],
            [
              -76.132285,
              -8.664418
            ],
            [
              -76.1323672,
              -8.6642461
            ],
            [
              -76.1323261,
              -8.6638535
            ],
            [
              -76.1319336,
              -8.662672
            ],
            [
              -76.1319374,
              -8.6624219
            ],
            [
              -76.1319864,
              -8.6622539
            ],
            [
              -76.1321055,
              -8.6621582
            ],
            [
              -76.1322344,
              -8.6621465
            ],
            [
              -76.1325351,
              -8.6624141
            ],
            [
              -76.1329277,
              -8.6630156
            ],
            [
              -76.1332539,
              -8.6633652
            ],
            [
              -76.1340469,
              -8.6639902
            ],
            [
              -76.1356114,
              -8.6653516
            ],
            [
              -76.1362735,
              -8.6658066
            ],
            [
              -76.1364062,
              -8.6658262
            ],
            [
              -76.1365566,
              -8.6657794
            ],
            [
              -76.1368847,
              -8.6654784
            ],
            [
              -76.1369511,
              -8.6653496
            ],
            [
              -76.137209,
              -8.665252
            ],
            [
              -76.1375566,
              -8.665207
            ],
            [
              -76.1379649,
              -8.6652774
            ],
            [
              -76.1383007,
              -8.665416
            ],
            [
              -76.1387266,
              -8.6657344
            ],
            [
              -76.1394882,
              -8.6666406
            ],
            [
              -76.139707,
              -8.6671544
            ],
            [
              -76.1398632,
              -8.6684101
            ],
            [
              -76.1398535,
              -8.6692812
            ],
            [
              -76.1396972,
              -8.6698027
            ],
            [
              -76.1394766,
              -8.6702676
            ],
            [
              -76.1386641,
              -8.671545
            ],
            [
              -76.1381797,
              -8.6723965
            ],
            [
              -76.1378261,
              -8.67275
            ],
            [
              -76.137375,
              -8.6729707
            ],
            [
              -76.1370489,
              -8.6730682
            ],
            [
              -76.1366797,
              -8.6733184
            ],
            [
              -76.136543,
              -8.6734961
            ],
            [
              -76.136498,
              -8.6736426
            ],
            [
              -76.1365176,
              -8.6738379
            ],
            [
              -76.1365312,
              -8.6740527
            ],
            [
              -76.1368184,
              -8.6743184
            ],
            [
              -76.1373887,
              -8.6746152
            ],
            [
              -76.137541,
              -8.6748321
            ],
            [
              -76.1374882,
              -8.6760097
            ],
            [
              -76.1375391,
              -8.6762461
            ],
            [
              -76.1377226,
              -8.6765762
            ],
            [
              -76.1382011,
              -8.6770391
            ],
            [
              -76.1391426,
              -8.677625
            ],
            [
              -76.1393574,
              -8.6778244
            ],
            [
              -76.1398437,
              -8.6788437
            ],
            [
              -76.140375,
              -8.6804649
            ],
            [
              -76.1406484,
              -8.6817285
            ],
            [
              -76.1408164,
              -8.6821544
            ],
            [
              -76.1409785,
              -8.6822735
            ],
            [
              -76.1412695,
              -8.6822754
            ],
            [
              -76.141793,
              -8.6818691
            ],
            [
              -76.1420684,
              -8.681711
            ],
            [
              -76.1424882,
              -8.6817382
            ],
            [
              -76.142709,
              -8.6819024
            ],
            [
              -76.1428164,
              -8.682047
            ],
            [
              -76.1429922,
              -8.6824531
            ],
            [
              -76.1430976,
              -8.6825606
            ],
            [
              -76.1435,
              -8.6836016
            ],
            [
              -76.1437539,
              -8.6851035
            ],
            [
              -76.1439726,
              -8.6856621
            ],
            [
              -76.1441641,
              -8.6858457
            ],
            [
              -76.144416,
              -8.6859981
            ],
            [
              -76.1450781,
              -8.686209
            ],
            [
              -76.1454297,
              -8.686752
            ],
            [
              -76.1454591,
              -8.6874629
            ],
            [
              -76.1454239,
              -8.6878691
            ],
            [
              -76.1451406,
              -8.688625
            ],
            [
              -76.1446895,
              -8.6893789
            ],
            [
              -76.1445,
              -8.6898437
            ],
            [
              -76.1443691,
              -8.6903652
            ],
            [
              -76.1444024,
              -8.691082
            ],
            [
              -76.144459,
              -8.6913262
            ],
            [
              -76.1447754,
              -8.6919864
            ],
            [
              -76.1458184,
              -8.6936582
            ],
            [
              -76.1463614,
              -8.6947637
            ],
            [
              -76.1465996,
              -8.6951465
            ],
            [
              -76.147377,
              -8.6967891
            ],
            [
              -76.147584,
              -8.6976016
            ],
            [
              -76.1475801,
              -8.6983535
            ],
            [
              -76.1473652,
              -8.6995137
            ],
            [
              -76.1472051,
              -8.7008829
            ],
            [
              -76.1473572,
              -8.7020059
            ],
            [
              -76.1473496,
              -8.7024707
            ],
            [
              -76.1471132,
              -8.7033399
            ],
            [
              -76.1469825,
              -8.7037246
            ],
            [
              -76.146541,
              -8.7050235
            ],
            [
              -76.1464902,
              -8.7054726
            ],
            [
              -76.1465664,
              -8.7059141
            ],
            [
              -76.1467792,
              -8.7062735
            ],
            [
              -76.147207,
              -8.7066347
            ],
            [
              -76.1477285,
              -8.7068066
            ],
            [
              -76.1488184,
              -8.7070566
            ],
            [
              -76.1494902,
              -8.7072851
            ],
            [
              -76.1500937,
              -8.7075722
            ],
            [
              -76.1504882,
              -8.7079219
            ],
            [
              -76.1507656,
              -8.708375
            ],
            [
              -76.1508809,
              -8.7086544
            ],
            [
              -76.1508594,
              -8.7090781
            ],
            [
              -76.1506562,
              -8.7094375
            ],
            [
              -76.150252,
              -8.7097422
            ],
            [
              -76.1498007,
              -8.7099531
            ],
            [
              -76.1492461,
              -8.710133
            ],
            [
              -76.148668,
              -8.7102364
            ],
            [
              -76.146711,
              -8.7101601
            ],
            [
              -76.1461562,
              -8.7102461
            ],
            [
              -76.1456972,
              -8.7104472
            ],
            [
              -76.145332,
              -8.71091
            ],
            [
              -76.145248,
              -8.7111934
            ],
            [
              -76.1452656,
              -8.7114356
            ],
            [
              -76.1455899,
              -8.7121914
            ],
            [
              -76.146418,
              -8.7134551
            ],
            [
              -76.1468632,
              -8.7142774
            ],
            [
              -76.1471485,
              -8.7149726
            ],
            [
              -76.1475684,
              -8.7163887
            ],
            [
              -76.148,
              -8.7176444
            ],
            [
              -76.1481524,
              -8.7179649
            ],
            [
              -76.1485664,
              -8.718295
            ],
            [
              -76.1488301,
              -8.7183027
            ],
            [
              -76.1495371,
              -8.7175586
            ],
            [
              -76.1496406,
              -8.717537
            ],
            [
              -76.149922,
              -8.7176231
            ],
            [
              -76.1503672,
              -8.7179766
            ],
            [
              -76.1509667,
              -8.7187481
            ],
            [
              -76.1513204,
              -8.7194414
            ],
            [
              -76.1515469,
              -8.7201172
            ],
            [
              -76.1517364,
              -8.7211504
            ],
            [
              -76.1519395,
              -8.721832
            ],
            [
              -76.1524395,
              -8.7223222
            ],
            [
              -76.1528672,
              -8.7225957
            ],
            [
              -76.1530351,
              -8.722795
            ],
            [
              -76.1532402,
              -8.7231777
            ],
            [
              -76.1533964,
              -8.7238399
            ],
            [
              -76.1534336,
              -8.7243066
            ],
            [
              -76.1531074,
              -8.7259279
            ],
            [
              -76.1531015,
              -8.726334
            ],
            [
              -76.1531561,
              -8.7266621
            ],
            [
              -76.1533809,
              -8.7273829
            ],
            [
              -76.1541171,
              -8.7289375
            ],
            [
              -76.1543711,
              -8.7297246
            ],
            [
              -76.1549355,
              -8.731045
            ],
            [
              -76.1555527,
              -8.7321542
            ],
            [
              -76.1559785,
              -8.7327559
            ],
            [
              -76.1563867,
              -8.7331191
            ],
            [
              -76.1565976,
              -8.7331757
            ],
            [
              -76.1567402,
              -8.7332676
            ],
            [
              -76.1570976,
              -8.7332715
            ],
            [
              -76.1579434,
              -8.7328145
            ],
            [
              -76.1583847,
              -8.7325019
            ],
            [
              -76.1588007,
              -8.7323281
            ],
            [
              -76.1607676,
              -8.7312695
            ],
            [
              -76.1613711,
              -8.7310645
            ],
            [
              -76.1618164,
              -8.7309864
            ],
            [
              -76.16225,
              -8.7310195
            ],
            [
              -76.1625039,
              -8.731168
            ],
            [
              -76.1628572,
              -8.7314785
            ],
            [
              -76.1629492,
              -8.7317617
            ],
            [
              -76.163166,
              -8.7328632
            ],
            [
              -76.1633652,
              -8.7350996
            ],
            [
              -76.1633945,
              -8.7364454
            ],
            [
              -76.1636016,
              -8.7376347
            ],
            [
              -76.1639492,
              -8.7388575
            ],
            [
              -76.1641347,
              -8.7392266
            ],
            [
              -76.1653516,
              -8.7407637
            ],
            [
              -76.1654864,
              -8.741084
            ],
            [
              -76.1656016,
              -8.7417735
            ],
            [
              -76.1655879,
              -8.7418965
            ],
            [
              -76.1654864,
              -8.7420566
            ],
            [
              -76.1650214,
              -8.7424766
            ],
            [
              -76.1640684,
              -8.742795
            ],
            [
              -76.1635489,
              -8.7430704
            ],
            [
              -76.1633066,
              -8.7435312
            ],
            [
              -76.1632304,
              -8.7439277
            ],
            [
              -76.163252,
              -8.7442715
            ],
            [
              -76.1634725,
              -8.745209
            ],
            [
              -76.1636445,
              -8.7462774
            ],
            [
              -76.1637655,
              -8.7465957
            ],
            [
              -76.163998,
              -8.7468632
            ],
            [
              -76.1643242,
              -8.74742
            ],
            [
              -76.1645312,
              -8.7482441
            ],
            [
              -76.1646016,
              -8.7493672
            ],
            [
              -76.1645781,
              -8.7503516
            ],
            [
              -76.1645137,
              -8.750875
            ],
            [
              -76.1645351,
              -8.7514004
            ],
            [
              -76.1646367,
              -8.7520644
            ],
            [
              -76.1647695,
              -8.7524961
            ],
            [
              -76.1650722,
              -8.7531504
            ],
            [
              -76.1655274,
              -8.7536914
            ],
            [
              -76.1657226,
              -8.7540059
            ],
            [
              -76.1658457,
              -8.7544356
            ],
            [
              -76.1659746,
              -8.7554277
            ],
            [
              -76.1661719,
              -8.756041
            ],
            [
              -76.1664395,
              -8.7564141
            ],
            [
              -76.1672617,
              -8.7568419
            ],
            [
              -76.1685391,
              -8.7571544
            ],
            [
              -76.1700547,
              -8.7573419
            ],
            [
              -76.1708427,
              -8.7576435
            ],
            [
              -76.1713965,
              -8.7578555
            ],
            [
              -76.1719902,
              -8.7582381
            ],
            [
              -76.1729317,
              -8.7591035
            ],
            [
              -76.1732207,
              -8.7592579
            ],
            [
              -76.1736465,
              -8.7593809
            ],
            [
              -76.1740469,
              -8.7596191
            ],
            [
              -76.1745195,
              -8.7595664
            ],
            [
              -76.1754869,
              -8.7592315
            ],
            [
              -76.178521,
              -8.7581681
            ],
            [
              -76.1801186,
              -8.7578402
            ],
            [
              -76.1820187,
              -8.7580515
            ],
            [
              -76.1831447,
              -8.7586005
            ],
            [
              -76.1841582,
              -8.7592479
            ],
            [
              -76.1862554,
              -8.7607397
            ],
            [
              -76.1869732,
              -8.7610495
            ],
            [
              -76.1877615,
              -8.7611761
            ],
            [
              -76.1888171,
              -8.7611339
            ],
            [
              -76.1900979,
              -8.7607116
            ],
            [
              -76.1905817,
              -8.7603972
            ],
            [
              -76.1928707,
              -8.75891
            ],
            [
              -76.1947286,
              -8.7574744
            ],
            [
              -76.1955169,
              -8.7570521
            ],
            [
              -76.1963895,
              -8.757066
            ],
            [
              -76.1973379,
              -8.7573145
            ],
            [
              -76.1980722,
              -8.7579239
            ],
            [
              -76.1985547,
              -8.7586094
            ],
            [
              -76.1988594,
              -8.7600546
            ],
            [
              -76.1988086,
              -8.7614492
            ],
            [
              -76.1987579,
              -8.7628945
            ],
            [
              -76.1988867,
              -8.7653555
            ],
            [
              -76.1991367,
              -8.7680684
            ],
            [
              -76.1995937,
              -8.769666
            ],
            [
              -76.2001777,
              -8.7708829
            ],
            [
              -76.2010137,
              -8.7719746
            ],
            [
              -76.2022579,
              -8.7735215
            ],
            [
              -76.202561,
              -8.7737652
            ],
            [
              -76.2044264,
              -8.7747164
            ],
            [
              -76.2059325,
              -8.7751246
            ],
            [
              -76.2075652,
              -8.7750965
            ],
            [
              -76.209212,
              -8.7747727
            ],
            [
              -76.2118019,
              -8.7734779
            ],
            [
              -76.2126745,
              -8.7731541
            ],
            [
              -76.2133906,
              -8.7732422
            ],
            [
              -76.2137724,
              -8.77352
            ],
            [
              -76.2139835,
              -8.7740126
            ],
            [
              -76.2139944,
              -8.7759267
            ],
            [
              -76.2139492,
              -8.7773242
            ],
            [
              -76.2138711,
              -8.7793281
            ],
            [
              -76.2138986,
              -8.7806972
            ],
            [
              -76.214252,
              -8.7833614
            ],
            [
              -76.2146582,
              -8.7846035
            ],
            [
              -76.2155235,
              -8.7866329
            ],
            [
              -76.2162812,
              -8.7875195
            ],
            [
              -76.2173222,
              -8.7883575
            ],
            [
              -76.2186914,
              -8.7887891
            ],
            [
              -76.2196797,
              -8.7890919
            ],
            [
              -76.2207969,
              -8.7894219
            ],
            [
              -76.2218106,
              -8.7900312
            ],
            [
              -76.2227754,
              -8.7905899
            ],
            [
              -76.2235605,
              -8.7914257
            ],
            [
              -76.2221406,
              -8.7913242
            ],
            [
              -76.2208457,
              -8.790918
            ],
            [
              -76.2190976,
              -8.7901075
            ],
            [
              -76.2181329,
              -8.7898535
            ],
            [
              -76.2166367,
              -8.7899805
            ],
            [
              -76.2152167,
              -8.7904121
            ],
            [
              -76.2140254,
              -8.7904375
            ],
            [
              -76.212123,
              -8.7899805
            ],
            [
              -76.2112344,
              -8.7892695
            ],
            [
              -76.2109551,
              -8.7882305
            ],
            [
              -76.2109551,
              -8.786836
            ],
            [
              -76.2112344,
              -8.7856934
            ],
            [
              -76.2113105,
              -8.7851621
            ],
            [
              -76.211209,
              -8.7846544
            ],
            [
              -76.2110137,
              -8.7843711
            ],
            [
              -76.2105507,
              -8.784375
            ],
            [
              -76.2100937,
              -8.784832
            ],
            [
              -76.2095097,
              -8.7851367
            ],
            [
              -76.2089844,
              -8.7853926
            ],
            [
              -76.2083809,
              -8.7855937
            ],
            [
              -76.2079551,
              -8.7855781
            ],
            [
              -76.2074472,
              -8.7857305
            ],
            [
              -76.2072364,
              -8.7859941
            ],
            [
              -76.2072167,
              -8.7863672
            ],
            [
              -76.2072987,
              -8.7870762
            ],
            [
              -76.207373,
              -8.7876387
            ],
            [
              -76.2074649,
              -8.7882209
            ],
            [
              -76.2074766,
              -8.7886992
            ],
            [
              -76.2072344,
              -8.7893145
            ],
            [
              -76.2068809,
              -8.789582
            ],
            [
              -76.2062715,
              -8.7895215
            ],
            [
              -76.2058847,
              -8.7890547
            ],
            [
              -76.2055195,
              -8.7880996
            ],
            [
              -76.2053574,
              -8.7873066
            ],
            [
              -76.2049297,
              -8.7867794
            ],
            [
              -76.2043007,
              -8.7864531
            ],
            [
              -76.2034882,
              -8.7861896
            ],
            [
              -76.2027149,
              -8.7859864
            ],
            [
              -76.2022891,
              -8.7856816
            ],
            [
              -76.2017597,
              -8.7849902
            ],
            [
              -76.2012325,
              -8.7843399
            ],
            [
              -76.2005215,
              -8.7840156
            ],
            [
              -76.1995039,
              -8.78375
            ],
            [
              -76.1984062,
              -8.7833419
            ],
            [
              -76.1974492,
              -8.7829629
            ],
            [
              -76.197127,
              -8.7829981
            ],
            [
              -76.1967617,
              -8.7831816
            ],
            [
              -76.1966601,
              -8.7836075
            ],
            [
              -76.1966797,
              -8.7843204
            ],
            [
              -76.1968027,
              -8.7850507
            ],
            [
              -76.1967617,
              -8.7857207
            ],
            [
              -76.1966406,
              -8.7862695
            ],
            [
              -76.1966191,
              -8.7868592
            ],
            [
              -76.1968632,
              -8.7875704
            ],
            [
              -76.1974316,
              -8.7884044
            ],
            [
              -76.1977364,
              -8.7890957
            ],
            [
              -76.1976954,
              -8.7894805
            ],
            [
              -76.1973711,
              -8.7897851
            ],
            [
              -76.1967617,
              -8.7901719
            ],
            [
              -76.1961114,
              -8.7906601
            ],
            [
              -76.1956836,
              -8.7912891
            ],
            [
              -76.1956836,
              -8.792041
            ],
            [
              -76.1956445,
              -8.7930371
            ],
            [
              -76.1955625,
              -8.793707
            ],
            [
              -76.1954551,
              -8.794125
            ],
            [
              -76.1949121,
              -8.7946231
            ],
            [
              -76.1941406,
              -8.7948457
            ],
            [
              -76.1931035,
              -8.7949882
            ],
            [
              -76.1923105,
              -8.7950897
            ],
            [
              -76.191375,
              -8.795082
            ],
            [
              -76.1908281,
              -8.7951504
            ],
            [
              -76.1902167,
              -8.7953945
            ],
            [
              -76.1899336,
              -8.7958829
            ],
            [
              -76.1898516,
              -8.7963672
            ],
            [
              -76.1899941,
              -8.7966134
            ],
            [
              -76.1904611,
              -8.796918
            ],
            [
              -76.1922324,
              -8.7972851
            ],
            [
              -76.1933886,
              -8.7974472
            ],
            [
              -76.1942226,
              -8.7976504
            ],
            [
              -76.1949121,
              -8.7979141
            ],
            [
              -76.1956641,
              -8.7983829
            ],
            [
              -76.1961914,
              -8.7989512
            ],
            [
              -76.1965176,
              -8.799459
            ],
            [
              -76.1964766,
              -8.8002305
            ],
            [
              -76.1960605,
              -8.8011445
            ],
            [
              -76.1954395,
              -8.8015311
            ],
            [
              -76.194668,
              -8.8017167
            ],
            [
              -76.1938556,
              -8.8017167
            ],
            [
              -76.1935117,
              -8.8016739
            ],
            [
              -76.1926367,
              -8.8016152
            ],
            [
              -76.192291,
              -8.8017167
            ],
            [
              -76.1920469,
              -8.8020606
            ],
            [
              -76.1920059,
              -8.8025664
            ],
            [
              -76.192332,
              -8.8029746
            ],
            [
              -76.1930821,
              -8.8034825
            ],
            [
              -76.1937539,
              -8.8037871
            ],
            [
              -76.1942617,
              -8.8041524
            ],
            [
              -76.19475,
              -8.8046406
            ],
            [
              -76.1951972,
              -8.8053731
            ],
            [
              -76.1954805,
              -8.8059825
            ],
            [
              -76.1958672,
              -8.806877
            ],
            [
              -76.1961524,
              -8.8076485
            ],
            [
              -76.196416,
              -8.8079726
            ],
            [
              -76.1967617,
              -8.8081562
            ],
            [
              -76.197248,
              -8.8081562
            ],
            [
              -76.1977969,
              -8.8082579
            ],
            [
              -76.1984277,
              -8.8086035
            ],
            [
              -76.1991797,
              -8.8089082
            ],
            [
              -76.199668,
              -8.8091524
            ],
            [
              -76.2002149,
              -8.8091114
            ],
            [
              -76.2008261,
              -8.8090312
            ],
            [
              -76.2015371,
              -8.8088672
            ],
            [
              -76.2025332,
              -8.8086856
            ],
            [
              -76.2028985,
              -8.8088262
            ],
            [
              -76.2033867,
              -8.809092
            ],
            [
              -76.2035079,
              -8.8095996
            ],
            [
              -76.2034667,
              -8.8102285
            ],
            [
              -76.2032851,
              -8.811082
            ],
            [
              -76.2028574,
              -8.8120587
            ],
            [
              -76.2025722,
              -8.812709
            ],
            [
              -76.202207,
              -8.8133379
            ],
            [
              -76.2017401,
              -8.8138047
            ],
            [
              -76.2013985,
              -8.8140547
            ],
            [
              -76.2007791,
              -8.8141465
            ],
            [
              -76.2001465,
              -8.8140704
            ],
            [
              -76.1996504,
              -8.8139492
            ],
            [
              -76.199168,
              -8.81392
            ],
            [
              -76.1986542,
              -8.8139044
            ],
            [
              -76.1982636,
              -8.8141016
            ],
            [
              -76.197838,
              -8.814375
            ],
            [
              -76.1977167,
              -8.8148809
            ],
            [
              -76.1977167,
              -8.8153711
            ],
            [
              -76.197838,
              -8.8156954
            ],
            [
              -76.1983261,
              -8.816
            ],
            [
              -76.1991386,
              -8.816
            ],
            [
              -76.2001132,
              -8.8159805
            ],
            [
              -76.2004805,
              -8.816082
            ],
            [
              -76.2008867,
              -8.8163867
            ],
            [
              -76.2009882,
              -8.8169356
            ],
            [
              -76.2009062,
              -8.8174629
            ],
            [
              -76.2003184,
              -8.8178496
            ],
            [
              -76.1997285,
              -8.8184805
            ],
            [
              -76.1994239,
              -8.8190489
            ],
            [
              -76.1993222,
              -8.8196172
            ],
            [
              -76.1994434,
              -8.8203691
            ],
            [
              -76.199627,
              -8.8212031
            ],
            [
              -76.199627,
              -8.8218946
            ],
            [
              -76.1995254,
              -8.8227482
            ],
            [
              -76.1995039,
              -8.8235606
            ],
            [
              -76.1995664,
              -8.8241895
            ],
            [
              -76.1998301,
              -8.8247989
            ],
            [
              -76.2002149,
              -8.825084
            ],
            [
              -76.2009062,
              -8.8249629
            ],
            [
              -76.2018202,
              -8.8244746
            ],
            [
              -76.2027149,
              -8.8240469
            ],
            [
              -76.2034062,
              -8.8237422
            ],
            [
              -76.2044629,
              -8.8233985
            ],
            [
              -76.2049726,
              -8.8233361
            ],
            [
              -76.2054375,
              -8.8234785
            ],
            [
              -76.2059687,
              -8.8239062
            ],
            [
              -76.2059687,
              -8.8244335
            ],
            [
              -76.2058652,
              -8.8249412
            ],
            [
              -76.205459,
              -8.8254297
            ],
            [
              -76.2050117,
              -8.825836
            ],
            [
              -76.2041174,
              -8.8264044
            ],
            [
              -76.2035507,
              -8.8268926
            ],
            [
              -76.203041,
              -8.8274414
            ],
            [
              -76.203,
              -8.8279707
            ],
            [
              -76.2033457,
              -8.8285176
            ],
            [
              -76.2039551,
              -8.8293516
            ],
            [
              -76.2044434,
              -8.8300625
            ],
            [
              -76.2047891,
              -8.830795
            ],
            [
              -76.2049726,
              -8.8312832
            ],
            [
              -76.2049922,
              -8.8320332
            ],
            [
              -76.2048105,
              -8.832545
            ],
            [
              -76.2045957,
              -8.8327187
            ],
            [
              -76.2042754,
              -8.8329082
            ],
            [
              -76.20375,
              -8.8328945
            ],
            [
              -76.2032559,
              -8.8326757
            ],
            [
              -76.2024824,
              -8.8324277
            ],
            [
              -76.2018125,
              -8.8323262
            ],
            [
              -76.2012441,
              -8.8324277
            ],
            [
              -76.2009511,
              -8.8325
            ],
            [
              -76.2004141,
              -8.8328652
            ],
            [
              -76.2001954,
              -8.8333027
            ],
            [
              -76.2000937,
              -8.8336075
            ],
            [
              -76.2000937,
              -8.8341172
            ],
            [
              -76.2001816,
              -8.834627
            ],
            [
              -76.2005312,
              -8.8350937
            ],
            [
              -76.2008809,
              -8.8352539
            ],
            [
              -76.2015937,
              -8.8354277
            ],
            [
              -76.2024004,
              -8.8351895
            ],
            [
              -76.2028047,
              -8.834959
            ],
            [
              -76.2038417,
              -8.8344121
            ],
            [
              -76.204625,
              -8.834082
            ],
            [
              -76.2053906,
              -8.8338614
            ],
            [
              -76.2063437,
              -8.8339277
            ],
            [
              -76.2068965,
              -8.8341621
            ],
            [
              -76.2074061,
              -8.8343222
            ],
            [
              -76.2077129,
              -8.8346132
            ],
            [
              -76.207959,
              -8.8349766
            ],
            [
              -76.2079746,
              -8.8354141
            ],
            [
              -76.2079454,
              -8.8358222
            ],
            [
              -76.2074649,
              -8.836375
            ],
            [
              -76.2068965,
              -8.8369004
            ],
            [
              -76.206168,
              -8.8374531
            ],
            [
              -76.2056739,
              -8.8381094
            ],
            [
              -76.2052656,
              -8.8386329
            ],
            [
              -76.2050976,
              -8.8388476
            ],
            [
              -76.2050156,
              -8.8389785
            ],
            [
              -76.204998,
              -8.8390664
            ],
            [
              -76.2056367,
              -8.8395879
            ],
            [
              -76.2067187,
              -8.8397226
            ],
            [
              -76.2069922,
              -8.8398204
            ],
            [
              -76.2080176,
              -8.8400117
            ],
            [
              -76.208834,
              -8.8400704
            ],
            [
              -76.2093007,
              -8.8401582
            ],
            [
              -76.2100976,
              -8.840461
            ],
            [
              -76.2106992,
              -8.840959
            ],
            [
              -76.2110137,
              -8.84117
            ],
            [
              -76.212043,
              -8.8414336
            ],
            [
              -76.2131114,
              -8.8415254
            ],
            [
              -76.2133867,
              -8.8415897
            ],
            [
              -76.2137011,
              -8.8417597
            ],
            [
              -76.21425,
              -8.842209
            ],
            [
              -76.2151426,
              -8.8432149
            ],
            [
              -76.2161211,
              -8.8440235
            ],
            [
              -76.2169785,
              -8.8445781
            ],
            [
              -76.2178789,
              -8.8451856
            ],
            [
              -76.2183437,
              -8.8456445
            ],
            [
              -76.2183652,
              -8.8458164
            ],
            [
              -76.2182891,
              -8.8459121
            ],
            [
              -76.2179785,
              -8.8460079
            ],
            [
              -76.2171094,
              -8.8460879
            ],
            [
              -76.2168672,
              -8.8461757
            ],
            [
              -76.2165761,
              -8.8463614
            ],
            [
              -76.216412,
              -8.8466231
            ],
            [
              -76.2163204,
              -8.8470586
            ],
            [
              -76.216377,
              -8.8473301
            ],
            [
              -76.2165274,
              -8.8475625
            ],
            [
              -76.2168614,
              -8.8477851
            ],
            [
              -76.217502,
              -8.8479219
            ],
            [
              -76.2180079,
              -8.8478379
            ],
            [
              -76.2182207,
              -8.847842
            ],
            [
              -76.2186329,
              -8.8480742
            ],
            [
              -76.2188516,
              -8.8483652
            ],
            [
              -76.218877,
              -8.8490957
            ],
            [
              -76.218957,
              -8.8494512
            ],
            [
              -76.2190507,
              -8.8496191
            ],
            [
              -76.2193027,
              -8.8498614
            ],
            [
              -76.2196094,
              -8.8498985
            ],
            [
              -76.2197636,
              -8.8498614
            ],
            [
              -76.2201309,
              -8.849459
            ],
            [
              -76.2206719,
              -8.8487461
            ],
            [
              -76.2209806,
              -8.8485586
            ],
            [
              -76.2211386,
              -8.8485332
            ],
            [
              -76.2216152,
              -8.8485684
            ],
            [
              -76.2221132,
              -8.8487676
            ],
            [
              -76.2224316,
              -8.849127
            ],
            [
              -76.2228125,
              -8.849918
            ],
            [
              -76.2228614,
              -8.8501367
            ],
            [
              -76.2228457,
              -8.850293
            ],
            [
              -76.222459,
              -8.8509356
            ],
            [
              -76.2218301,
              -8.8512735
            ],
            [
              -76.221711,
              -8.851375
            ],
            [
              -76.2216016,
              -8.8516524
            ],
            [
              -76.2215899,
              -8.8521504
            ],
            [
              -76.2216562,
              -8.8524726
            ],
            [
              -76.222207,
              -8.853455
            ],
            [
              -76.2222949,
              -8.8537441
            ],
            [
              -76.2222871,
              -8.854209
            ],
            [
              -76.2220079,
              -8.8554121
            ],
            [
              -76.222002,
              -8.8556211
            ],
            [
              -76.2220704,
              -8.8559396
            ],
            [
              -76.2222851,
              -8.856334
            ],
            [
              -76.223043,
              -8.8572422
            ],
            [
              -76.2232735,
              -8.8577382
            ],
            [
              -76.2234297,
              -8.8582051
            ],
            [
              -76.223547,
              -8.8587832
            ],
            [
              -76.2235801,
              -8.8591895
            ],
            [
              -76.2235547,
              -8.8596406
            ],
            [
              -76.2234297,
              -8.8601231
            ],
            [
              -76.2229961,
              -8.8604296
            ],
            [
              -76.2228066,
              -8.8604512
            ],
            [
              -76.2221542,
              -8.8604121
            ],
            [
              -76.2218965,
              -8.8603867
            ],
            [
              -76.2216114,
              -8.8604356
            ],
            [
              -76.2213985,
              -8.8605332
            ],
            [
              -76.2212266,
              -8.8608302
            ],
            [
              -76.2211309,
              -8.861205
            ],
            [
              -76.2211875,
              -8.8619121
            ],
            [
              -76.2214219,
              -8.8625
            ],
            [
              -76.2220391,
              -8.8633575
            ],
            [
              -76.2227987,
              -8.8646621
            ],
            [
              -76.2233125,
              -8.865168
            ],
            [
              -76.2236309,
              -8.8653419
            ],
            [
              -76.2237676,
              -8.8653516
            ],
            [
              -76.2242305,
              -8.8651406
            ],
            [
              -76.2246347,
              -8.8646719
            ],
            [
              -76.2246406,
              -8.8645351
            ],
            [
              -76.2249472,
              -8.8639902
            ],
            [
              -76.2250937,
              -8.8636739
            ],
            [
              -76.2253437,
              -8.8634257
            ],
            [
              -76.2255292,
              -8.8633632
            ],
            [
              -76.2257149,
              -8.8633829
            ],
            [
              -76.2258712,
              -8.8634649
            ],
            [
              -76.2262676,
              -8.8636289
            ],
            [
              -76.2266172,
              -8.863836
            ],
            [
              -76.2267207,
              -8.8640566
            ],
            [
              -76.2267461,
              -8.8642226
            ],
            [
              -76.2266347,
              -8.864795
            ],
            [
              -76.2265547,
              -8.8651485
            ],
            [
              -76.2265274,
              -8.8660566
            ],
            [
              -76.2265664,
              -8.8663555
            ],
            [
              -76.2264805,
              -8.8668731
            ],
            [
              -76.2263847,
              -8.8671191
            ],
            [
              -76.2263829,
              -8.867711
            ],
            [
              -76.2264667,
              -8.8680332
            ],
            [
              -76.2270566,
              -8.8692402
            ],
            [
              -76.2271094,
              -8.8695606
            ],
            [
              -76.2270781,
              -8.8698125
            ],
            [
              -76.2269024,
              -8.8702832
            ],
            [
              -76.2264805,
              -8.8707031
            ],
            [
              -76.2256581,
              -8.8712305
            ],
            [
              -76.2254667,
              -8.8716739
            ],
            [
              -76.2254941,
              -8.8723535
            ],
            [
              -76.2262167,
              -8.8730742
            ],
            [
              -76.2263027,
              -8.8732461
            ],
            [
              -76.2263965,
              -8.8738516
            ],
            [
              -76.2263829,
              -8.8741172
            ],
            [
              -76.2263222,
              -8.8743184
            ],
            [
              -76.2261131,
              -8.8745684
            ],
            [
              -76.2246172,
              -8.8758906
            ],
            [
              -76.2233399,
              -8.8769239
            ],
            [
              -76.2232832,
              -8.877041
            ],
            [
              -76.223332,
              -8.8776016
            ],
            [
              -76.2236777,
              -8.8780722
            ],
            [
              -76.2243457,
              -8.8787656
            ],
            [
              -76.2244864,
              -8.8789726
            ],
            [
              -76.2245957,
              -8.8794141
            ],
            [
              -76.2246094,
              -8.8798476
            ],
            [
              -76.2245605,
              -8.8800235
            ],
            [
              -76.2243847,
              -8.8803066
            ],
            [
              -76.2239355,
              -8.8807832
            ],
            [
              -76.2235879,
              -8.8809766
            ],
            [
              -76.2233261,
              -8.881043
            ],
            [
              -76.2230489,
              -8.881043
            ],
            [
              -76.2226642,
              -8.8809766
            ],
            [
              -76.2205605,
              -8.8803555
            ],
            [
              -76.2201601,
              -8.8802989
            ],
            [
              -76.2200097,
              -8.880336
            ],
            [
              -76.2197364,
              -8.8804902
            ],
            [
              -76.2195391,
              -8.8806132
            ],
            [
              -76.2192832,
              -8.8808847
            ],
            [
              -76.2192305,
              -8.8810059
            ],
            [
              -76.219211,
              -8.8814239
            ],
            [
              -76.2192832,
              -8.8818379
            ],
            [
              -76.2194726,
              -8.8821367
            ],
            [
              -76.2198049,
              -8.8824805
            ],
            [
              -76.2201541,
              -8.8826915
            ],
            [
              -76.2208047,
              -8.882836
            ],
            [
              -76.2215722,
              -8.8831192
            ],
            [
              -76.2218535,
              -8.8833691
            ],
            [
              -76.2221465,
              -8.8840097
            ],
            [
              -76.2223632,
              -8.8850431
            ],
            [
              -76.2228965,
              -8.886543
            ],
            [
              -76.2231601,
              -8.8869219
            ],
            [
              -76.223541,
              -8.8871972
            ],
            [
              -76.2236114,
              -8.8873965
            ],
            [
              -76.2236386,
              -8.8874726
            ],
            [
              -76.223623,
              -8.8876132
            ],
            [
              -76.223498,
              -8.887752
            ],
            [
              -76.2232207,
              -8.8878789
            ],
            [
              -76.2228457,
              -8.8879569
            ],
            [
              -76.2223886,
              -8.888125
            ],
            [
              -76.2221386,
              -8.8882851
            ],
            [
              -76.2218476,
              -8.8886232
            ],
            [
              -76.2216172,
              -8.8890684
            ],
            [
              -76.2210566,
              -8.8907187
            ],
            [
              -76.2204121,
              -8.8918965
            ],
            [
              -76.2200547,
              -8.8924121
            ],
            [
              -76.2192207,
              -8.8932305
            ],
            [
              -76.2190117,
              -8.8935722
            ],
            [
              -76.2189141,
              -8.8938555
            ],
            [
              -76.2188985,
              -8.8941017
            ],
            [
              -76.2191191,
              -8.8945547
            ],
            [
              -76.2197774,
              -8.8953301
            ],
            [
              -76.2200215,
              -8.895711
            ],
            [
              -76.2200761,
              -8.8961211
            ],
            [
              -76.2200684,
              -8.8967597
            ],
            [
              -76.2201426,
              -8.897627
            ],
            [
              -76.2201191,
              -8.8984589
            ],
            [
              -76.219918,
              -8.8994825
            ],
            [
              -76.2200254,
              -8.9002364
            ],
            [
              -76.2201934,
              -8.9006406
            ],
            [
              -76.2205215,
              -8.9012207
            ],
            [
              -76.2215059,
              -8.902625
            ],
            [
              -76.2216524,
              -8.9029316
            ],
            [
              -76.2219454,
              -8.9032579
            ],
            [
              -76.2230605,
              -8.9042852
            ],
            [
              -76.2235957,
              -8.9049472
            ],
            [
              -76.2237167,
              -8.9052207
            ],
            [
              -76.2237617,
              -8.9056406
            ],
            [
              -76.2237402,
              -8.9058125
            ],
            [
              -76.2235722,
              -8.9062051
            ],
            [
              -76.2229257,
              -8.9068379
            ],
            [
              -76.2218457,
              -8.9077891
            ],
            [
              -76.2214141,
              -8.9081172
            ],
            [
              -76.220668,
              -8.9088106
            ],
            [
              -76.2199492,
              -8.9097441
            ],
            [
              -76.2198222,
              -8.9102344
            ],
            [
              -76.2198007,
              -8.9111329
            ],
            [
              -76.2199004,
              -8.9115937
            ],
            [
              -76.2200625,
              -8.912041
            ],
            [
              -76.2202324,
              -8.9122832
            ],
            [
              -76.220633,
              -8.9124882
            ],
            [
              -76.2210976,
              -8.9124219
            ],
            [
              -76.2226855,
              -8.911959
            ],
            [
              -76.2231739,
              -8.9119239
            ],
            [
              -76.2236544,
              -8.9120176
            ],
            [
              -76.2239414,
              -8.9121739
            ],
            [
              -76.2241719,
              -8.912375
            ],
            [
              -76.2244141,
              -8.9128419
            ],
            [
              -76.2244219,
              -8.9130117
            ],
            [
              -76.2242694,
              -8.9136191
            ],
            [
              -76.2235489,
              -8.9144004
            ],
            [
              -76.2228281,
              -8.914957
            ],
            [
              -76.2217871,
              -8.9160507
            ],
            [
              -76.2211797,
              -8.9165215
            ],
            [
              -76.2204902,
              -8.9168575
            ],
            [
              -76.2189101,
              -8.9174434
            ],
            [
              -76.2182266,
              -8.9175409
            ],
            [
              -76.2174121,
              -8.9175117
            ],
            [
              -76.2172246,
              -8.9175039
            ],
            [
              -76.2168204,
              -8.9176191
            ],
            [
              -76.2165605,
              -8.9178476
            ],
            [
              -76.2163945,
              -8.9182832
            ],
            [
              -76.2163691,
              -8.9186797
            ],
            [
              -76.2165351,
              -8.9195489
            ],
            [
              -76.2167226,
              -8.9200704
            ],
            [
              -76.2169121,
              -8.9210294
            ],
            [
              -76.2170117,
              -8.9226777
            ],
            [
              -76.217252,
              -8.9246465
            ],
            [
              -76.217582,
              -8.9261562
            ],
            [
              -76.2179627,
              -8.9271954
            ],
            [
              -76.2182989,
              -8.9278007
            ],
            [
              -76.2188105,
              -8.9281055
            ],
            [
              -76.219127,
              -8.9281367
            ],
            [
              -76.2192754,
              -8.928082
            ],
            [
              -76.2195059,
              -8.9277989
            ],
            [
              -76.2195919,
              -8.9273399
            ],
            [
              -76.219619,
              -8.9263672
            ],
            [
              -76.2196875,
              -8.9257579
            ],
            [
              -76.2198242,
              -8.9254494
            ],
            [
              -76.2200176,
              -8.9253007
            ],
            [
              -76.2204492,
              -8.9251914
            ],
            [
              -76.2208496,
              -8.9253711
            ],
            [
              -76.2212344,
              -8.9256797
            ],
            [
              -76.2216329,
              -8.9261972
            ],
            [
              -76.2221582,
              -8.9271816
            ],
            [
              -76.222332,
              -8.9277597
            ],
            [
              -76.2226289,
              -8.9291524
            ],
            [
              -76.2231582,
              -8.9303066
            ],
            [
              -76.223957,
              -8.9317754
            ],
            [
              -76.2250097,
              -8.932916
            ],
            [
              -76.2254511,
              -8.933545
            ],
            [
              -76.2257207,
              -8.9340664
            ],
            [
              -76.2260391,
              -8.9352834
            ],
            [
              -76.2261542,
              -8.936209
            ],
            [
              -76.2263594,
              -8.9371934
            ],
            [
              -76.2265976,
              -8.9377735
            ],
            [
              -76.2268535,
              -8.9382344
            ],
            [
              -76.2270079,
              -8.9387149
            ],
            [
              -76.2278632,
              -8.939918
            ],
            [
              -76.229168,
              -8.9412266
            ],
            [
              -76.2297031,
              -8.9419101
            ],
            [
              -76.2300899,
              -8.9426035
            ],
            [
              -76.2305312,
              -8.9432676
            ],
            [
              -76.2313535,
              -8.945002
            ],
            [
              -76.2317676,
              -8.946045
            ],
            [
              -76.232123,
              -8.9471152
            ],
            [
              -76.2322149,
              -8.9476856
            ],
            [
              -76.2322364,
              -8.9478164
            ],
            [
              -76.232205,
              -8.948082
            ],
            [
              -76.2318476,
              -8.9485547
            ],
            [
              -76.2307735,
              -8.9495899
            ],
            [
              -76.2304785,
              -8.9498437
            ],
            [
              -76.2296954,
              -8.9507715
            ],
            [
              -76.2294024,
              -8.9512111
            ],
            [
              -76.2291152,
              -8.9518867
            ],
            [
              -76.2290274,
              -8.9524004
            ],
            [
              -76.2290156,
              -8.9527539
            ],
            [
              -76.2290039,
              -8.9536387
            ],
            [
              -76.2291954,
              -8.9553264
            ],
            [
              -76.2293594,
              -8.9560781
            ],
            [
              -76.2295859,
              -8.956832
            ],
            [
              -76.2300411,
              -8.9577441
            ],
            [
              -76.2307207,
              -8.9583945
            ],
            [
              -76.2316895,
              -8.9588965
            ],
            [
              -76.23225,
              -8.9591836
            ],
            [
              -76.2331855,
              -8.9598222
            ],
            [
              -76.2344785,
              -8.960916
            ],
            [
              -76.2354316,
              -8.9618221
            ],
            [
              -76.236293,
              -8.9627246
            ],
            [
              -76.2376172,
              -8.9636895
            ],
            [
              -76.2386895,
              -8.964668
            ],
            [
              -76.239211,
              -8.9652656
            ],
            [
              -76.23975,
              -8.9661875
            ],
            [
              -76.2399277,
              -8.9667657
            ],
            [
              -76.2399277,
              -8.9674024
            ],
            [
              -76.239834,
              -8.9677441
            ],
            [
              -76.2396699,
              -8.9688066
            ],
            [
              -76.2399219,
              -8.9700704
            ],
            [
              -76.240168,
              -8.9705899
            ],
            [
              -76.2405431,
              -8.9711016
            ],
            [
              -76.2412226,
              -8.9716524
            ],
            [
              -76.2415761,
              -8.9718555
            ],
            [
              -76.2423789,
              -8.9721544
            ],
            [
              -76.2428457,
              -8.9722149
            ],
            [
              -76.2431954,
              -8.9722129
            ],
            [
              -76.243836,
              -8.9720704
            ],
            [
              -76.2449414,
              -8.9716075
            ],
            [
              -76.2454082,
              -8.9714629
            ],
            [
              -76.2463399,
              -8.9712832
            ],
            [
              -76.2474472,
              -8.9712149
            ],
            [
              -76.2484375,
              -8.9712774
            ],
            [
              -76.2490215,
              -8.9714101
            ],
            [
              -76.2498399,
              -8.9718184
            ],
            [
              -76.2503066,
              -8.9719669
            ],
            [
              -76.2514141,
              -8.9720059
            ],
            [
              -76.2517344,
              -8.9720684
            ],
            [
              -76.2519822,
              -8.9722442
            ],
            [
              -76.2521426,
              -8.9726544
            ],
            [
              -76.2521172,
              -8.9729825
            ],
            [
              -76.251961,
              -8.9736035
            ],
            [
              -76.2516426,
              -8.9740781
            ],
            [
              -76.2515899,
              -8.9742402
            ],
            [
              -76.2514785,
              -8.9743496
            ],
            [
              -76.2512617,
              -8.9750079
            ],
            [
              -76.2511777,
              -8.9754512
            ],
            [
              -76.2512149,
              -8.9757637
            ],
            [
              -76.2515272,
              -8.9763632
            ],
            [
              -76.2521074,
              -8.9769062
            ],
            [
              -76.2524511,
              -8.977084
            ],
            [
              -76.253998,
              -8.9773476
            ],
            [
              -76.2556289,
              -8.9774316
            ],
            [
              -76.2563301,
              -8.977543
            ],
            [
              -76.2572636,
              -8.9777989
            ],
            [
              -76.2579629,
              -8.9779355
            ],
            [
              -76.2589552,
              -8.9779961
            ],
            [
              -76.2600039,
              -8.977832
            ],
            [
              -76.2605254,
              -8.9776367
            ],
            [
              -76.2607989,
              -8.9774882
            ],
            [
              -76.2614472,
              -8.9769864
            ],
            [
              -76.2617735,
              -8.9763419
            ],
            [
              -76.2620235,
              -8.9760586
            ],
            [
              -76.2623086,
              -8.9757364
            ],
            [
              -76.2626777,
              -8.9756075
            ],
            [
              -76.2631719,
              -8.9755606
            ],
            [
              -76.263959,
              -8.9756757
            ],
            [
              -76.2653007,
              -8.9759825
            ],
            [
              -76.2658614,
              -8.9762754
            ],
            [
              -76.2663496,
              -8.9767382
            ],
            [
              -76.2664902,
              -8.9770176
            ],
            [
              -76.2665586,
              -8.9778047
            ],
            [
              -76.2665079,
              -8.9784629
            ],
            [
              -76.2665176,
              -8.9793691
            ],
            [
              -76.2666525,
              -8.9804121
            ],
            [
              -76.2668437,
              -8.9813379
            ],
            [
              -76.2669649,
              -8.9816856
            ],
            [
              -76.267498,
              -8.98267
            ],
            [
              -76.2679902,
              -8.9834082
            ],
            [
              -76.2684687,
              -8.9840059
            ],
            [
              -76.2697051,
              -8.985
            ],
            [
              -76.271082,
              -8.9859277
            ],
            [
              -76.2714882,
              -8.9863242
            ],
            [
              -76.271834,
              -8.9868399
            ],
            [
              -76.2723535,
              -8.9878106
            ],
            [
              -76.2725761,
              -8.9884375
            ],
            [
              -76.2729042,
              -8.9904239
            ],
            [
              -76.2733555,
              -8.9923652
            ],
            [
              -76.2734551,
              -8.9930235
            ],
            [
              -76.2736309,
              -8.9933575
            ],
            [
              -76.2743535,
              -8.9940509
            ],
            [
              -76.2748691,
              -8.9943476
            ],
            [
              -76.2757832,
              -8.9947579
            ],
            [
              -76.2763555,
              -8.9951485
            ],
            [
              -76.277082,
              -8.9957422
            ],
            [
              -76.2774864,
              -8.9959844
            ],
            [
              -76.2779649,
              -8.9961895
            ],
            [
              -76.2787069,
              -8.9963495
            ],
            [
              -76.279461,
              -8.9963632
            ],
            [
              -76.2796777,
              -8.9963066
            ],
            [
              -76.2808594,
              -8.9962364
            ],
            [
              -76.2836367,
              -8.9957481
            ],
            [
              -76.284084,
              -8.9957461
            ],
            [
              -76.2848066,
              -8.9959356
            ],
            [
              -76.2853047,
              -8.9962617
            ],
            [
              -76.286625,
              -8.9976075
            ],
            [
              -76.2874511,
              -8.9981485
            ],
            [
              -76.2882715,
              -8.9985117
            ],
            [
              -76.2903496,
              -8.9989434
            ],
            [
              -76.291084,
              -8.9990391
            ],
            [
              -76.2912422,
              -8.9990079
            ],
            [
              -76.2914121,
              -8.9989101
            ],
            [
              -76.2916426,
              -8.9985156
            ],
            [
              -76.2916914,
              -8.998332
            ],
            [
              -76.2916836,
              -8.9981075
            ],
            [
              -76.2915722,
              -8.9978632
            ],
            [
              -76.2915761,
              -8.9974922
            ],
            [
              -76.291832,
              -8.9971544
            ],
            [
              -76.2923379,
              -8.9970801
            ],
            [
              -76.2931366,
              -8.9974004
            ],
            [
              -76.2938476,
              -8.9978007
            ],
            [
              -76.2941465,
              -8.9980351
            ],
            [
              -76.2950117,
              -8.9989785
            ],
            [
              -76.2957129,
              -9
            ],
            [
              -76.2960254,
              -9.0001757
            ],
            [
              -76.2968516,
              -9.000295
            ],
            [
              -76.2980136,
              -9.0006504
            ],
            [
              -76.2986426,
              -9.0009434
            ],
            [
              -76.2990469,
              -9.0012422
            ],
            [
              -76.2992167,
              -9.0014981
            ],
            [
              -76.2993164,
              -9.0017637
            ],
            [
              -76.299375,
              -9.0023399
            ],
            [
              -76.2993086,
              -9.0025722
            ],
            [
              -76.2991035,
              -9.0028379
            ],
            [
              -76.2988476,
              -9.0033437
            ],
            [
              -76.2987891,
              -9.0038301
            ],
            [
              -76.2988301,
              -9.0040995
            ],
            [
              -76.2989707,
              -9.0045272
            ],
            [
              -76.299211,
              -9.0047617
            ],
            [
              -76.2995527,
              -9.0049726
            ],
            [
              -76.3005742,
              -9.0053906
            ],
            [
              -76.3014239,
              -9.0055039
            ],
            [
              -76.3027364,
              -9.0054024
            ],
            [
              -76.3035957,
              -9.0054707
            ],
            [
              -76.3036641,
              -9.0054864
            ],
            [
              -76.3039629,
              -9.0055566
            ],
            [
              -76.304877,
              -9.0059044
            ],
            [
              -76.3058652,
              -9.0069061
            ],
            [
              -76.3071289,
              -9.0087832
            ],
            [
              -76.3076309,
              -9.0092402
            ],
            [
              -76.3080976,
              -9.0095215
            ],
            [
              -76.3087695,
              -9.0096581
            ],
            [
              -76.3093829,
              -9.009627
            ],
            [
              -76.3098906,
              -9.0093789
            ],
            [
              -76.3108906,
              -9.0086016
            ],
            [
              -76.3111504,
              -9.0084472
            ],
            [
              -76.3115215,
              -9.0083399
            ],
            [
              -76.3118204,
              -9.0083145
            ],
            [
              -76.3125605,
              -9.0083965
            ],
            [
              -76.3133632,
              -9.0087969
            ],
            [
              -76.314959,
              -9.009168
            ],
            [
              -76.3156347,
              -9.0094435
            ],
            [
              -76.3158672,
              -9.0097461
            ],
            [
              -76.3161719,
              -9.0100057
            ],
            [
              -76.3165937,
              -9.0105645
            ],
            [
              -76.3172344,
              -9.0115469
            ],
            [
              -76.3174844,
              -9.0118281
            ],
            [
              -76.3177989,
              -9.0120722
            ],
            [
              -76.3182891,
              -9.0123281
            ],
            [
              -76.3191074,
              -9.0126094
            ],
            [
              -76.3196367,
              -9.0127187
            ],
            [
              -76.3202695,
              -9.012752
            ],
            [
              -76.3209844,
              -9.0125489
            ],
            [
              -76.321375,
              -9.0124805
            ],
            [
              -76.3225606,
              -9.0122715
            ],
            [
              -76.3234375,
              -9.012207
            ],
            [
              -76.3241132,
              -9.0122754
            ],
            [
              -76.3248945,
              -9.0125351
            ],
            [
              -76.3259414,
              -9.0125469
            ],
            [
              -76.3261524,
              -9.0127364
            ],
            [
              -76.3262441,
              -9.0129725
            ],
            [
              -76.326336,
              -9.0139219
            ],
            [
              -76.3268476,
              -9.0156035
            ],
            [
              -76.3271055,
              -9.0160801
            ],
            [
              -76.3274414,
              -9.0163809
            ],
            [
              -76.3277422,
              -9.0165489
            ],
            [
              -76.3285079,
              -9.0166797
            ],
            [
              -76.3294766,
              -9.0167539
            ],
            [
              -76.330377,
              -9.0168809
            ],
            [
              -76.3313985,
              -9.0171367
            ],
            [
              -76.3319824,
              -9.0173516
            ],
            [
              -76.3328007,
              -9.0177226
            ],
            [
              -76.3335781,
              -9.0179844
            ],
            [
              -76.3347735,
              -9.0185311
            ],
            [
              -76.3359941,
              -9.0188145
            ],
            [
              -76.3362011,
              -9.0189315
            ],
            [
              -76.3369277,
              -9.0191426
            ],
            [
              -76.3386934,
              -9.0190351
            ],
            [
              -76.3390605,
              -9.0190722
            ],
            [
              -76.3396757,
              -9.019211
            ],
            [
              -76.3401582,
              -9.0194981
            ],
            [
              -76.3404257,
              -9.0198222
            ],
            [
              -76.3408985,
              -9.0200684
            ],
            [
              -76.3415664,
              -9.020334
            ],
            [
              -76.3419081,
              -9.0205294
            ],
            [
              -76.3422461,
              -9.0207266
            ],
            [
              -76.3426719,
              -9.0209004
            ],
            [
              -76.3431601,
              -9.0209434
            ],
            [
              -76.3443437,
              -9.0208007
            ],
            [
              -76.3447129,
              -9.020793
            ],
            [
              -76.3450352,
              -9.0208457
            ],
            [
              -76.3459824,
              -9.0211191
            ],
            [
              -76.3473614,
              -9.0212891
            ],
            [
              -76.3480371,
              -9.0216797
            ],
            [
              -76.3483125,
              -9.0219277
            ],
            [
              -76.3485195,
              -9.0221856
            ],
            [
              -76.3488632,
              -9.0223945
            ],
            [
              -76.3491816,
              -9.0225097
            ],
            [
              -76.3497655,
              -9.0226367
            ],
            [
              -76.3500097,
              -9.0226895
            ],
            [
              -76.3503906,
              -9.0231114
            ],
            [
              -76.3504492,
              -9.0231777
            ],
            [
              -76.3507246,
              -9.0233867
            ],
            [
              -76.3513632,
              -9.0236524
            ],
            [
              -76.3521895,
              -9.023916
            ],
            [
              -76.352293,
              -9.0239492
            ],
            [
              -76.3529062,
              -9.0242461
            ],
            [
              -76.353998,
              -9.0244004
            ],
            [
              -76.3540664,
              -9.0244414
            ],
            [
              -76.3542267,
              -9.0245332
            ],
            [
              -76.3550176,
              -9.0246816
            ],
            [
              -76.356459,
              -9.0246191
            ],
            [
              -76.3572617,
              -9.024709
            ],
            [
              -76.3573614,
              -9.0247364
            ],
            [
              -76.3580645,
              -9.0249316
            ],
            [
              -76.3584961,
              -9.0251075
            ],
            [
              -76.3591132,
              -9.0253182
            ],
            [
              -76.3600704,
              -9.0254336
            ],
            [
              -76.3608672,
              -9.0254121
            ],
            [
              -76.3617365,
              -9.0254492
            ],
            [
              -76.3621601,
              -9.025545
            ],
            [
              -76.3629726,
              -9.0258652
            ],
            [
              -76.3641309,
              -9.0259454
            ],
            [
              -76.3647207,
              -9.0261621
            ],
            [
              -76.3654649,
              -9.0263242
            ],
            [
              -76.3662226,
              -9.0262149
            ],
            [
              -76.3669864,
              -9.0260176
            ],
            [
              -76.3676621,
              -9.026
            ],
            [
              -76.3683555,
              -9.026086
            ],
            [
              -76.3687422,
              -9.0260879
            ],
            [
              -76.3703437,
              -9.0254981
            ],
            [
              -76.3705879,
              -9.0252812
            ],
            [
              -76.3706777,
              -9.0250566
            ],
            [
              -76.3707735,
              -9.023832
            ],
            [
              -76.3710079,
              -9.0236172
            ],
            [
              -76.371586,
              -9.0233965
            ],
            [
              -76.3716211,
              -9.0233222
            ],
            [
              -76.3718417,
              -9.022832
            ],
            [
              -76.3719297,
              -9.022457
            ],
            [
              -76.3721465,
              -9.022164
            ],
            [
              -76.3723652,
              -9.0219844
            ],
            [
              -76.3727324,
              -9.0218457
            ],
            [
              -76.3734824,
              -9.0214336
            ],
            [
              -76.373543,
              -9.0213106
            ],
            [
              -76.3735722,
              -9.020791
            ],
            [
              -76.3736954,
              -9.0206191
            ],
            [
              -76.3741699,
              -9.0203867
            ],
            [
              -76.3751562,
              -9.0201797
            ],
            [
              -76.3753007,
              -9.0200332
            ],
            [
              -76.3754746,
              -9.0196816
            ],
            [
              -76.3758652,
              -9.0193007
            ],
            [
              -76.376209,
              -9.0190625
            ],
            [
              -76.3770917,
              -9.0190195
            ],
            [
              -76.3777656,
              -9.0187325
            ],
            [
              -76.3781445,
              -9.0186544
            ],
            [
              -76.3785059,
              -9.0185781
            ],
            [
              -76.3790039,
              -9.0185762
            ],
            [
              -76.3796719,
              -9.0186954
            ],
            [
              -76.3799492,
              -9.018711
            ],
            [
              -76.3800351,
              -9.0187167
            ],
            [
              -76.3803457,
              -9.0186641
            ],
            [
              -76.3807187,
              -9.0184726
            ],
            [
              -76.380836,
              -9.0182715
            ],
            [
              -76.3808535,
              -9.0182012
            ],
            [
              -76.3809629,
              -9.0177656
            ],
            [
              -76.3811016,
              -9.0176231
            ],
            [
              -76.3812402,
              -9.0172325
            ],
            [
              -76.3813965,
              -9.0164492
            ],
            [
              -76.3813985,
              -9.016166
            ],
            [
              -76.3814004,
              -9.0158926
            ],
            [
              -76.3813242,
              -9.015209
            ],
            [
              -76.381002,
              -9.0136972
            ],
            [
              -76.381084,
              -9.0132402
            ],
            [
              -76.381291,
              -9.0130312
            ],
            [
              -76.3815235,
              -9.0129687
            ],
            [
              -76.3817695,
              -9.0129941
            ],
            [
              -76.3824414,
              -9.0132402
            ],
            [
              -76.3828789,
              -9.013625
            ],
            [
              -76.3837461,
              -9.0138242
            ],
            [
              -76.3840489,
              -9.0138926
            ],
            [
              -76.3844414,
              -9.0139082
            ],
            [
              -76.385,
              -9.0138125
            ],
            [
              -76.3858261,
              -9.0131191
            ],
            [
              -76.3863105,
              -9.012877
            ],
            [
              -76.3866211,
              -9.0128496
            ],
            [
              -76.3872344,
              -9.0129941
            ],
            [
              -76.3880469,
              -9.013332
            ],
            [
              -76.3882812,
              -9.013377
            ],
            [
              -76.3888399,
              -9.0133007
            ],
            [
              -76.3892637,
              -9.013125
            ],
            [
              -76.3894785,
              -9.0130039
            ],
            [
              -76.3897774,
              -9.012834
            ],
            [
              -76.3901757,
              -9.012416
            ],
            [
              -76.390373,
              -9.012084
            ],
            [
              -76.3905332,
              -9.0116934
            ],
            [
              -76.391332,
              -9.0111934
            ],
            [
              -76.3921094,
              -9.0106035
            ],
            [
              -76.3927207,
              -9.0103399
            ],
            [
              -76.3931542,
              -9.0100057
            ],
            [
              -76.3935097,
              -9.0096544
            ],
            [
              -76.3942422,
              -9.0087285
            ],
            [
              -76.3944882,
              -9.008293
            ],
            [
              -76.3945449,
              -9.0081816
            ],
            [
              -76.3949219,
              -9.007293
            ],
            [
              -76.3950801,
              -9.0068066
            ],
            [
              -76.3952266,
              -9.0065722
            ],
            [
              -76.3954395,
              -9.0060606
            ],
            [
              -76.3956386,
              -9.0049726
            ],
            [
              -76.3960215,
              -9.0038281
            ],
            [
              -76.3961856,
              -9.003543
            ],
            [
              -76.396457,
              -9.0032305
            ],
            [
              -76.3968476,
              -9.0028829
            ],
            [
              -76.3972715,
              -9.0025937
            ],
            [
              -76.3980079,
              -9.001918
            ],
            [
              -76.398537,
              -9.0015919
            ],
            [
              -76.3987402,
              -9.0014766
            ],
            [
              -76.3992949,
              -9.0013986
            ],
            [
              -76.3999726,
              -9.0014044
            ],
            [
              -76.4003222,
              -9.0013222
            ],
            [
              -76.4010937,
              -9.000793
            ],
            [
              -76.4017715,
              -9
            ],
            [
              -76.4030605,
              -8.9989219
            ],
            [
              -76.4035996,
              -8.9986934
            ],
            [
              -76.4041836,
              -8.9985507
            ],
            [
              -76.4044746,
              -8.9984297
            ],
            [
              -76.4053457,
              -8.997836
            ],
            [
              -76.4061016,
              -8.9974825
            ],
            [
              -76.4075527,
              -8.9966172
            ],
            [
              -76.410248,
              -8.994252
            ],
            [
              -76.411709,
              -8.9931836
            ],
            [
              -76.4131055,
              -8.9919551
            ],
            [
              -76.4137461,
              -8.9912481
            ],
            [
              -76.4138672,
              -8.9911132
            ],
            [
              -76.4142051,
              -8.9905351
            ],
            [
              -76.4147539,
              -8.9898614
            ],
            [
              -76.4157324,
              -8.9890332
            ],
            [
              -76.4162129,
              -8.9883437
            ],
            [
              -76.4164004,
              -8.9881485
            ],
            [
              -76.4164667,
              -8.9881035
            ],
            [
              -76.4166621,
              -8.9879669
            ],
            [
              -76.4170899,
              -8.9877579
            ],
            [
              -76.4176836,
              -8.9871524
            ],
            [
              -76.4180177,
              -8.9868906
            ],
            [
              -76.4186524,
              -8.9865704
            ],
            [
              -76.4192344,
              -8.9864024
            ],
            [
              -76.420166,
              -8.9864004
            ],
            [
              -76.421041,
              -8.9865625
            ],
            [
              -76.4216836,
              -8.9867344
            ],
            [
              -76.4237266,
              -8.9868184
            ],
            [
              -76.4243066,
              -8.9867579
            ],
            [
              -76.4251796,
              -8.9865957
            ],
            [
              -76.4261154,
              -8.9865645
            ],
            [
              -76.4269864,
              -8.9864101
            ],
            [
              -76.4281524,
              -8.9865332
            ],
            [
              -76.4293184,
              -8.9863399
            ],
            [
              -76.4300175,
              -8.9863906
            ],
            [
              -76.4307167,
              -8.9863086
            ],
            [
              -76.4327579,
              -8.9862579
            ],
            [
              -76.4338047,
              -8.9861094
            ],
            [
              -76.4353204,
              -8.9856347
            ],
            [
              -76.4373007,
              -8.9856035
            ],
            [
              -76.4377754,
              -8.9857226
            ],
            [
              -76.4391367,
              -8.9862364
            ],
            [
              -76.4395195,
              -8.9865645
            ],
            [
              -76.4397305,
              -8.9868027
            ],
            [
              -76.4402187,
              -8.9875879
            ],
            [
              -76.4403866,
              -8.9877871
            ],
            [
              -76.4409004,
              -8.9881544
            ],
            [
              -76.4413047,
              -8.9882851
            ],
            [
              -76.441793,
              -8.9885899
            ],
            [
              -76.442127,
              -8.9889141
            ],
            [
              -76.4424121,
              -8.9893732
            ],
            [
              -76.4428614,
              -8.9898554
            ],
            [
              -76.4439667,
              -8.9905586
            ],
            [
              -76.4456836,
              -8.9915507
            ],
            [
              -76.4460195,
              -8.9921191
            ],
            [
              -76.4462792,
              -8.9928847
            ],
            [
              -76.44675,
              -8.993625
            ],
            [
              -76.4472149,
              -8.9941934
            ],
            [
              -76.4487969,
              -8.9950371
            ],
            [
              -76.449623,
              -8.9955741
            ],
            [
              -76.450334,
              -8.9958632
            ],
            [
              -76.450877,
              -8.9959981
            ],
            [
              -76.4515996,
              -8.9960976
            ],
            [
              -76.4523829,
              -8.9960976
            ],
            [
              -76.4532539,
              -8.9959044
            ],
            [
              -76.4534649,
              -8.9957891
            ],
            [
              -76.4543399,
              -8.9949707
            ],
            [
              -76.4547285,
              -8.9947012
            ],
            [
              -76.4549004,
              -8.9946406
            ],
            [
              -76.4551445,
              -8.9946231
            ],
            [
              -76.4555059,
              -8.9947051
            ],
            [
              -76.4567694,
              -8.9958184
            ],
            [
              -76.4581777,
              -8.9966836
            ],
            [
              -76.4582285,
              -8.9967149
            ],
            [
              -76.458332,
              -8.996957
            ],
            [
              -76.4583847,
              -8.997082
            ],
            [
              -76.4584629,
              -8.9976054
            ],
            [
              -76.4585332,
              -8.9980742
            ],
            [
              -76.4587246,
              -8.9986621
            ],
            [
              -76.459541,
              -8.999457
            ],
            [
              -76.4602226,
              -9
            ],
            [
              -76.4620625,
              -9.0019805
            ],
            [
              -76.4632539,
              -9.0037169
            ],
            [
              -76.4635176,
              -9.0039356
            ],
            [
              -76.4639882,
              -9.0042226
            ],
            [
              -76.4641035,
              -9.0043575
            ],
            [
              -76.464209,
              -9.004668
            ],
            [
              -76.4642539,
              -9.0052209
            ],
            [
              -76.4642695,
              -9.0054257
            ],
            [
              -76.4644805,
              -9.0057735
            ],
            [
              -76.4651191,
              -9.006293
            ],
            [
              -76.4653242,
              -9.0065039
            ],
            [
              -76.4655292,
              -9.006717
            ],
            [
              -76.4657402,
              -9.0068437
            ],
            [
              -76.4664042,
              -9.0075156
            ],
            [
              -76.4672851,
              -9.0080802
            ],
            [
              -76.4676972,
              -9.0082715
            ],
            [
              -76.4684121,
              -9.0084825
            ],
            [
              -76.4697382,
              -9.0087129
            ],
            [
              -76.4702402,
              -9.0089024
            ],
            [
              -76.4708847,
              -9.0092617
            ],
            [
              -76.4711289,
              -9.009416
            ],
            [
              -76.4716347,
              -9.0097617
            ],
            [
              -76.4718457,
              -9.0099044
            ],
            [
              -76.4725722,
              -9.0105547
            ],
            [
              -76.4728086,
              -9.0110566
            ],
            [
              -76.473084,
              -9.0115821
            ],
            [
              -76.4732051,
              -9.0118672
            ],
            [
              -76.4733691,
              -9.0122344
            ],
            [
              -76.4733809,
              -9.0124981
            ],
            [
              -76.4735527,
              -9.0165294
            ],
            [
              -76.473625,
              -9.0165742
            ],
            [
              -76.4736914,
              -9.0178965
            ],
            [
              -76.4737011,
              -9.0199922
            ],
            [
              -76.4738027,
              -9.0218476
            ],
            [
              -76.4738281,
              -9.0229414
            ],
            [
              -76.4740136,
              -9.0270781
            ],
            [
              -76.4740761,
              -9.0275996
            ],
            [
              -76.474082,
              -9.0288632
            ],
            [
              -76.4744531,
              -9.0374941
            ],
            [
              -76.4745254,
              -9.0375879
            ],
            [
              -76.4745684,
              -9.0397715
            ],
            [
              -76.4802226,
              -9.1720762
            ]
          ]
        ]
      }
    }
  ]
}