latitude,longitude,brightness,scan,track,acq_date,acq_time,satellite,instrument,confidence,version,bright_t31,frp,daynight,source_sensor,google_maps_url,dist_carretera_km,carretera_cercana,accesibilidad,tiempo_estimado,costo_estimado_pen,lluvia_24h_mm,alerta_clima_campo,bright_ti4,bright_ti5,distrito,confianza_cruda,verificado_firms,tipo_registro
-9.38742,-75.96612,311.13,1.29,1.13,2026-08-23,2034,Aqua,MODIS,67,6.1NRT,292.12,12.45,D,MODIS_NRT,"https://www.google.com/maps/dir/?api=1&destination=-9.38742,-75.96612",0.32,HU-632,ALTA,< 20 min (A pie / Mototaxi),S/. 5 - 10,1.8,☀️ Seco (<2mm): Evidencia intacta para muestreo,,,Mariano Damaso Beraun,nominal,2026-09-04,validado
-9.37733,-76.13499,,0.34,0.56,2026-08-27,1806,N20,VIIRS,n,2.0NRT,,2.97,D,VIIRS_NOAA20_NRT,"https://www.google.com/maps/dir/?api=1&destination=-9.37733,-76.13499",3.37,Vía sin nombre,BAJA / REMOTA,> 1.5 horas (Selva adentro / Bote),S/. 40 - 80+,0.0,☀️ Seco (<2mm): Evidencia intacta para muestreo,330.33,294.38,Mariano Damaso Beraun,nominal,2026-09-04,validado
-9.36164,-76.05582,,0.34,0.56,2026-08-27,1806,N20,VIIRS,n,2.0NRT,,2.14,D,VIIRS_NOAA20_NRT,"https://www.google.com/maps/dir/?api=1&destination=-9.36164,-76.05582",0.2,HU-651,ALTA,< 20 min (A pie / Mototaxi),S/. 5 - 10,0.0,☀️ Seco (<2mm): Evidencia intacta para muestreo,328.58,295.55,Mariano Damaso Beraun,nominal,2026-09-04,validado
-9.34081,-75.82124,,0.32,0.55,2026-08-27,1806,N20,VIIRS,n,2.0NRT,,10.76,D,VIIRS_NOAA20_NRT,"https://www.google.com/maps/dir/?api=1&destination=-9.34081,-75.82124",2.23,HU-621,MEDIA,30 - 60 min (Trocha / Caminata),S/. 15 - 30,0.0,Sin datos meteorológicos,352.29,304.37,Daniel Alomia Robles,nominal,2026-09-04,validado
-9.34037,-75.81797,,0.32,0.55,2026-08-27,1806,N20,VIIRS,n,2.0NRT,,10.76,D,VIIRS_NOAA20_NRT,"https://www.google.com/maps/dir/?api=1&destination=-9.34037,-75.81797",2.54,HU-621,MEDIA,30 - 60 min (Trocha / Caminata),S/. 15 - 30,0.0,Sin datos meteorológicos,334.1,295.39,Daniel Alomia Robles,nominal,2026-09-04,validado
-9.30216,-75.95809,,0.33,0.55,2026-08-27,1806,N20,VIIRS,n,2.0NRT,,3.23,D,VIIRS_NOAA20_NRT,"https://www.google.com/maps/dir/?api=1&destination=-9.30216,-75.95809",1.89,Avenida Los Ángeles,MEDIA,30 - 60 min (Trocha / Caminata),S/. 15 - 30,0.0,Sin datos meteorológicos,340.79,296.98,Rupa-Rupa,nominal,2026-09-04,validado
-9.29144,-75.87516,,0.33,0.55,2026-08-27,1806,N20,VIIRS,n,2.0NRT,,5.55,D,VIIRS_NOAA20_NRT,"https://www.google.com/maps/dir/?api=1&destination=-9.29144,-75.87516",0.33,HU-621,ALTA,< 20 min (A pie / Mototaxi),S/. 5 - 10,0.0,Sin datos meteorológicos,352.74,296.24,Luyando,nominal,2026-09-04,validado
-9.11395,-76.15672,,0.34,0.56,2026-08-27,1806,N20,VIIRS,n,2.0NRT,,2.2,D,VIIRS_NOAA20_NRT,"https://www.google.com/maps/dir/?api=1&destination=-9.11395,-76.15672",1.17,HU-557,MEDIA,30 - 60 min (Trocha / Caminata),S/. 15 - 30,0.0,Sin datos meteorológicos,332.74,296.05,Rupa-Rupa,nominal,2026-09-04,validado
-9.06656,-76.13232,,0.34,0.56,2026-08-27,1806,N20,VIIRS,n,2.0NRT,,2.01,D,VIIRS_NOAA20_NRT,"https://www.google.com/maps/dir/?api=1&destination=-9.06656,-76.13232",0.68,HU-551,ALTA,< 20 min (A pie / Mototaxi),S/. 5 - 10,0.0,Sin datos meteorológicos,327.77,296.68,Pueblo Nuevo,nominal,2026-09-04,validado
-9.04752,-76.18555,,0.34,0.56,2026-08-27,1806,N20,VIIRS,n,2.0NRT,,3.74,D,VIIRS_NOAA20_NRT,"https://www.google.com/maps/dir/?api=1&destination=-9.04752,-76.18555",4.71,HU-551,BAJA / REMOTA,> 1.5 horas (Selva adentro / Bote),S/. 40 - 80+,0.0,Sin datos meteorológicos,342.94,296.11,Jose Crespo Y Castillo,nominal,2026-09-04,validado
-9.04455,-76.04559,,0.33,0.55,2026-08-27,1806,N20,VIIRS,n,2.0NRT,,3.91,D,VIIRS_NOAA20_NRT,"https://www.google.com/maps/dir/?api=1&destination=-9.04455,-76.04559",2.84,PE-5N (Carretera Presidente Fernando Belaúnde Terry),MEDIA,30 - 60 min (Trocha / Caminata),S/. 15 - 30,0.0,Sin datos meteorológicos,348.08,297.13,Santo Domingo De Anda,nominal,2026-09-04,validado
-9.01011,-76.13925,,0.34,0.56,2026-08-27,1806,N20,VIIRS,h,2.0NRT,,15.54,D,VIIRS_NOAA20_NRT,"https://www.google.com/maps/dir/?api=1&destination=-9.01011,-76.13925",0.89,HU-551,ALTA,< 20 min (A pie / Mototaxi),S/. 5 - 10,0.0,Sin datos meteorológicos,367.0,300.16,Jose Crespo Y Castillo,alta,2026-09-04,validado
-8.95269,-76.16039,,0.34,0.56,2026-08-27,1806,N20,VIIRS,n,2.0NRT,,2.09,D,VIIRS_NOAA20_NRT,"https://www.google.com/maps/dir/?api=1&destination=-8.95269,-76.16039",1.22,HU-551,MEDIA,30 - 60 min (Trocha / Caminata),S/. 15 - 30,0.0,Sin datos meteorológicos,336.94,296.51,Jose Crespo Y Castillo,nominal,2026-09-04,validado
-8.83031,-76.20076,,0.34,0.56,2026-08-27,1806,N20,VIIRS,n,2.0NRT,,0.88,D,VIIRS_NOAA20_NRT,"https://www.google.com/maps/dir/?api=1&destination=-8.83031,-76.20076",0.04,HU-505,ALTA,< 20 min (A pie / Mototaxi),S/. 5 - 10,0.5,☀️ Seco (<2mm): Evidencia intacta para muestreo,327.26,296.18,Jose Crespo Y Castillo,nominal,2026-09-04,validado
-8.82567,-76.12645,,0.33,0.56,2026-08-27,1806,N20,VIIRS,n,2.0NRT,,2.02,D,VIIRS_NOAA20_NRT,"https://www.google.com/maps/dir/?api=1&destination=-8.82567,-76.12645",1.13,PE-5N (Carretera Presidente Fernando Belaúnde Terry),MEDIA,30 - 60 min (Trocha / Caminata),S/. 15 - 30,0.5,☀️ Seco (<2mm): Evidencia intacta para muestreo,338.63,295.62,Pucayacu,nominal,2026-09-04,validado
-9.34225,-76.03427,,0.44,0.62,2026-08-27,1928,N,VIIRS,n,2.0NRT,,5.88,D,VIIRS_SNPP_NRT,"https://www.google.com/maps/dir/?api=1&destination=-9.34225,-76.03427",0.97,HU-649,ALTA,< 20 min (A pie / Mototaxi),S/. 5 - 10,0.0,☀️ Seco (<2mm): Evidencia intacta para muestreo,352.62,296.95,Mariano Damaso Beraun,nominal,2026-09-04,validado
-9.23417,-76.02866,,0.44,0.62,2026-08-27,1928,N,VIIRS,n,2.0NRT,,3.38,D,VIIRS_SNPP_NRT,"https://www.google.com/maps/dir/?api=1&destination=-9.23417,-76.02866",0.1,HU-556,ALTA,< 20 min (A pie / Mototaxi),S/. 5 - 10,0.0,☀️ Seco (<2mm): Evidencia intacta para muestreo,341.85,297.15,Castillo Grande,nominal,2026-09-04,validado
-9.2076,-75.98312,,0.44,0.62,2026-08-27,1928,N,VIIRS,n,2.0NRT,,6.65,D,VIIRS_SNPP_NRT,"https://www.google.com/maps/dir/?api=1&destination=-9.20760,-75.98312",0.48,PE-18A (Carretera Interoceánica Centro),ALTA,< 20 min (A pie / Mototaxi),S/. 5 - 10,0.0,☀️ Seco (<2mm): Evidencia intacta para muestreo,353.05,297.99,Luyando,nominal,2026-09-04,validado
-9.2074,-75.98125,,0.44,0.63,2026-08-27,1928,N,VIIRS,n,2.0NRT,,6.42,D,VIIRS_SNPP_NRT,"https://www.google.com/maps/dir/?api=1&destination=-9.20740,-75.98125",0.66,PE-18A (Carretera Interoceánica Centro),ALTA,< 20 min (A pie / Mototaxi),S/. 5 - 10,0.0,☀️ Seco (<2mm): Evidencia intacta para muestreo,342.8,296.7,Luyando,nominal,2026-09-04,validado
-9.13532,-75.94806,,0.45,0.63,2026-08-27,1928,N,VIIRS,h,2.0NRT,,10.17,D,VIIRS_SNPP_NRT,"https://www.google.com/maps/dir/?api=1&destination=-9.13532,-75.94806",3.15,PE-5N (Carretera Presidente Fernando Belaúnde Terry),BAJA / REMOTA,> 1.5 horas (Selva adentro / Bote),S/. 40 - 80+,0.0,☀️ Seco (<2mm): Evidencia intacta para muestreo,367.0,296.62,Hermilio Valdizan,alta,2026-09-04,validado
-9.08816,-76.01263,,0.44,0.63,2026-08-27,1928,N,VIIRS,n,2.0NRT,,2.85,D,VIIRS_SNPP_NRT,"https://www.google.com/maps/dir/?api=1&destination=-9.08816,-76.01263",4.76,PE-5N (Carretera Presidente Fernando Belaúnde Terry),BAJA / REMOTA,> 1.5 horas (Selva adentro / Bote),S/. 40 - 80+,0.0,☀️ Seco (<2mm): Evidencia intacta para muestreo,330.95,296.9,Pueblo Nuevo,nominal,2026-09-04,validado
-9.03464,-76.10998,,0.44,0.62,2026-08-27,1928,N,VIIRS,n,2.0NRT,,2.94,D,VIIRS_SNPP_NRT,"https://www.google.com/maps/dir/?api=1&destination=-9.03464,-76.10998",2.86,Vía sin nombre,MEDIA,30 - 60 min (Trocha / Caminata),S/. 15 - 30,0.0,☀️ Seco (<2mm): Evidencia intacta para muestreo,335.14,296.93,Pueblo Nuevo,nominal,2026-09-04,validado
-8.95385,-76.15802,,0.43,0.62,2026-08-27,1928,N,VIIRS,n,2.0NRT,,4.05,D,VIIRS_SNPP_NRT,"https://www.google.com/maps/dir/?api=1&destination=-8.95385,-76.15802",1.51,HU-551,MEDIA,30 - 60 min (Trocha / Caminata),S/. 15 - 30,0.0,☀️ Seco (<2mm): Evidencia intacta para muestreo,346.31,296.51,Jose Crespo Y Castillo,nominal,2026-09-04,validado
-8.93267,-76.01251,,0.45,0.63,2026-08-27,1928,N,VIIRS,n,2.0NRT,,4.22,D,VIIRS_SNPP_NRT,"https://www.google.com/maps/dir/?api=1&destination=-8.93267,-76.01251",8.98,PE-5N (Carretera Presidente Fernando Belaúnde Terry),BAJA / REMOTA,> 1.5 horas (Selva adentro / Bote),S/. 40 - 80+,2.2,"🌦️ Lluvia leve (2-8mm): Carbón visible, ceniza dispersa",331.8,294.52,Jose Crespo Y Castillo,nominal,2026-09-04,validado
-8.83786,-76.07875,,0.44,0.63,2026-08-27,1928,N,VIIRS,n,2.0NRT,,6.09,D,VIIRS_SNPP_NRT,"https://www.google.com/maps/dir/?api=1&destination=-8.83786,-76.07875",3.66,PE-5N (Carretera Presidente Fernando Belaúnde Terry),BAJA / REMOTA,> 1.5 horas (Selva adentro / Bote),S/. 40 - 80+,0.7,☀️ Seco (<2mm): Evidencia intacta para muestreo,347.37,295.38,Jose Crespo Y Castillo,nominal,2026-09-04,validado
-8.83089,-76.2009,,0.43,0.62,2026-08-27,1928,N,VIIRS,n,2.0NRT,,1.23,D,VIIRS_SNPP_NRT,"https://www.google.com/maps/dir/?api=1&destination=-8.83089,-76.20090",0.11,HU-505,ALTA,< 20 min (A pie / Mototaxi),S/. 5 - 10,0.5,☀️ Seco (<2mm): Evidencia intacta para muestreo,328.4,295.78,Jose Crespo Y Castillo,nominal,2026-09-04,validado
-8.76253,-76.09096,,0.44,0.63,2026-08-27,1928,N,VIIRS,n,2.0NRT,,4.25,D,VIIRS_SNPP_NRT,"https://www.google.com/maps/dir/?api=1&destination=-8.76253,-76.09096",3.54,PE-5N (Carretera Presidente Fernando Belaúnde Terry),BAJA / REMOTA,> 1.5 horas (Selva adentro / Bote),S/. 40 - 80+,0.0,Sin datos meteorológicos,332.65,294.07,Pucayacu,nominal,2026-09-04,validado
-9.45436,-75.72873,,0.69,0.74,2026-08-28,1747,N20,VIIRS,h,2.0NRT,,24.13,D,VIIRS_NOAA20_NRT,"https://www.google.com/maps/dir/?api=1&destination=-9.45436,-75.72873",11.8,HU-621,BAJA / REMOTA,> 1.5 horas (Selva adentro / Bote),S/. 40 - 80+,1.3,☀️ Seco (<2mm): Evidencia intacta para muestreo,367.0,293.25,Daniel Alomia Robles,alta,2026-09-04,validado
-9.45287,-75.72956,,0.68,0.74,2026-08-28,1747,N20,VIIRS,n,2.0NRT,,101.47,D,VIIRS_NOAA20_NRT,"https://www.google.com/maps/dir/?api=1&destination=-9.45287,-75.72956",11.63,HU-621,BAJA / REMOTA,> 1.5 horas (Selva adentro / Bote),S/. 40 - 80+,1.3,☀️ Seco (<2mm): Evidencia intacta para muestreo,336.0,303.92,Daniel Alomia Robles,nominal,2026-09-04,validado
-9.44741,-75.7283,,0.69,0.74,2026-08-28,1747,N20,VIIRS,n,2.0NRT,,45.73,D,VIIRS_NOAA20_NRT,"https://www.google.com/maps/dir/?api=1&destination=-9.44741,-75.72830",11.42,HU-621,BAJA / REMOTA,> 1.5 horas (Selva adentro / Bote),S/. 40 - 80+,1.3,☀️ Seco (<2mm): Evidencia intacta para muestreo,349.34,297.77,Daniel Alomia Robles,nominal,2026-09-04,validado
-9.44692,-75.72419,,0.68,0.74,2026-08-28,1747,N20,VIIRS,n,2.0NRT,,45.73,D,VIIRS_NOAA20_NRT,"https://www.google.com/maps/dir/?api=1&destination=-9.44692,-75.72419",11.79,HU-621,BAJA / REMOTA,> 1.5 horas (Selva adentro / Bote),S/. 40 - 80+,1.3,☀️ Seco (<2mm): Evidencia intacta para muestreo,329.56,289.79,Daniel Alomia Robles,nominal,2026-09-04,validado
-9.1166,-76.07367,,0.71,0.75,2026-08-28,1747,N20,VIIRS,n,2.0NRT,,6.9,D,VIIRS_NOAA20_NRT,"https://www.google.com/maps/dir/?api=1&destination=-9.11660,-76.07367",0.13,HU-556,ALTA,< 20 min (A pie / Mototaxi),S/. 5 - 10,0.0,☀️ Seco (<2mm): Evidencia intacta para muestreo,336.73,291.01,Rupa-Rupa,nominal,2026-09-04,validado
-9.53922,-75.75949,,0.44,0.46,2026-08-28,1908,N,VIIRS,n,2.0NRT,,8.46,D,VIIRS_SNPP_NRT,"https://www.google.com/maps/dir/?api=1&destination=-9.53922,-75.75949",17.28,HU-621,BAJA / REMOTA,> 1.5 horas (Selva adentro / Bote),S/. 40 - 80+,0.0,Sin datos meteorológicos,340.38,298.01,Daniel Alomia Robles,nominal,2026-09-04,validado
-9.49761,-75.72188,,0.44,0.46,2026-08-28,1908,N,VIIRS,n,2.0NRT,,15.23,D,VIIRS_SNPP_NRT,"https://www.google.com/maps/dir/?api=1&destination=-9.49761,-75.72188",15.53,HU-621,BAJA / REMOTA,> 1.5 horas (Selva adentro / Bote),S/. 40 - 80+,0.0,Sin datos meteorológicos,348.06,300.03,Daniel Alomia Robles,nominal,2026-09-04,validado
-9.49332,-75.72243,,0.44,0.46,2026-08-28,1908,N,VIIRS,n,2.0NRT,,9.83,D,VIIRS_SNPP_NRT,"https://www.google.com/maps/dir/?api=1&destination=-9.49332,-75.72243",15.14,HU-621,BAJA / REMOTA,> 1.5 horas (Selva adentro / Bote),S/. 40 - 80+,0.0,Sin datos meteorológicos,344.97,299.2,Daniel Alomia Robles,nominal,2026-09-04,validado
-9.47263,-76.12549,,0.42,0.45,2026-08-28,1908,N,VIIRS,n,2.0NRT,,3.03,D,VIIRS_SNPP_NRT,"https://www.google.com/maps/dir/?api=1&destination=-9.47263,-76.12549",13.26,HU-650,BAJA / REMOTA,> 1.5 horas (Selva adentro / Bote),S/. 40 - 80+,0.0,Sin datos meteorológicos,337.84,293.59,Mariano Damaso Beraun,nominal,2026-09-04,validado
-9.45634,-75.77714,,0.44,0.46,2026-08-28,1908,N,VIIRS,n,2.0NRT,,4.65,D,VIIRS_SNPP_NRT,"https://www.google.com/maps/dir/?api=1&destination=-9.45634,-75.77714",8.19,HU-621,BAJA / REMOTA,> 1.5 horas (Selva adentro / Bote),S/. 40 - 80+,0.0,Sin datos meteorológicos,334.47,296.76,Daniel Alomia Robles,nominal,2026-09-04,validado
-9.44835,-75.73019,,0.44,0.46,2026-08-28,1908,N,VIIRS,n,2.0NRT,,6.8,D,VIIRS_SNPP_NRT,"https://www.google.com/maps/dir/?api=1&destination=-9.44835,-75.73019",11.3,HU-621,BAJA / REMOTA,> 1.5 horas (Selva adentro / Bote),S/. 40 - 80+,0.0,Sin datos meteorológicos,344.19,297.68,Daniel Alomia Robles,nominal,2026-09-04,validado
-9.44394,-75.78151,,0.44,0.46,2026-08-28,1908,N,VIIRS,n,2.0NRT,,8.32,D,VIIRS_SNPP_NRT,"https://www.google.com/maps/dir/?api=1&destination=-9.44394,-75.78151",6.79,HU-621,BAJA / REMOTA,> 1.5 horas (Selva adentro / Bote),S/. 40 - 80+,0.0,Sin datos meteorológicos,334.27,297.44,Daniel Alomia Robles,nominal,2026-09-04,validado
-9.44321,-75.92957,,0.43,0.46,2026-08-28,1908,N,VIIRS,n,2.0NRT,,5.37,D,VIIRS_SNPP_NRT,"https://www.google.com/maps/dir/?api=1&destination=-9.44321,-75.92957",2.89,HU-640,MEDIA,30 - 60 min (Trocha / Caminata),S/. 15 - 30,0.0,Sin datos meteorológicos,348.38,296.28,Mariano Damaso Beraun,nominal,2026-09-04,validado
-9.43686,-75.74011,,0.44,0.46,2026-08-28,1908,N,VIIRS,n,2.0NRT,,4.9,D,VIIRS_SNPP_NRT,"https://www.google.com/maps/dir/?api=1&destination=-9.43686,-75.74011",9.72,HU-621,BAJA / REMOTA,> 1.5 horas (Selva adentro / Bote),S/. 40 - 80+,0.0,Sin datos meteorológicos,338.81,296.86,Daniel Alomia Robles,nominal,2026-09-04,validado
-9.39996,-75.73009,,0.44,0.46,2026-08-28,1908,N,VIIRS,n,2.0NRT,,4.95,D,VIIRS_SNPP_NRT,"https://www.google.com/maps/dir/?api=1&destination=-9.39996,-75.73009",9.6,HU-621,BAJA / REMOTA,> 1.5 horas (Selva adentro / Bote),S/. 40 - 80+,2.7,"🌦️ Lluvia leve (2-8mm): Carbón visible, ceniza dispersa",340.59,299.57,Daniel Alomia Robles,nominal,2026-09-04,validado
-9.38718,-75.95724,,0.43,0.46,2026-08-28,1908,N,VIIRS,n,2.0NRT,,6.67,D,VIIRS_SNPP_NRT,"https://www.google.com/maps/dir/?api=1&destination=-9.38718,-75.95724",0.12,HU-632,ALTA,< 20 min (A pie / Mototaxi),S/. 5 - 10,0.0,☀️ Seco (<2mm): Evidencia intacta para muestreo,332.24,297.33,Mariano Damaso Beraun,nominal,2026-09-04,validado
-9.38657,-75.95362,,0.43,0.46,2026-08-28,1908,N,VIIRS,n,2.0NRT,,13.07,D,VIIRS_SNPP_NRT,"https://www.google.com/maps/dir/?api=1&destination=-9.38657,-75.95362",0.04,HU-632,ALTA,< 20 min (A pie / Mototaxi),S/. 5 - 10,0.0,☀️ Seco (<2mm): Evidencia intacta para muestreo,340.45,299.71,Mariano Damaso Beraun,nominal,2026-09-04,validado
-9.35118,-75.79621,,0.44,0.46,2026-08-28,1908,N,VIIRS,n,2.0NRT,,2.1,D,VIIRS_SNPP_NRT,"https://www.google.com/maps/dir/?api=1&destination=-9.35118,-75.79621",3.99,HU-621,BAJA / REMOTA,> 1.5 horas (Selva adentro / Bote),S/. 40 - 80+,1.5,☀️ Seco (<2mm): Evidencia intacta para muestreo,331.65,297.26,Daniel Alomia Robles,nominal,2026-09-04,validado
-9.33541,-75.83212,,0.44,0.46,2026-08-28,1908,N,VIIRS,n,2.0NRT,,3.52,D,VIIRS_SNPP_NRT,"https://www.google.com/maps/dir/?api=1&destination=-9.33541,-75.83212",1.69,HU-621,MEDIA,30 - 60 min (Trocha / Caminata),S/. 15 - 30,1.3,☀️ Seco (<2mm): Evidencia intacta para muestreo,338.19,297.67,Daniel Alomia Robles,nominal,2026-09-04,validado
-9.32523,-75.92498,,0.43,0.46,2026-08-28,1908,N,VIIRS,n,2.0NRT,,16.81,D,VIIRS_SNPP_NRT,"https://www.google.com/maps/dir/?api=1&destination=-9.32523,-75.92498",4.33,HU-633,BAJA / REMOTA,> 1.5 horas (Selva adentro / Bote),S/. 40 - 80+,0.0,☀️ Seco (<2mm): Evidencia intacta para muestreo,342.44,302.73,Mariano Damaso Beraun,nominal,2026-09-04,validado
-9.32356,-75.96553,,0.43,0.46,2026-08-28,1908,N,VIIRS,n,2.0NRT,,28.34,D,VIIRS_SNPP_NRT,"https://www.google.com/maps/dir/?api=1&destination=-9.32356,-75.96553",2.82,PE-18A (Carretera Central),MEDIA,30 - 60 min (Trocha / Caminata),S/. 15 - 30,0.0,☀️ Seco (<2mm): Evidencia intacta para muestreo,333.69,297.84,Mariano Damaso Beraun,nominal,2026-09-04,validado
-9.32302,-75.96235,,0.43,0.46,2026-08-28,1908,N,VIIRS,n,2.0NRT,,28.34,D,VIIRS_SNPP_NRT,"https://www.google.com/maps/dir/?api=1&destination=-9.32302,-75.96235",3.16,PE-18A (Carretera Central),BAJA / REMOTA,> 1.5 horas (Selva adentro / Bote),S/. 40 - 80+,0.0,☀️ Seco (<2mm): Evidencia intacta para muestreo,341.91,303.96,Mariano Damaso Beraun,nominal,2026-09-04,validado
-9.23272,-76.03947,,0.42,0.46,2026-08-28,1908,N,VIIRS,n,2.0NRT,,3.03,D,VIIRS_SNPP_NRT,"https://www.google.com/maps/dir/?api=1&destination=-9.23272,-76.03947",0.89,HU-556,ALTA,< 20 min (A pie / Mototaxi),S/. 5 - 10,0.0,☀️ Seco (<2mm): Evidencia intacta para muestreo,337.28,297.97,Castillo Grande,nominal,2026-09-04,validado
-9.15351,-75.95609,,0.43,0.46,2026-08-28,1908,N,VIIRS,n,2.0NRT,,7.91,D,VIIRS_SNPP_NRT,"https://www.google.com/maps/dir/?api=1&destination=-9.15351,-75.95609",1.14,PE-5N (Carretera Presidente Fernando Belaúnde Terry),MEDIA,30 - 60 min (Trocha / Caminata),S/. 15 - 30,0.0,☀️ Seco (<2mm): Evidencia intacta para muestreo,335.12,297.42,Hermilio Valdizan,nominal,2026-09-04,validado
-9.15287,-75.95228,,0.43,0.46,2026-08-28,1908,N,VIIRS,n,2.0NRT,,14.84,D,VIIRS_SNPP_NRT,"https://www.google.com/maps/dir/?api=1&destination=-9.15287,-75.95228",1.54,PE-5N (Carretera Presidente Fernando Belaúnde Terry),MEDIA,30 - 60 min (Trocha / Caminata),S/. 15 - 30,0.0,☀️ Seco (<2mm): Evidencia intacta para muestreo,340.02,299.86,Hermilio Valdizan,nominal,2026-09-04,validado
-9.14402,-76.05302,,0.42,0.46,2026-08-28,1908,N,VIIRS,n,2.0NRT,,2.14,D,VIIRS_SNPP_NRT,"https://www.google.com/maps/dir/?api=1&destination=-9.14402,-76.05302",0.66,HU-559,ALTA,< 20 min (A pie / Mototaxi),S/. 5 - 10,0.0,☀️ Seco (<2mm): Evidencia intacta para muestreo,331.92,299.88,Castillo Grande,nominal,2026-09-04,validado
-9.11133,-75.96391,,0.43,0.46,2026-08-28,1908,N,VIIRS,n,2.0NRT,,4.84,D,VIIRS_SNPP_NRT,"https://www.google.com/maps/dir/?api=1&destination=-9.11133,-75.96391",4.59,PE-5N (Carretera Presidente Fernando Belaúnde Terry),BAJA / REMOTA,> 1.5 horas (Selva adentro / Bote),S/. 40 - 80+,0.0,Sin datos meteorológicos,340.82,299.74,Pueblo Nuevo,nominal,2026-09-04,validado
-9.11027,-76.10735,,0.42,0.45,2026-08-28,1908,N,VIIRS,n,2.0NRT,,2.12,D,VIIRS_SNPP_NRT,"https://www.google.com/maps/dir/?api=1&destination=-9.11027,-76.10735",0.05,HU-558,ALTA,< 20 min (A pie / Mototaxi),S/. 5 - 10,0.0,☀️ Seco (<2mm): Evidencia intacta para muestreo,330.05,298.36,Rupa-Rupa,nominal,2026-09-04,validado
-9.10709,-75.96457,,0.43,0.46,2026-08-28,1908,N,VIIRS,n,2.0NRT,,4.84,D,VIIRS_SNPP_NRT,"https://www.google.com/maps/dir/?api=1&destination=-9.10709,-75.96457",5.03,PE-5N (Carretera Presidente Fernando Belaúnde Terry),BAJA / REMOTA,> 1.5 horas (Selva adentro / Bote),S/. 40 - 80+,0.0,Sin datos meteorológicos,341.34,298.28,Pueblo Nuevo,nominal,2026-09-04,validado
-9.08633,-76.01581,,0.43,0.46,2026-08-28,1908,N,VIIRS,n,2.0NRT,,3.4,D,VIIRS_SNPP_NRT,"https://www.google.com/maps/dir/?api=1&destination=-9.08633,-76.01581",4.55,PE-5N (Carretera Presidente Fernando Belaúnde Terry),BAJA / REMOTA,> 1.5 horas (Selva adentro / Bote),S/. 40 - 80+,0.0,Sin datos meteorológicos,332.82,299.63,Pueblo Nuevo,nominal,2026-09-04,validado
-9.07108,-76.05396,,0.43,0.46,2026-08-28,1908,N,VIIRS,n,2.0NRT,,3.29,D,VIIRS_SNPP_NRT,"https://www.google.com/maps/dir/?api=1&destination=-9.07108,-76.05396",1.05,PE-5N (Carretera Presidente Fernando Belaúnde Terry),MEDIA,30 - 60 min (Trocha / Caminata),S/. 15 - 30,0.0,Sin datos meteorológicos,335.62,299.12,Pueblo Nuevo,nominal,2026-09-04,validado
-9.06874,-76.2178,,0.42,0.45,2026-08-28,1908,N,VIIRS,n,2.0NRT,,4.99,D,VIIRS_SNPP_NRT,"https://www.google.com/maps/dir/?api=1&destination=-9.06874,-76.21780",5.19,HU-557,BAJA / REMOTA,> 1.5 horas (Selva adentro / Bote),S/. 40 - 80+,0.0,Sin datos meteorológicos,332.57,297.36,Jose Crespo Y Castillo,nominal,2026-09-04,validado
-9.06807,-76.21391,,0.42,0.45,2026-08-28,1908,N,VIIRS,n,2.0NRT,,8.54,D,VIIRS_SNPP_NRT,"https://www.google.com/maps/dir/?api=1&destination=-9.06807,-76.21391",4.93,HU-557,BAJA / REMOTA,> 1.5 horas (Selva adentro / Bote),S/. 40 - 80+,0.0,Sin datos meteorológicos,341.11,297.89,Jose Crespo Y Castillo,nominal,2026-09-04,validado
-9.0255,-76.01548,,0.43,0.46,2026-08-28,1908,N,VIIRS,n,2.0NRT,,3.03,D,VIIRS_SNPP_NRT,"https://www.google.com/maps/dir/?api=1&destination=-9.02550,-76.01548",5.36,PE-5N (Carretera Presidente Fernando Belaúnde Terry),BAJA / REMOTA,> 1.5 horas (Selva adentro / Bote),S/. 40 - 80+,0.0,Sin datos meteorológicos,340.23,298.23,Santo Domingo De Anda,nominal,2026-09-04,validado
-8.98569,-76.24043,,0.42,0.45,2026-08-28,1908,N,VIIRS,n,2.0NRT,,6.6,D,VIIRS_SNPP_NRT,"https://www.google.com/maps/dir/?api=1&destination=-8.98569,-76.24043",6.41,HU-551,BAJA / REMOTA,> 1.5 horas (Selva adentro / Bote),S/. 40 - 80+,0.0,Sin datos meteorológicos,332.43,298.83,Jose Crespo Y Castillo,nominal,2026-09-04,validado
-8.98148,-76.24078,,0.42,0.45,2026-08-28,1908,N,VIIRS,n,2.0NRT,,6.6,D,VIIRS_SNPP_NRT,"https://www.google.com/maps/dir/?api=1&destination=-8.98148,-76.24078",6.32,HU-551,BAJA / REMOTA,> 1.5 horas (Selva adentro / Bote),S/. 40 - 80+,0.0,Sin datos meteorológicos,336.6,300.02,Jose Crespo Y Castillo,nominal,2026-09-04,validado
-8.98087,-76.23719,,0.42,0.45,2026-08-28,1908,N,VIIRS,n,2.0NRT,,13.37,D,VIIRS_SNPP_NRT,"https://www.google.com/maps/dir/?api=1&destination=-8.98087,-76.23719",5.92,HU-551,BAJA / REMOTA,> 1.5 horas (Selva adentro / Bote),S/. 40 - 80+,0.0,Sin datos meteorológicos,339.73,297.42,Jose Crespo Y Castillo,nominal,2026-09-04,validado
-8.95642,-75.93841,,0.44,0.46,2026-08-28,1908,N,VIIRS,n,2.0NRT,,5.69,D,VIIRS_SNPP_NRT,"https://www.google.com/maps/dir/?api=1&destination=-8.95642,-75.93841",15.54,PE-5N (Carretera Presidente Fernando Belaúnde Terry),BAJA / REMOTA,> 1.5 horas (Selva adentro / Bote),S/. 40 - 80+,0.0,Sin datos meteorológicos,338.58,297.05,Santo Domingo De Anda,nominal,2026-09-04,validado
-8.95215,-75.93893,,0.44,0.46,2026-08-28,1908,N,VIIRS,n,2.0NRT,,14.29,D,VIIRS_SNPP_NRT,"https://www.google.com/maps/dir/?api=1&destination=-8.95215,-75.93893",15.65,PE-5N (Carretera Presidente Fernando Belaúnde Terry),BAJA / REMOTA,> 1.5 horas (Selva adentro / Bote),S/. 40 - 80+,0.0,Sin datos meteorológicos,342.66,295.84,Santo Domingo De Anda,nominal,2026-09-04,validado
-8.91026,-76.10118,,0.43,0.46,2026-08-28,1908,N,VIIRS,n,2.0NRT,,3.09,D,VIIRS_SNPP_NRT,"https://www.google.com/maps/dir/?api=1&destination=-8.91026,-76.10118",0.3,HU-540,ALTA,< 20 min (A pie / Mototaxi),S/. 5 - 10,0.2,☀️ Seco (<2mm): Evidencia intacta para muestreo,331.76,300.58,Jose Crespo Y Castillo,nominal,2026-09-04,validado
-8.87896,-76.22099,,0.42,0.45,2026-08-28,1908,N,VIIRS,n,2.0NRT,,10.8,D,VIIRS_SNPP_NRT,"https://www.google.com/maps/dir/?api=1&destination=-8.87896,-76.22099",4.22,HU-550,BAJA / REMOTA,> 1.5 horas (Selva adentro / Bote),S/. 40 - 80+,0.0,☀️ Seco (<2mm): Evidencia intacta para muestreo,340.27,299.76,Jose Crespo Y Castillo,nominal,2026-09-04,validado
-8.77122,-76.17226,,0.42,0.45,2026-08-28,1908,N,VIIRS,n,2.0NRT,,3.34,D,VIIRS_SNPP_NRT,"https://www.google.com/maps/dir/?api=1&destination=-8.77122,-76.17226",0.25,HU-545,ALTA,< 20 min (A pie / Mototaxi),S/. 5 - 10,0.5,☀️ Seco (<2mm): Evidencia intacta para muestreo,335.35,298.44,Jose Crespo Y Castillo,nominal,2026-09-04,validado
-8.73977,-76.11404,,0.43,0.46,2026-08-28,1908,N,VIIRS,n,2.0NRT,,5.85,D,VIIRS_SNPP_NRT,"https://www.google.com/maps/dir/?api=1&destination=-8.73977,-76.11404",0.63,PE-5N (Carretera Presidente Fernando Belaúnde Terry),ALTA,< 20 min (A pie / Mototaxi),S/. 5 - 10,0.5,☀️ Seco (<2mm): Evidencia intacta para muestreo,337.26,298.87,Pucayacu,nominal,2026-09-04,validado
-8.73305,-76.09996,,0.43,0.46,2026-08-28,1908,N,VIIRS,n,2.0NRT,,3.55,D,VIIRS_SNPP_NRT,"https://www.google.com/maps/dir/?api=1&destination=-8.73305,-76.09996",2.32,PE-5N (Carretera Presidente Fernando Belaúnde Terry),MEDIA,30 - 60 min (Trocha / Caminata),S/. 15 - 30,0.9,☀️ Seco (<2mm): Evidencia intacta para muestreo,331.81,298.32,Pucayacu,nominal,2026-09-04,validado
-8.73243,-76.09634,,0.43,0.46,2026-08-28,1908,N,VIIRS,n,2.0NRT,,5.32,D,VIIRS_SNPP_NRT,"https://www.google.com/maps/dir/?api=1&destination=-8.73243,-76.09634",2.63,HU-528,MEDIA,30 - 60 min (Trocha / Caminata),S/. 15 - 30,0.9,☀️ Seco (<2mm): Evidencia intacta para muestreo,329.76,298.32,Pucayacu,nominal,2026-09-04,validado
-8.70453,-76.08551,,0.43,0.46,2026-08-28,1908,N,VIIRS,n,2.0NRT,,10.06,D,VIIRS_SNPP_NRT,"https://www.google.com/maps/dir/?api=1&destination=-8.70453,-76.08551",1.63,HU-528,MEDIA,30 - 60 min (Trocha / Caminata),S/. 15 - 30,0.9,☀️ Seco (<2mm): Evidencia intacta para muestreo,341.02,299.53,Pucayacu,nominal,2026-09-04,validado
-8.61075,-76.09112,,0.43,0.46,2026-08-28,1908,N,VIIRS,n,2.0NRT,,3.33,D,VIIRS_SNPP_NRT,"https://www.google.com/maps/dir/?api=1&destination=-8.61075,-76.09112",2.37,HU-524,MEDIA,30 - 60 min (Trocha / Caminata),S/. 15 - 30,1.6,☀️ Seco (<2mm): Evidencia intacta para muestreo,338.97,297.64,Pucayacu,nominal,2026-09-04,validado
-9.49979,-75.72202,,0.6,0.71,2026-08-28,1928,N20,VIIRS,n,2.0NRT,,17.06,D,VIIRS_NOAA20_NRT,"https://www.google.com/maps/dir/?api=1&destination=-9.49979,-75.72202",15.7,HU-621,BAJA / REMOTA,> 1.5 horas (Selva adentro / Bote),S/. 40 - 80+,1.8,☀️ Seco (<2mm): Evidencia intacta para muestreo,347.4,292.79,Daniel Alomia Robles,nominal,2026-09-04,validado
-9.49939,-75.71914,,0.6,0.7,2026-08-28,1928,N20,VIIRS,n,2.0NRT,,15.69,D,VIIRS_NOAA20_NRT,"https://www.google.com/maps/dir/?api=1&destination=-9.49939,-75.71914",15.88,HU-621,BAJA / REMOTA,> 1.5 horas (Selva adentro / Bote),S/. 40 - 80+,1.8,☀️ Seco (<2mm): Evidencia intacta para muestreo,356.41,291.82,Daniel Alomia Robles,nominal,2026-09-04,validado
-9.49286,-75.71998,,0.6,0.7,2026-08-28,1928,N20,VIIRS,n,2.0NRT,,9.05,D,VIIRS_NOAA20_NRT,"https://www.google.com/maps/dir/?api=1&destination=-9.49286,-75.71998",15.29,HU-621,BAJA / REMOTA,> 1.5 horas (Selva adentro / Bote),S/. 40 - 80+,1.8,☀️ Seco (<2mm): Evidencia intacta para muestreo,341.36,293.21,Daniel Alomia Robles,nominal,2026-09-04,validado
-9.49247,-75.71869,,0.6,0.71,2026-08-28,1928,N20,VIIRS,n,2.0NRT,,10.02,D,VIIRS_NOAA20_NRT,"https://www.google.com/maps/dir/?api=1&destination=-9.49247,-75.71869",15.36,HU-621,BAJA / REMOTA,> 1.5 horas (Selva adentro / Bote),S/. 40 - 80+,0.0,Sin datos meteorológicos,333.29,290.61,Daniel Alomia Robles,nominal,2026-09-04,validado
-9.47518,-76.12441,,0.56,0.69,2026-08-28,1928,N20,VIIRS,n,2.0NRT,,10.11,D,VIIRS_NOAA20_NRT,"https://www.google.com/maps/dir/?api=1&destination=-9.47518,-76.12441",13.44,HU-650,BAJA / REMOTA,> 1.5 horas (Selva adentro / Bote),S/. 40 - 80+,0.0,Sin datos meteorológicos,344.66,292.96,Mariano Damaso Beraun,nominal,2026-09-04,validado
-9.47172,-76.12464,,0.56,0.69,2026-08-28,1928,N20,VIIRS,n,2.0NRT,,9.01,D,VIIRS_NOAA20_NRT,"https://www.google.com/maps/dir/?api=1&destination=-9.47172,-76.12464",13.13,HU-650,BAJA / REMOTA,> 1.5 horas (Selva adentro / Bote),S/. 40 - 80+,0.0,Sin datos meteorológicos,352.11,291.65,Mariano Damaso Beraun,nominal,2026-09-04,validado
-9.44429,-75.78065,,0.59,0.7,2026-08-28,1928,N20,VIIRS,n,2.0NRT,,3.14,D,VIIRS_NOAA20_NRT,"https://www.google.com/maps/dir/?api=1&destination=-9.44429,-75.78065",6.87,HU-621,BAJA / REMOTA,> 1.5 horas (Selva adentro / Bote),S/. 40 - 80+,0.0,Sin datos meteorológicos,327.8,292.45,Daniel Alomia Robles,nominal,2026-09-04,validado
-9.33576,-76.14681,,0.56,0.69,2026-08-28,1928,N20,VIIRS,n,2.0NRT,,4.6,D,VIIRS_NOAA20_NRT,"https://www.google.com/maps/dir/?api=1&destination=-9.33576,-76.14681",2.99,Vía sin nombre,MEDIA,30 - 60 min (Trocha / Caminata),S/. 15 - 30,0.0,Sin datos meteorológicos,330.05,291.03,Mariano Damaso Beraun,nominal,2026-09-04,validado
-9.33059,-75.92561,,0.58,0.7,2026-08-28,1928,N20,VIIRS,n,2.0NRT,,9.53,D,VIIRS_NOAA20_NRT,"https://www.google.com/maps/dir/?api=1&destination=-9.33059,-75.92561",3.75,HU-633,BAJA / REMOTA,> 1.5 horas (Selva adentro / Bote),S/. 40 - 80+,0.0,Sin datos meteorológicos,347.6,293.95,Mariano Damaso Beraun,nominal,2026-09-04,validado
-9.32571,-75.96201,,0.58,0.7,2026-08-28,1928,N20,VIIRS,h,2.0NRT,,11.44,D,VIIRS_NOAA20_NRT,"https://www.google.com/maps/dir/?api=1&destination=-9.32571,-75.96201",3.06,PE-18A (Carretera Central),BAJA / REMOTA,> 1.5 horas (Selva adentro / Bote),S/. 40 - 80+,0.0,Sin datos meteorológicos,367.0,293.91,Mariano Damaso Beraun,alta,2026-09-04,validado
-9.32473,-75.96463,,0.58,0.7,2026-08-28,1928,N20,VIIRS,n,2.0NRT,,9.82,D,VIIRS_NOAA20_NRT,"https://www.google.com/maps/dir/?api=1&destination=-9.32473,-75.96463",2.85,PE-18A (Carretera Central),MEDIA,30 - 60 min (Trocha / Caminata),S/. 15 - 30,0.0,Sin datos meteorológicos,332.27,293.76,Mariano Damaso Beraun,nominal,2026-09-04,validado
-9.3246,-75.92264,,0.58,0.7,2026-08-28,1928,N20,VIIRS,n,2.0NRT,,10.96,D,VIIRS_NOAA20_NRT,"https://www.google.com/maps/dir/?api=1&destination=-9.32460,-75.92264",4.49,HU-633,BAJA / REMOTA,> 1.5 horas (Selva adentro / Bote),S/. 40 - 80+,0.0,☀️ Seco (<2mm): Evidencia intacta para muestreo,333.28,292.64,Mariano Damaso Beraun,nominal,2026-09-04,validado
-9.32408,-75.9612,,0.58,0.7,2026-08-28,1928,N20,VIIRS,n,2.0NRT,,8.43,D,VIIRS_NOAA20_NRT,"https://www.google.com/maps/dir/?api=1&destination=-9.32408,-75.96120",3.22,PE-18A (Carretera Central),BAJA / REMOTA,> 1.5 horas (Selva adentro / Bote),S/. 40 - 80+,0.0,☀️ Seco (<2mm): Evidencia intacta para muestreo,342.62,291.7,Mariano Damaso Beraun,nominal,2026-09-04,validado
-9.1752,-75.84395,,0.59,0.7,2026-08-28,1928,N20,VIIRS,n,2.0NRT,,5.62,D,VIIRS_NOAA20_NRT,"https://www.google.com/maps/dir/?api=1&destination=-9.17520,-75.84395",3.3,PE-5N (Carretera Federico Basadre),BAJA / REMOTA,> 1.5 horas (Selva adentro / Bote),S/. 40 - 80+,3.5,"🌦️ Lluvia leve (2-8mm): Carbón visible, ceniza dispersa",334.55,291.58,Hermilio Valdizan,nominal,2026-09-04,validado
-9.17443,-75.84337,,0.6,0.7,2026-08-28,1928,N20,VIIRS,n,2.0NRT,,5.14,D,VIIRS_NOAA20_NRT,"https://www.google.com/maps/dir/?api=1&destination=-9.17443,-75.84337",3.35,PE-5N (Carretera Federico Basadre),BAJA / REMOTA,> 1.5 horas (Selva adentro / Bote),S/. 40 - 80+,3.5,"🌦️ Lluvia leve (2-8mm): Carbón visible, ceniza dispersa",331.7,291.4,Hermilio Valdizan,nominal,2026-09-04,validado
-9.11082,-76.10715,,0.57,0.69,2026-08-28,1928,N20,VIIRS,n,2.0NRT,,4.91,D,VIIRS_NOAA20_NRT,"https://www.google.com/maps/dir/?api=1&destination=-9.11082,-76.10715",0.02,HU-558,ALTA,< 20 min (A pie / Mototaxi),S/. 5 - 10,0.0,☀️ Seco (<2mm): Evidencia intacta para muestreo,337.18,294.87,Rupa-Rupa,nominal,2026-09-04,validado
-9.11046,-75.96011,,0.58,0.7,2026-08-28,1928,N20,VIIRS,h,2.0NRT,,11.22,D,VIIRS_NOAA20_NRT,"https://www.google.com/maps/dir/?api=1&destination=-9.11046,-75.96011",4.81,PE-5N (Carretera Presidente Fernando Belaúnde Terry),BAJA / REMOTA,> 1.5 horas (Selva adentro / Bote),S/. 40 - 80+,1.0,☀️ Seco (<2mm): Evidencia intacta para muestreo,367.0,294.04,Pueblo Nuevo,alta,2026-09-04,validado
-9.11008,-75.9637,,0.59,0.7,2026-08-28,1928,N20,VIIRS,n,2.0NRT,,10.72,D,VIIRS_NOAA20_NRT,"https://www.google.com/maps/dir/?api=1&destination=-9.11008,-75.96370",4.73,PE-5N (Carretera Presidente Fernando Belaúnde Terry),BAJA / REMOTA,> 1.5 horas (Selva adentro / Bote),S/. 40 - 80+,1.0,☀️ Seco (<2mm): Evidencia intacta para muestreo,345.41,295.47,Pueblo Nuevo,nominal,2026-09-04,validado
-9.10909,-75.95847,,0.59,0.7,2026-08-28,1928,N20,VIIRS,n,2.0NRT,,8.53,D,VIIRS_NOAA20_NRT,"https://www.google.com/maps/dir/?api=1&destination=-9.10909,-75.95847",5.01,PE-5N (Carretera Presidente Fernando Belaúnde Terry),BAJA / REMOTA,> 1.5 horas (Selva adentro / Bote),S/. 40 - 80+,1.0,☀️ Seco (<2mm): Evidencia intacta para muestreo,329.01,293.38,Pueblo Nuevo,nominal,2026-09-04,validado
-8.98247,-76.23811,,0.56,0.69,2026-08-28,1928,N20,VIIRS,n,2.0NRT,,6.71,D,VIIRS_NOAA20_NRT,"https://www.google.com/maps/dir/?api=1&destination=-8.98247,-76.23811",6.06,HU-551,BAJA / REMOTA,> 1.5 horas (Selva adentro / Bote),S/. 40 - 80+,0.0,☀️ Seco (<2mm): Evidencia intacta para muestreo,343.76,293.24,Jose Crespo Y Castillo,nominal,2026-09-04,validado
-8.96561,-76.08178,,0.58,0.7,2026-08-28,1928,N20,VIIRS,n,2.0NRT,,4.44,D,VIIRS_NOAA20_NRT,"https://www.google.com/maps/dir/?api=1&destination=-8.96561,-76.08178",1.21,PE-5N (Carretera Presidente Fernando Belaúnde Terry),MEDIA,30 - 60 min (Trocha / Caminata),S/. 15 - 30,0.0,☀️ Seco (<2mm): Evidencia intacta para muestreo,333.96,294.11,Jose Crespo Y Castillo,nominal,2026-09-04,validado
-8.95815,-75.93889,,0.59,0.7,2026-08-28,1928,N20,VIIRS,n,2.0NRT,,5.62,D,VIIRS_NOAA20_NRT,"https://www.google.com/maps/dir/?api=1&destination=-8.95815,-75.93889",15.43,PE-5N (Carretera Presidente Fernando Belaúnde Terry),BAJA / REMOTA,> 1.5 horas (Selva adentro / Bote),S/. 40 - 80+,1.5,☀️ Seco (<2mm): Evidencia intacta para muestreo,332.93,292.81,Santo Domingo De Anda,nominal,2026-09-04,validado
-8.70505,-76.08435,,0.58,0.7,2026-08-28,1928,N20,VIIRS,n,2.0NRT,,6.4,D,VIIRS_NOAA20_NRT,"https://www.google.com/maps/dir/?api=1&destination=-8.70505,-76.08435",1.77,HU-528,MEDIA,30 - 60 min (Trocha / Caminata),S/. 15 - 30,0.9,☀️ Seco (<2mm): Evidencia intacta para muestreo,342.73,295.18,Pucayacu,nominal,2026-09-04,validado
-8.70406,-76.08524,,0.58,0.7,2026-08-28,1928,N20,VIIRS,n,2.0NRT,,6.57,D,VIIRS_NOAA20_NRT,"https://www.google.com/maps/dir/?api=1&destination=-8.70406,-76.08524",1.64,HU-528,MEDIA,30 - 60 min (Trocha / Caminata),S/. 15 - 30,0.0,Sin datos meteorológicos,340.67,294.69,Pucayacu,nominal,2026-09-04,validado
-9.44789,-75.77081,,0.39,0.36,2026-08-29,1849,N,VIIRS,n,2.0NRT,,10.07,D,VIIRS_SNPP_NRT,"https://www.google.com/maps/dir/?api=1&destination=-9.44789,-75.77081",7.86,HU-621,BAJA / REMOTA,> 1.5 horas (Selva adentro / Bote),S/. 40 - 80+,0.2,☀️ Seco (<2mm): Evidencia intacta para muestreo,346.67,300.84,Daniel Alomia Robles,nominal,2026-09-04,validado
-9.44712,-76.08488,,0.39,0.36,2026-08-29,1849,N,VIIRS,n,2.0NRT,,3.32,D,VIIRS_SNPP_NRT,"https://www.google.com/maps/dir/?api=1&destination=-9.44712,-76.08488",8.84,HU-650,BAJA / REMOTA,> 1.5 horas (Selva adentro / Bote),S/. 40 - 80+,0.1,☀️ Seco (<2mm): Evidencia intacta para muestreo,341.25,291.69,Mariano Damaso Beraun,nominal,2026-09-04,validado
-9.43052,-75.74787,,0.39,0.36,2026-08-29,1849,N,VIIRS,n,2.0NRT,,4.34,D,VIIRS_SNPP_NRT,"https://www.google.com/maps/dir/?api=1&destination=-9.43052,-75.74787",8.63,HU-621,BAJA / REMOTA,> 1.5 horas (Selva adentro / Bote),S/. 40 - 80+,1.1,☀️ Seco (<2mm): Evidencia intacta para muestreo,334.23,297.09,Daniel Alomia Robles,nominal,2026-09-04,validado
-9.4123,-75.92648,,0.39,0.36,2026-08-29,1849,N,VIIRS,n,2.0NRT,,1.8,D,VIIRS_SNPP_NRT,"https://www.google.com/maps/dir/?api=1&destination=-9.41230,-75.92648",0.26,HU-638,ALTA,< 20 min (A pie / Mototaxi),S/. 5 - 10,0.0,☀️ Seco (<2mm): Evidencia intacta para muestreo,332.26,297.25,Mariano Damaso Beraun,nominal,2026-09-04,validado
-9.40353,-75.78134,,0.39,0.36,2026-08-29,1849,N,VIIRS,n,2.0NRT,,10.59,D,VIIRS_SNPP_NRT,"https://www.google.com/maps/dir/?api=1&destination=-9.40353,-75.78134",4.09,HU-621,BAJA / REMOTA,> 1.5 horas (Selva adentro / Bote),S/. 40 - 80+,1.7,☀️ Seco (<2mm): Evidencia intacta para muestreo,345.84,297.61,Daniel Alomia Robles,nominal,2026-09-04,validado
-9.40347,-75.72947,,0.39,0.37,2026-08-29,1849,N,VIIRS,n,2.0NRT,,4.43,D,VIIRS_SNPP_NRT,"https://www.google.com/maps/dir/?api=1&destination=-9.40347,-75.72947",9.7,HU-621,BAJA / REMOTA,> 1.5 horas (Selva adentro / Bote),S/. 40 - 80+,4.5,"🌦️ Lluvia leve (2-8mm): Carbón visible, ceniza dispersa",333.4,299.43,Daniel Alomia Robles,nominal,2026-09-04,validado
-9.39848,-75.83754,,0.39,0.36,2026-08-29,1849,N,VIIRS,n,2.0NRT,,24.98,D,VIIRS_SNPP_NRT,"https://www.google.com/maps/dir/?api=1&destination=-9.39848,-75.83754",1.95,HU-621,MEDIA,30 - 60 min (Trocha / Caminata),S/. 15 - 30,1.1,☀️ Seco (<2mm): Evidencia intacta para muestreo,333.3,301.29,Mariano Damaso Beraun,nominal,2026-09-04,validado
-9.3944,-75.94389,,0.39,0.36,2026-08-29,1849,N,VIIRS,n,2.0NRT,,6.09,D,VIIRS_SNPP_NRT,"https://www.google.com/maps/dir/?api=1&destination=-9.39440,-75.94389",0.12,HU-635,ALTA,< 20 min (A pie / Mototaxi),S/. 5 - 10,0.0,☀️ Seco (<2mm): Evidencia intacta para muestreo,331.28,297.26,Mariano Damaso Beraun,nominal,2026-09-04,validado
-9.39378,-76.02813,,0.39,0.36,2026-08-29,1849,N,VIIRS,n,2.0NRT,,5.08,D,VIIRS_SNPP_NRT,"https://www.google.com/maps/dir/?api=1&destination=-9.39378,-76.02813",2.35,HU-651,MEDIA,30 - 60 min (Trocha / Caminata),S/. 15 - 30,0.0,☀️ Seco (<2mm): Evidencia intacta para muestreo,336.73,297.67,Mariano Damaso Beraun,nominal,2026-09-04,validado
-9.38901,-75.86517,,0.39,0.36,2026-08-29,1849,N,VIIRS,n,2.0NRT,,20.58,D,VIIRS_SNPP_NRT,"https://www.google.com/maps/dir/?api=1&destination=-9.38901,-75.86517",4.52,HU-621,BAJA / REMOTA,> 1.5 horas (Selva adentro / Bote),S/. 40 - 80+,1.1,☀️ Seco (<2mm): Evidencia intacta para muestreo,341.62,301.96,Mariano Damaso Beraun,nominal,2026-09-04,validado
-9.38597,-75.95592,,0.39,0.36,2026-08-29,1849,N,VIIRS,n,2.0NRT,,4.61,D,VIIRS_SNPP_NRT,"https://www.google.com/maps/dir/?api=1&destination=-9.38597,-75.95592",0.03,HU-632,ALTA,< 20 min (A pie / Mototaxi),S/. 5 - 10,0.0,☀️ Seco (<2mm): Evidencia intacta para muestreo,333.64,299.76,Mariano Damaso Beraun,nominal,2026-09-04,validado
-9.38566,-75.8657,,0.39,0.36,2026-08-29,1849,N,VIIRS,n,2.0NRT,,20.58,D,VIIRS_SNPP_NRT,"https://www.google.com/maps/dir/?api=1&destination=-9.38566,-75.86570",4.4,HU-621,BAJA / REMOTA,> 1.5 horas (Selva adentro / Bote),S/. 40 - 80+,0.0,Sin datos meteorológicos,351.73,303.22,Mariano Damaso Beraun,nominal,2026-09-04,validado
-9.38452,-75.74776,,0.39,0.37,2026-08-29,1849,N,VIIRS,n,2.0NRT,,4.16,D,VIIRS_SNPP_NRT,"https://www.google.com/maps/dir/?api=1&destination=-9.38452,-75.74776",7.7,HU-621,BAJA / REMOTA,> 1.5 horas (Selva adentro / Bote),S/. 40 - 80+,0.0,Sin datos meteorológicos,335.44,301.49,Daniel Alomia Robles,nominal,2026-09-04,validado
-9.38434,-75.94544,,0.39,0.36,2026-08-29,1849,N,VIIRS,n,2.0NRT,,2.52,D,VIIRS_SNPP_NRT,"https://www.google.com/maps/dir/?api=1&destination=-9.38434,-75.94544",0.04,HU-632,ALTA,< 20 min (A pie / Mototaxi),S/. 5 - 10,0.0,Sin datos meteorológicos,333.19,298.62,Mariano Damaso Beraun,nominal,2026-09-04,validado
-9.38116,-75.74831,,0.39,0.37,2026-08-29,1849,N,VIIRS,n,2.0NRT,,4.16,D,VIIRS_SNPP_NRT,"https://www.google.com/maps/dir/?api=1&destination=-9.38116,-75.74831",7.7,HU-621,BAJA / REMOTA,> 1.5 horas (Selva adentro / Bote),S/. 40 - 80+,0.0,Sin datos meteorológicos,335.34,294.81,Daniel Alomia Robles,nominal,2026-09-04,validado
-9.37701,-75.96456,,0.39,0.36,2026-08-29,1849,N,VIIRS,n,2.0NRT,,5.8,D,VIIRS_SNPP_NRT,"https://www.google.com/maps/dir/?api=1&destination=-9.37701,-75.96456",0.5,HU-634,ALTA,< 20 min (A pie / Mototaxi),S/. 5 - 10,0.0,Sin datos meteorológicos,334.94,298.8,Mariano Damaso Beraun,nominal,2026-09-04,validado
-9.37364,-76.05295,,0.39,0.36,2026-08-29,1849,N,VIIRS,n,2.0NRT,,9.78,D,VIIRS_SNPP_NRT,"https://www.google.com/maps/dir/?api=1&destination=-9.37364,-76.05295",0.62,HU-651,ALTA,< 20 min (A pie / Mototaxi),S/. 5 - 10,0.0,Sin datos meteorológicos,346.07,300.87,Mariano Damaso Beraun,nominal,2026-09-04,validado
-9.37028,-76.0534,,0.39,0.36,2026-08-29,1849,N,VIIRS,n,2.0NRT,,3.88,D,VIIRS_SNPP_NRT,"https://www.google.com/maps/dir/?api=1&destination=-9.37028,-76.05340",0.5,HU-651,ALTA,< 20 min (A pie / Mototaxi),S/. 5 - 10,0.0,Sin datos meteorológicos,331.19,296.22,Mariano Damaso Beraun,nominal,2026-09-04,validado
-9.36777,-75.72873,,0.39,0.37,2026-08-29,1849,N,VIIRS,n,2.0NRT,,3.71,D,VIIRS_SNPP_NRT,"https://www.google.com/maps/dir/?api=1&destination=-9.36777,-75.72873",10.14,HU-621,BAJA / REMOTA,> 1.5 horas (Selva adentro / Bote),S/. 40 - 80+,0.0,Sin datos meteorológicos,330.61,295.49,Daniel Alomia Robles,nominal,2026-09-04,validado
-9.36607,-75.85026,,0.39,0.36,2026-08-29,1849,N,VIIRS,n,2.0NRT,,6.31,D,VIIRS_SNPP_NRT,"https://www.google.com/maps/dir/?api=1&destination=-9.36607,-75.85026",1.86,HU-621,MEDIA,30 - 60 min (Trocha / Caminata),S/. 15 - 30,0.0,Sin datos meteorológicos,343.37,300.84,Mariano Damaso Beraun,nominal,2026-09-04,validado
-9.36094,-75.92753,,0.39,0.36,2026-08-29,1849,N,VIIRS,n,2.0NRT,,4.24,D,VIIRS_SNPP_NRT,"https://www.google.com/maps/dir/?api=1&destination=-9.36094,-75.92753",0.72,HU-632,ALTA,< 20 min (A pie / Mototaxi),S/. 5 - 10,0.0,Sin datos meteorológicos,337.55,298.94,Mariano Damaso Beraun,nominal,2026-09-04,validado
-9.35786,-76.12762,,0.39,0.36,2026-08-29,1849,N,VIIRS,n,2.0NRT,,6.77,D,VIIRS_SNPP_NRT,"https://www.google.com/maps/dir/?api=1&destination=-9.35786,-76.12762",1.08,Vía sin nombre,MEDIA,30 - 60 min (Trocha / Caminata),S/. 15 - 30,0.3,☀️ Seco (<2mm): Evidencia intacta para muestreo,330.85,296.63,Mariano Damaso Beraun,nominal,2026-09-04,validado
-9.35745,-75.97126,,0.39,0.36,2026-08-29,1849,N,VIIRS,n,2.0NRT,,4.25,D,VIIRS_SNPP_NRT,"https://www.google.com/maps/dir/?api=1&destination=-9.35745,-75.97126",0.28,HU-631,ALTA,< 20 min (A pie / Mototaxi),S/. 5 - 10,0.0,☀️ Seco (<2mm): Evidencia intacta para muestreo,337.12,299.04,Mariano Damaso Beraun,nominal,2026-09-04,validado
-9.35208,-75.73869,,0.39,0.37,2026-08-29,1849,N,VIIRS,n,2.0NRT,,81.17,D,VIIRS_SNPP_NRT,"https://www.google.com/maps/dir/?api=1&destination=-9.35208,-75.73869",9.66,HU-621,BAJA / REMOTA,> 1.5 horas (Selva adentro / Bote),S/. 40 - 80+,1.4,☀️ Seco (<2mm): Evidencia intacta para muestreo,345.21,312.23,Daniel Alomia Robles,nominal,2026-09-04,validado
-9.35194,-75.95788,,0.39,0.36,2026-08-29,1849,N,VIIRS,n,2.0NRT,,2.58,D,VIIRS_SNPP_NRT,"https://www.google.com/maps/dir/?api=1&destination=-9.35194,-75.95788",1.27,HU-631,MEDIA,30 - 60 min (Trocha / Caminata),S/. 15 - 30,0.0,☀️ Seco (<2mm): Evidencia intacta para muestreo,332.32,298.04,Mariano Damaso Beraun,nominal,2026-09-04,validado
-9.34871,-75.73916,,0.39,0.37,2026-08-29,1849,N,VIIRS,n,2.0NRT,,25.7,D,VIIRS_SNPP_NRT,"https://www.google.com/maps/dir/?api=1&destination=-9.34871,-75.73916",9.72,HU-621,BAJA / REMOTA,> 1.5 horas (Selva adentro / Bote),S/. 40 - 80+,1.4,☀️ Seco (<2mm): Evidencia intacta para muestreo,348.85,295.42,Daniel Alomia Robles,nominal,2026-09-04,validado
-9.34858,-75.95838,,0.39,0.36,2026-08-29,1849,N,VIIRS,n,2.0NRT,,3.01,D,VIIRS_SNPP_NRT,"https://www.google.com/maps/dir/?api=1&destination=-9.34858,-75.95838",1.31,HU-631,MEDIA,30 - 60 min (Trocha / Caminata),S/. 15 - 30,0.0,☀️ Seco (<2mm): Evidencia intacta para muestreo,330.59,298.19,Mariano Damaso Beraun,nominal,2026-09-04,validado
-9.34088,-75.73317,,0.39,0.37,2026-08-29,1849,N,VIIRS,n,2.0NRT,,47.17,D,VIIRS_SNPP_NRT,"https://www.google.com/maps/dir/?api=1&destination=-9.34088,-75.73317",10.64,HU-621,BAJA / REMOTA,> 1.5 horas (Selva adentro / Bote),S/. 40 - 80+,1.4,☀️ Seco (<2mm): Evidencia intacta para muestreo,343.54,299.69,Daniel Alomia Robles,nominal,2026-09-04,validado
-9.32449,-75.92621,,0.39,0.36,2026-08-29,1849,N,VIIRS,n,2.0NRT,,10.41,D,VIIRS_SNPP_NRT,"https://www.google.com/maps/dir/?api=1&destination=-9.32449,-75.92621",4.37,HU-633,BAJA / REMOTA,> 1.5 horas (Selva adentro / Bote),S/. 40 - 80+,0.0,☀️ Seco (<2mm): Evidencia intacta para muestreo,334.53,300.46,Mariano Damaso Beraun,nominal,2026-09-04,validado
-9.3188,-75.97813,,0.39,0.36,2026-08-29,1849,N,VIIRS,n,2.0NRT,,2.2,D,VIIRS_SNPP_NRT,"https://www.google.com/maps/dir/?api=1&destination=-9.31880,-75.97813",1.71,PE-18A (Carretera Central),MEDIA,30 - 60 min (Trocha / Caminata),S/. 15 - 30,0.1,☀️ Seco (<2mm): Evidencia intacta para muestreo,331.54,297.39,Rupa-Rupa,nominal,2026-09-04,validado
-9.31444,-75.92785,,0.39,0.36,2026-08-29,1849,N,VIIRS,n,2.0NRT,,2.67,D,VIIRS_SNPP_NRT,"https://www.google.com/maps/dir/?api=1&destination=-9.31444,-75.92785",4.7,HU-619,BAJA / REMOTA,> 1.5 horas (Selva adentro / Bote),S/. 40 - 80+,0.0,☀️ Seco (<2mm): Evidencia intacta para muestreo,334.34,299.25,Mariano Damaso Beraun,nominal,2026-09-04,validado
-9.31167,-75.8326,,0.39,0.36,2026-08-29,1849,N,VIIRS,n,2.0NRT,,5.9,D,VIIRS_SNPP_NRT,"https://www.google.com/maps/dir/?api=1&destination=-9.31167,-75.83260",3.03,HU-621,BAJA / REMOTA,> 1.5 horas (Selva adentro / Bote),S/. 40 - 80+,0.0,Sin datos meteorológicos,342.96,299.29,Daniel Alomia Robles,nominal,2026-09-04,validado
-9.30596,-75.96179,,0.39,0.36,2026-08-29,1849,N,VIIRS,n,2.0NRT,,21.95,D,VIIRS_SNPP_NRT,"https://www.google.com/maps/dir/?api=1&destination=-9.30596,-75.96179",1.87,Avenida Los Ángeles,MEDIA,30 - 60 min (Trocha / Caminata),S/. 15 - 30,0.0,Sin datos meteorológicos,344.08,304.51,Rupa-Rupa,nominal,2026-09-04,validado
-9.30155,-75.91116,,0.39,0.36,2026-08-29,1849,N,VIIRS,n,2.0NRT,,2.67,D,VIIRS_SNPP_NRT,"https://www.google.com/maps/dir/?api=1&destination=-9.30155,-75.91116",2.7,HU-619,MEDIA,30 - 60 min (Trocha / Caminata),S/. 15 - 30,0.0,Sin datos meteorológicos,331.67,299.92,Mariano Damaso Beraun,nominal,2026-09-04,validado
-9.2255,-75.8648,,0.39,0.36,2026-08-29,1849,N,VIIRS,n,2.0NRT,,8.04,D,VIIRS_SNPP_NRT,"https://www.google.com/maps/dir/?api=1&destination=-9.22550,-75.86480",2.34,PE-5N (Carretera Federico Basadre),MEDIA,30 - 60 min (Trocha / Caminata),S/. 15 - 30,0.0,Sin datos meteorológicos,332.48,298.28,Hermilio Valdizan,nominal,2026-09-04,validado
-9.21786,-76.06728,,0.39,0.36,2026-08-29,1849,N,VIIRS,n,2.0NRT,,3.77,D,VIIRS_SNPP_NRT,"https://www.google.com/maps/dir/?api=1&destination=-9.21786,-76.06728",1.67,HU-556,MEDIA,30 - 60 min (Trocha / Caminata),S/. 15 - 30,0.0,Sin datos meteorológicos,334.69,300.89,Rupa-Rupa,nominal,2026-09-04,validado
-9.19583,-76.19045,,0.39,0.36,2026-08-29,1849,N,VIIRS,n,2.0NRT,,2.46,D,VIIRS_SNPP_NRT,"https://www.google.com/maps/dir/?api=1&destination=-9.19583,-76.19045",9.54,HU-557,BAJA / REMOTA,> 1.5 horas (Selva adentro / Bote),S/. 40 - 80+,0.0,Sin datos meteorológicos,332.7,299.11,Rupa-Rupa,nominal,2026-09-04,validado
-9.17175,-76.42636,,0.39,0.36,2026-08-29,1849,N,VIIRS,n,2.0NRT,,2.69,D,VIIRS_SNPP_NRT,"https://www.google.com/maps/dir/?api=1&destination=-9.17175,-76.42636",27.02,HU-557,BAJA / REMOTA,> 1.5 horas (Selva adentro / Bote),S/. 40 - 80+,0.0,Sin datos meteorológicos,332.95,297.34,Jose Crespo Y Castillo,nominal,2026-09-04,validado
-9.16705,-76.07148,,0.39,0.36,2026-08-29,1849,N,VIIRS,n,2.0NRT,,2.06,D,VIIRS_SNPP_NRT,"https://www.google.com/maps/dir/?api=1&destination=-9.16705,-76.07148",0.05,HU-556,ALTA,< 20 min (A pie / Mototaxi),S/. 5 - 10,0.0,Sin datos meteorológicos,333.08,300.89,Castillo Grande,nominal,2026-09-04,validado
-9.16524,-76.19183,,0.39,0.36,2026-08-29,1849,N,VIIRS,n,2.0NRT,,1.49,D,VIIRS_SNPP_NRT,"https://www.google.com/maps/dir/?api=1&destination=-9.16524,-76.19183",6.16,HU-557,BAJA / REMOTA,> 1.5 horas (Selva adentro / Bote),S/. 40 - 80+,0.0,Sin datos meteorológicos,331.33,298.72,Rupa-Rupa,nominal,2026-09-04,validado
-9.14305,-76.11545,,0.39,0.36,2026-08-29,1849,N,VIIRS,n,2.0NRT,,14.3,D,VIIRS_SNPP_NRT,"https://www.google.com/maps/dir/?api=1&destination=-9.14305,-76.11545",1.54,HU-558,MEDIA,30 - 60 min (Trocha / Caminata),S/. 15 - 30,0.0,Sin datos meteorológicos,333.59,303.5,Rupa-Rupa,nominal,2026-09-04,validado
-9.14026,-76.11955,,0.39,0.36,2026-08-29,1849,N,VIIRS,n,2.0NRT,,14.3,D,VIIRS_SNPP_NRT,"https://www.google.com/maps/dir/?api=1&destination=-9.14026,-76.11955",1.84,HU-558,MEDIA,30 - 60 min (Trocha / Caminata),S/. 15 - 30,0.0,☀️ Seco (<2mm): Evidencia intacta para muestreo,330.96,298.07,Rupa-Rupa,nominal,2026-09-04,validado
-9.1397,-76.11596,,0.39,0.36,2026-08-29,1849,N,VIIRS,n,2.0NRT,,14.3,D,VIIRS_SNPP_NRT,"https://www.google.com/maps/dir/?api=1&destination=-9.13970,-76.11596",1.45,HU-558,MEDIA,30 - 60 min (Trocha / Caminata),S/. 15 - 30,0.0,☀️ Seco (<2mm): Evidencia intacta para muestreo,333.48,299.93,Rupa-Rupa,nominal,2026-09-04,validado
-9.13467,-76.06197,,0.39,0.36,2026-08-29,1849,N,VIIRS,n,2.0NRT,,11.75,D,VIIRS_SNPP_NRT,"https://www.google.com/maps/dir/?api=1&destination=-9.13467,-76.06197",1.38,HU-556,MEDIA,30 - 60 min (Trocha / Caminata),S/. 15 - 30,0.0,☀️ Seco (<2mm): Evidencia intacta para muestreo,337.29,304.19,Pueblo Nuevo,nominal,2026-09-04,validado
-9.11492,-76.08034,,0.39,0.36,2026-08-29,1849,N,VIIRS,n,2.0NRT,,3.17,D,VIIRS_SNPP_NRT,"https://www.google.com/maps/dir/?api=1&destination=-9.11492,-76.08034",0.62,HU-556,ALTA,< 20 min (A pie / Mototaxi),S/. 5 - 10,0.0,☀️ Seco (<2mm): Evidencia intacta para muestreo,331.15,298.77,Rupa-Rupa,nominal,2026-09-04,validado
-9.09171,-76.24008,,0.39,0.36,2026-08-29,1849,N,VIIRS,n,2.0NRT,,21.76,D,VIIRS_SNPP_NRT,"https://www.google.com/maps/dir/?api=1&destination=-9.09171,-76.24008",6.0,HU-557,BAJA / REMOTA,> 1.5 horas (Selva adentro / Bote),S/. 40 - 80+,0.2,☀️ Seco (<2mm): Evidencia intacta para muestreo,332.11,297.5,Jose Crespo Y Castillo,nominal,2026-09-04,validado
-9.09153,-76.04018,,0.39,0.36,2026-08-29,1849,N,VIIRS,n,2.0NRT,,2.57,D,VIIRS_SNPP_NRT,"https://www.google.com/maps/dir/?api=1&destination=-9.09153,-76.04018",1.91,PE-5N (Carretera Presidente Fernando Belaúnde Terry),MEDIA,30 - 60 min (Trocha / Caminata),S/. 15 - 30,0.0,☀️ Seco (<2mm): Evidencia intacta para muestreo,333.48,300.12,Pueblo Nuevo,nominal,2026-09-04,validado
-9.06445,-76.2627,,0.39,0.36,2026-08-29,1849,N,VIIRS,n,2.0NRT,,5.83,D,VIIRS_SNPP_NRT,"https://www.google.com/maps/dir/?api=1&destination=-9.06445,-76.26270",9.55,HU-557,BAJA / REMOTA,> 1.5 horas (Selva adentro / Bote),S/. 40 - 80+,0.0,☀️ Seco (<2mm): Evidencia intacta para muestreo,343.55,294.29,Jose Crespo Y Castillo,nominal,2026-09-04,validado
-9.05417,-76.27531,,0.39,0.36,2026-08-29,1849,N,VIIRS,n,2.0NRT,,18.42,D,VIIRS_SNPP_NRT,"https://www.google.com/maps/dir/?api=1&destination=-9.05417,-76.27531",11.33,HU-557,BAJA / REMOTA,> 1.5 horas (Selva adentro / Bote),S/. 40 - 80+,0.0,☀️ Seco (<2mm): Evidencia intacta para muestreo,335.76,294.71,Jose Crespo Y Castillo,nominal,2026-09-04,validado
-9.05083,-76.27581,,0.39,0.36,2026-08-29,1849,N,VIIRS,n,2.0NRT,,18.42,D,VIIRS_SNPP_NRT,"https://www.google.com/maps/dir/?api=1&destination=-9.05083,-76.27581",11.58,HU-557,BAJA / REMOTA,> 1.5 horas (Selva adentro / Bote),S/. 40 - 80+,0.0,☀️ Seco (<2mm): Evidencia intacta para muestreo,337.92,302.33,Jose Crespo Y Castillo,nominal,2026-09-04,validado
-9.03699,-75.97665,,0.39,0.36,2026-08-29,1849,N,VIIRS,n,2.0NRT,,15.51,D,VIIRS_SNPP_NRT,"https://www.google.com/maps/dir/?api=1&destination=-9.03699,-75.97665",9.72,PE-5N (Carretera Presidente Fernando Belaúnde Terry),BAJA / REMOTA,> 1.5 horas (Selva adentro / Bote),S/. 40 - 80+,3.1,"🌦️ Lluvia leve (2-8mm): Carbón visible, ceniza dispersa",341.23,301.64,Santo Domingo De Anda,nominal,2026-09-04,validado
-9.00886,-76.13704,,0.39,0.36,2026-08-29,1849,N,VIIRS,n,2.0NRT,,5.49,D,VIIRS_SNPP_NRT,"https://www.google.com/maps/dir/?api=1&destination=-9.00886,-76.13704",1.16,HU-551,MEDIA,30 - 60 min (Trocha / Caminata),S/. 15 - 30,0.0,Sin datos meteorológicos,338.9,303.46,Jose Crespo Y Castillo,nominal,2026-09-04,validado
-8.98086,-75.97873,,0.39,0.36,2026-08-29,1849,N,VIIRS,n,2.0NRT,,2.91,D,VIIRS_SNPP_NRT,"https://www.google.com/maps/dir/?api=1&destination=-8.98086,-75.97873",10.51,PE-5N (Carretera Presidente Fernando Belaúnde Terry),BAJA / REMOTA,> 1.5 horas (Selva adentro / Bote),S/. 40 - 80+,0.0,Sin datos meteorológicos,331.6,297.6,Santo Domingo De Anda,nominal,2026-09-04,validado
-8.97068,-76.02373,,0.39,0.36,2026-08-29,1849,N,VIIRS,n,2.0NRT,,3.25,D,VIIRS_SNPP_NRT,"https://www.google.com/maps/dir/?api=1&destination=-8.97068,-76.02373",6.4,PE-5N (Carretera Presidente Fernando Belaúnde Terry),BAJA / REMOTA,> 1.5 horas (Selva adentro / Bote),S/. 40 - 80+,0.0,Sin datos meteorológicos,334.14,297.2,Santo Domingo De Anda,nominal,2026-09-04,validado
-8.95896,-75.99259,,0.39,0.36,2026-08-29,1849,N,VIIRS,n,2.0NRT,,5.81,D,VIIRS_SNPP_NRT,"https://www.google.com/maps/dir/?api=1&destination=-8.95896,-75.99259",9.99,PE-5N (Carretera Presidente Fernando Belaúnde Terry),BAJA / REMOTA,> 1.5 horas (Selva adentro / Bote),S/. 40 - 80+,0.0,Sin datos meteorológicos,336.9,299.19,Santo Domingo De Anda,nominal,2026-09-04,validado
-8.95842,-75.98907,,0.39,0.36,2026-08-29,1849,N,VIIRS,h,2.0NRT,,175.37,D,VIIRS_SNPP_NRT,"https://www.google.com/maps/dir/?api=1&destination=-8.95842,-75.98907",10.36,PE-5N (Carretera Presidente Fernando Belaúnde Terry),BAJA / REMOTA,> 1.5 horas (Selva adentro / Bote),S/. 40 - 80+,0.0,Sin datos meteorológicos,367.0,330.76,Santo Domingo De Anda,alta,2026-09-04,validado
-8.95505,-75.98952,,0.39,0.36,2026-08-29,1849,N,VIIRS,n,2.0NRT,,8.88,D,VIIRS_SNPP_NRT,"https://www.google.com/maps/dir/?api=1&destination=-8.95505,-75.98952",10.5,PE-5N (Carretera Presidente Fernando Belaúnde Terry),BAJA / REMOTA,> 1.5 horas (Selva adentro / Bote),S/. 40 - 80+,0.0,Sin datos meteorológicos,345.1,298.08,Santo Domingo De Anda,nominal,2026-09-04,validado
-8.95404,-75.9389,,0.39,0.36,2026-08-29,1849,N,VIIRS,n,2.0NRT,,2.58,D,VIIRS_SNPP_NRT,"https://www.google.com/maps/dir/?api=1&destination=-8.95404,-75.93890",15.58,PE-5N (Carretera Presidente Fernando Belaúnde Terry),BAJA / REMOTA,> 1.5 horas (Selva adentro / Bote),S/. 40 - 80+,0.0,Sin datos meteorológicos,330.99,296.18,Santo Domingo De Anda,nominal,2026-09-04,validado
-8.94962,-76.21901,,0.39,0.36,2026-08-29,1849,N,VIIRS,n,2.0NRT,,3.78,D,VIIRS_SNPP_NRT,"https://www.google.com/maps/dir/?api=1&destination=-8.94962,-76.21901",4.17,HU-551,BAJA / REMOTA,> 1.5 horas (Selva adentro / Bote),S/. 40 - 80+,0.0,Sin datos meteorológicos,335.42,300.23,Jose Crespo Y Castillo,nominal,2026-09-04,validado
-8.8982,-76.10036,,0.39,0.36,2026-08-29,1849,N,VIIRS,n,2.0NRT,,2.99,D,VIIRS_SNPP_NRT,"https://www.google.com/maps/dir/?api=1&destination=-8.89820,-76.10036",0.52,PE-5N (Carretera Presidente Fernando Belaúnde Terry),ALTA,< 20 min (A pie / Mototaxi),S/. 5 - 10,0.0,Sin datos meteorológicos,335.73,299.91,Jose Crespo Y Castillo,nominal,2026-09-04,validado
-8.89234,-76.21748,,0.39,0.36,2026-08-29,1849,N,VIIRS,n,2.0NRT,,3.69,D,VIIRS_SNPP_NRT,"https://www.google.com/maps/dir/?api=1&destination=-8.89234,-76.21748",3.1,HU-550,BAJA / REMOTA,> 1.5 horas (Selva adentro / Bote),S/. 40 - 80+,0.0,Sin datos meteorológicos,337.06,301.76,Jose Crespo Y Castillo,nominal,2026-09-04,validado
-8.82119,-76.18946,,0.39,0.36,2026-08-29,1849,N,VIIRS,n,2.0NRT,,2.61,D,VIIRS_SNPP_NRT,"https://www.google.com/maps/dir/?api=1&destination=-8.82119,-76.18946",0.2,HU-545,ALTA,< 20 min (A pie / Mototaxi),S/. 5 - 10,0.0,☀️ Seco (<2mm): Evidencia intacta para muestreo,337.61,301.93,Jose Crespo Y Castillo,nominal,2026-09-04,validado
-8.81249,-76.11095,,0.39,0.36,2026-08-29,1849,N,VIIRS,n,2.0NRT,,7.28,D,VIIRS_SNPP_NRT,"https://www.google.com/maps/dir/?api=1&destination=-8.81249,-76.11095",0.95,PE-5N (Carretera Presidente Fernando Belaúnde Terry),ALTA,< 20 min (A pie / Mototaxi),S/. 5 - 10,0.5,☀️ Seco (<2mm): Evidencia intacta para muestreo,334.03,300.31,Pucayacu,nominal,2026-09-04,validado
-8.75542,-76.16344,,0.39,0.36,2026-08-29,1849,N,VIIRS,n,2.0NRT,,2.85,D,VIIRS_SNPP_NRT,"https://www.google.com/maps/dir/?api=1&destination=-8.75542,-76.16344",0.88,PE-5N (Carretera Presidente Fernando Belaúnde Terry),ALTA,< 20 min (A pie / Mototaxi),S/. 5 - 10,0.0,☀️ Seco (<2mm): Evidencia intacta para muestreo,331.35,298.69,Pucayacu,nominal,2026-09-04,validado
-8.73263,-76.1053,,0.39,0.36,2026-08-29,1849,N,VIIRS,n,2.0NRT,,1.6,D,VIIRS_SNPP_NRT,"https://www.google.com/maps/dir/?api=1&destination=-8.73263,-76.10530",1.87,PE-5N (Carretera Presidente Fernando Belaúnde Terry),MEDIA,30 - 60 min (Trocha / Caminata),S/. 15 - 30,0.0,☀️ Seco (<2mm): Evidencia intacta para muestreo,331.13,297.64,Pucayacu,nominal,2026-09-04,validado
-9.45021,-76.08392,,0.54,0.51,2026-08-29,1910,N20,VIIRS,n,2.0NRT,,8.1,D,VIIRS_NOAA20_NRT,"https://www.google.com/maps/dir/?api=1&destination=-9.45021,-76.08392",9.14,HU-650,BAJA / REMOTA,> 1.5 horas (Selva adentro / Bote),S/. 40 - 80+,0.1,☀️ Seco (<2mm): Evidencia intacta para muestreo,339.03,292.31,Mariano Damaso Beraun,nominal,2026-09-04,validado
-9.45001,-75.76892,,0.57,0.52,2026-08-29,1910,N20,VIIRS,n,2.0NRT,,5.28,D,VIIRS_NOAA20_NRT,"https://www.google.com/maps/dir/?api=1&destination=-9.45001,-75.76892",8.17,HU-621,BAJA / REMOTA,> 1.5 horas (Selva adentro / Bote),S/. 40 - 80+,0.2,☀️ Seco (<2mm): Evidencia intacta para muestreo,332.08,295.83,Daniel Alomia Robles,nominal,2026-09-04,validado
-9.422,-75.94918,,0.55,0.51,2026-08-29,1910,N20,VIIRS,n,2.0NRT,,35.25,D,VIIRS_NOAA20_NRT,"https://www.google.com/maps/dir/?api=1&destination=-9.42200,-75.94918",0.92,HU-638,ALTA,< 20 min (A pie / Mototaxi),S/. 5 - 10,0.0,☀️ Seco (<2mm): Evidencia intacta para muestreo,339.05,298.46,Mariano Damaso Beraun,nominal,2026-09-04,validado
-9.40802,-75.78062,,0.57,0.52,2026-08-29,1910,N20,VIIRS,n,2.0NRT,,18.05,D,VIIRS_NOAA20_NRT,"https://www.google.com/maps/dir/?api=1&destination=-9.40802,-75.78062",4.32,HU-621,BAJA / REMOTA,> 1.5 horas (Selva adentro / Bote),S/. 40 - 80+,1.7,☀️ Seco (<2mm): Evidencia intacta para muestreo,343.74,298.62,Daniel Alomia Robles,nominal,2026-09-04,validado
-9.40772,-75.78295,,0.57,0.52,2026-08-29,1910,N20,VIIRS,n,2.0NRT,,20.8,D,VIIRS_NOAA20_NRT,"https://www.google.com/maps/dir/?api=1&destination=-9.40772,-75.78295",4.07,HU-621,BAJA / REMOTA,> 1.5 horas (Selva adentro / Bote),S/. 40 - 80+,1.7,☀️ Seco (<2mm): Evidencia intacta para muestreo,340.45,299.4,Daniel Alomia Robles,nominal,2026-09-04,validado
-9.40695,-75.94611,,0.55,0.51,2026-08-29,1910,N20,VIIRS,n,2.0NRT,,5.29,D,VIIRS_NOAA20_NRT,"https://www.google.com/maps/dir/?api=1&destination=-9.40695,-75.94611",0.66,HU-638,ALTA,< 20 min (A pie / Mototaxi),S/. 5 - 10,0.0,☀️ Seco (<2mm): Evidencia intacta para muestreo,335.52,293.86,Mariano Damaso Beraun,nominal,2026-09-04,validado
-9.38823,-75.86701,,0.56,0.52,2026-08-29,1910,N20,VIIRS,n,2.0NRT,,7.78,D,VIIRS_NOAA20_NRT,"https://www.google.com/maps/dir/?api=1&destination=-9.38823,-75.86701",4.66,HU-621,BAJA / REMOTA,> 1.5 horas (Selva adentro / Bote),S/. 40 - 80+,0.0,Sin datos meteorológicos,330.16,292.13,Mariano Damaso Beraun,nominal,2026-09-04,validado
-9.38179,-75.74665,,0.57,0.52,2026-08-29,1910,N20,VIIRS,n,2.0NRT,,8.93,D,VIIRS_NOAA20_NRT,"https://www.google.com/maps/dir/?api=1&destination=-9.38179,-75.74665",7.87,HU-621,BAJA / REMOTA,> 1.5 horas (Selva adentro / Bote),S/. 40 - 80+,0.0,Sin datos meteorológicos,345.74,295.13,Daniel Alomia Robles,nominal,2026-09-04,validado
-9.37264,-76.05214,,0.55,0.51,2026-08-29,1910,N20,VIIRS,n,2.0NRT,,13.21,D,VIIRS_NOAA20_NRT,"https://www.google.com/maps/dir/?api=1&destination=-9.37264,-76.05214",0.48,HU-651,ALTA,< 20 min (A pie / Mototaxi),S/. 5 - 10,0.0,Sin datos meteorológicos,352.35,295.74,Mariano Damaso Beraun,nominal,2026-09-04,validado
-9.36397,-76.07201,,0.55,0.51,2026-08-29,1910,N20,VIIRS,n,2.0NRT,,3.85,D,VIIRS_NOAA20_NRT,"https://www.google.com/maps/dir/?api=1&destination=-9.36397,-76.07201",0.9,HU-650,ALTA,< 20 min (A pie / Mototaxi),S/. 5 - 10,0.0,Sin datos meteorológicos,332.68,293.42,Mariano Damaso Beraun,nominal,2026-09-04,validado
-9.36194,-76.07291,,0.54,0.51,2026-08-29,1910,N20,VIIRS,n,2.0NRT,,4.52,D,VIIRS_NOAA20_NRT,"https://www.google.com/maps/dir/?api=1&destination=-9.36194,-76.07291",1.06,HU-650,MEDIA,30 - 60 min (Trocha / Caminata),S/. 15 - 30,0.0,Sin datos meteorológicos,335.0,293.68,Mariano Damaso Beraun,nominal,2026-09-04,validado
-9.35983,-75.92619,,0.56,0.51,2026-08-29,1910,N20,VIIRS,n,2.0NRT,,12.96,D,VIIRS_NOAA20_NRT,"https://www.google.com/maps/dir/?api=1&destination=-9.35983,-75.92619",0.89,HU-632,ALTA,< 20 min (A pie / Mototaxi),S/. 5 - 10,0.0,Sin datos meteorológicos,345.92,296.38,Mariano Damaso Beraun,nominal,2026-09-04,validado
-9.35903,-76.12684,,0.54,0.51,2026-08-29,1910,N20,VIIRS,n,2.0NRT,,8.5,D,VIIRS_NOAA20_NRT,"https://www.google.com/maps/dir/?api=1&destination=-9.35903,-76.12684",1.16,Vía sin nombre,MEDIA,30 - 60 min (Trocha / Caminata),S/. 15 - 30,0.0,Sin datos meteorológicos,342.74,293.03,Mariano Damaso Beraun,nominal,2026-09-04,validado
-9.35733,-76.12736,,0.54,0.51,2026-08-29,1910,N20,VIIRS,n,2.0NRT,,7.35,D,VIIRS_NOAA20_NRT,"https://www.google.com/maps/dir/?api=1&destination=-9.35733,-76.12736",1.01,Vía sin nombre,MEDIA,30 - 60 min (Trocha / Caminata),S/. 15 - 30,0.0,Sin datos meteorológicos,341.11,292.92,Mariano Damaso Beraun,nominal,2026-09-04,validado
-9.35206,-76.14189,,0.54,0.51,2026-08-29,1910,N20,VIIRS,n,2.0NRT,,4.72,D,VIIRS_NOAA20_NRT,"https://www.google.com/maps/dir/?api=1&destination=-9.35206,-76.14189",2.08,Vía sin nombre,MEDIA,30 - 60 min (Trocha / Caminata),S/. 15 - 30,0.0,Sin datos meteorológicos,335.41,291.46,Mariano Damaso Beraun,nominal,2026-09-04,validado
-9.35099,-75.73902,,0.57,0.52,2026-08-29,1910,N20,VIIRS,n,2.0NRT,,47.31,D,VIIRS_NOAA20_NRT,"https://www.google.com/maps/dir/?api=1&destination=-9.35099,-75.73902",9.66,HU-621,BAJA / REMOTA,> 1.5 horas (Selva adentro / Bote),S/. 40 - 80+,0.0,Sin datos meteorológicos,351.51,299.05,Daniel Alomia Robles,nominal,2026-09-04,validado
-9.34055,-75.73557,,0.57,0.52,2026-08-29,1910,N20,VIIRS,n,2.0NRT,,39.29,D,VIIRS_NOAA20_NRT,"https://www.google.com/maps/dir/?api=1&destination=-9.34055,-75.73557",10.4,HU-621,BAJA / REMOTA,> 1.5 horas (Selva adentro / Bote),S/. 40 - 80+,1.4,☀️ Seco (<2mm): Evidencia intacta para muestreo,346.14,297.21,Daniel Alomia Robles,nominal,2026-09-04,validado
-9.31466,-75.92603,,0.56,0.51,2026-08-29,1910,N20,VIIRS,n,2.0NRT,,4.78,D,VIIRS_NOAA20_NRT,"https://www.google.com/maps/dir/?api=1&destination=-9.31466,-75.92603",4.64,HU-619,BAJA / REMOTA,> 1.5 horas (Selva adentro / Bote),S/. 40 - 80+,0.0,☀️ Seco (<2mm): Evidencia intacta para muestreo,330.58,295.57,Mariano Damaso Beraun,nominal,2026-09-04,validado
-9.31196,-75.9662,,0.55,0.51,2026-08-29,1910,N20,VIIRS,n,2.0NRT,,5.71,D,VIIRS_NOAA20_NRT,"https://www.google.com/maps/dir/?api=1&destination=-9.31196,-75.96620",2.19,Avenida Los Ángeles,MEDIA,30 - 60 min (Trocha / Caminata),S/. 15 - 30,0.0,☀️ Seco (<2mm): Evidencia intacta para muestreo,339.55,295.51,Rupa-Rupa,nominal,2026-09-04,validado
-9.2978,-75.85699,,0.56,0.52,2026-08-29,1910,N20,VIIRS,n,2.0NRT,,7.53,D,VIIRS_NOAA20_NRT,"https://www.google.com/maps/dir/?api=1&destination=-9.29780,-75.85699",1.06,HU-621,MEDIA,30 - 60 min (Trocha / Caminata),S/. 15 - 30,0.3,☀️ Seco (<2mm): Evidencia intacta para muestreo,333.44,295.83,Daniel Alomia Robles,nominal,2026-09-04,validado
-9.24058,-76.0683,,0.55,0.51,2026-08-29,1910,N20,VIIRS,n,2.0NRT,,7.64,D,VIIRS_NOAA20_NRT,"https://www.google.com/maps/dir/?api=1&destination=-9.24058,-76.06830",2.58,HU-562,MEDIA,30 - 60 min (Trocha / Caminata),S/. 15 - 30,0.0,☀️ Seco (<2mm): Evidencia intacta para muestreo,342.28,296.27,Rupa-Rupa,nominal,2026-09-04,validado
-9.2261,-75.86557,,0.57,0.52,2026-08-29,1910,N20,VIIRS,n,2.0NRT,,4.58,D,VIIRS_NOAA20_NRT,"https://www.google.com/maps/dir/?api=1&destination=-9.22610,-75.86557",2.44,PE-5N (Carretera Federico Basadre),MEDIA,30 - 60 min (Trocha / Caminata),S/. 15 - 30,0.3,☀️ Seco (<2mm): Evidencia intacta para muestreo,336.3,294.45,Hermilio Valdizan,nominal,2026-09-04,validado
-9.143,-76.11511,,0.55,0.51,2026-08-29,1910,N20,VIIRS,n,2.0NRT,,12.71,D,VIIRS_NOAA20_NRT,"https://www.google.com/maps/dir/?api=1&destination=-9.14300,-76.11511",1.5,HU-558,MEDIA,30 - 60 min (Trocha / Caminata),S/. 15 - 30,0.0,☀️ Seco (<2mm): Evidencia intacta para muestreo,341.84,297.78,Rupa-Rupa,nominal,2026-09-04,validado
-9.14116,-76.11903,,0.55,0.51,2026-08-29,1910,N20,VIIRS,n,2.0NRT,,12.62,D,VIIRS_NOAA20_NRT,"https://www.google.com/maps/dir/?api=1&destination=-9.14116,-76.11903",1.82,HU-558,MEDIA,30 - 60 min (Trocha / Caminata),S/. 15 - 30,0.0,☀️ Seco (<2mm): Evidencia intacta para muestreo,339.72,297.67,Rupa-Rupa,nominal,2026-09-04,validado
-9.11448,-76.07593,,0.55,0.51,2026-08-29,1910,N20,VIIRS,n,2.0NRT,,4.89,D,VIIRS_NOAA20_NRT,"https://www.google.com/maps/dir/?api=1&destination=-9.11448,-76.07593",0.13,HU-556,ALTA,< 20 min (A pie / Mototaxi),S/. 5 - 10,0.0,☀️ Seco (<2mm): Evidencia intacta para muestreo,336.88,297.18,Rupa-Rupa,nominal,2026-09-04,validado
-9.09116,-76.24392,,0.54,0.51,2026-08-29,1910,N20,VIIRS,n,2.0NRT,,18.23,D,VIIRS_NOAA20_NRT,"https://www.google.com/maps/dir/?api=1&destination=-9.09116,-76.24392",6.41,HU-557,BAJA / REMOTA,> 1.5 horas (Selva adentro / Bote),S/. 40 - 80+,0.2,☀️ Seco (<2mm): Evidencia intacta para muestreo,338.63,297.66,Jose Crespo Y Castillo,nominal,2026-09-04,validado
-9.08113,-76.13293,,0.55,0.51,2026-08-29,1910,N20,VIIRS,n,2.0NRT,,2.44,D,VIIRS_NOAA20_NRT,"https://www.google.com/maps/dir/?api=1&destination=-9.08113,-76.13293",2.02,HU-551,MEDIA,30 - 60 min (Trocha / Caminata),S/. 15 - 30,0.0,☀️ Seco (<2mm): Evidencia intacta para muestreo,330.59,296.77,Pueblo Nuevo,nominal,2026-09-04,validado
-9.05491,-76.27549,,0.53,0.5,2026-08-29,1910,N20,VIIRS,n,2.0NRT,,6.81,D,VIIRS_NOAA20_NRT,"https://www.google.com/maps/dir/?api=1&destination=-9.05491,-76.27549",11.31,HU-557,BAJA / REMOTA,> 1.5 horas (Selva adentro / Bote),S/. 40 - 80+,0.0,Sin datos meteorológicos,334.42,295.82,Jose Crespo Y Castillo,nominal,2026-09-04,validado
-9.05341,-76.27275,,0.53,0.5,2026-08-29,1910,N20,VIIRS,n,2.0NRT,,18.75,D,VIIRS_NOAA20_NRT,"https://www.google.com/maps/dir/?api=1&destination=-9.05341,-76.27275",11.14,HU-557,BAJA / REMOTA,> 1.5 horas (Selva adentro / Bote),S/. 40 - 80+,0.0,☀️ Seco (<2mm): Evidencia intacta para muestreo,356.02,296.71,Jose Crespo Y Castillo,nominal,2026-09-04,validado
-9.05021,-76.27579,,0.53,0.5,2026-08-29,1910,N20,VIIRS,n,2.0NRT,,6.81,D,VIIRS_NOAA20_NRT,"https://www.google.com/maps/dir/?api=1&destination=-9.05021,-76.27579",11.61,HU-557,BAJA / REMOTA,> 1.5 horas (Selva adentro / Bote),S/. 40 - 80+,0.0,Sin datos meteorológicos,340.01,295.49,Jose Crespo Y Castillo,nominal,2026-09-04,validado
-9.04935,-76.27081,,0.54,0.5,2026-08-29,1910,N20,VIIRS,n,2.0NRT,,10.11,D,VIIRS_NOAA20_NRT,"https://www.google.com/maps/dir/?api=1&destination=-9.04935,-76.27081",11.2,HU-557,BAJA / REMOTA,> 1.5 horas (Selva adentro / Bote),S/. 40 - 80+,0.0,Sin datos meteorológicos,339.02,294.4,Jose Crespo Y Castillo,nominal,2026-09-04,validado
-8.9614,-75.98634,,0.56,0.52,2026-08-29,1910,N20,VIIRS,n,2.0NRT,,8.08,D,VIIRS_NOAA20_NRT,"https://www.google.com/maps/dir/?api=1&destination=-8.96140,-75.98634",10.47,PE-5N (Carretera Presidente Fernando Belaúnde Terry),BAJA / REMOTA,> 1.5 horas (Selva adentro / Bote),S/. 40 - 80+,0.0,Sin datos meteorológicos,343.18,295.14,Santo Domingo De Anda,nominal,2026-09-04,validado
-8.95646,-75.98595,,0.56,0.52,2026-08-29,1910,N20,VIIRS,n,2.0NRT,,79.8,D,VIIRS_NOAA20_NRT,"https://www.google.com/maps/dir/?api=1&destination=-8.95646,-75.98595",10.77,PE-5N (Carretera Presidente Fernando Belaúnde Terry),BAJA / REMOTA,> 1.5 horas (Selva adentro / Bote),S/. 40 - 80+,0.0,Sin datos meteorológicos,346.95,303.19,Santo Domingo De Anda,nominal,2026-09-04,validado
-9.4397,-75.93691,,0.33,0.55,2026-08-31,1811,N,VIIRS,h,2.0NRT,,13.37,D,VIIRS_SNPP_NRT,"https://www.google.com/maps/dir/?api=1&destination=-9.43970,-75.93691",2.88,HU-638,MEDIA,30 - 60 min (Trocha / Caminata),S/. 15 - 30,1.7,☀️ Seco (<2mm): Evidencia intacta para muestreo,367.0,292.95,Mariano Damaso Beraun,alta,2026-09-04,validado
-9.43887,-75.93053,,0.33,0.55,2026-08-31,1811,N,VIIRS,n,2.0NRT,,8.06,D,VIIRS_SNPP_NRT,"https://www.google.com/maps/dir/?api=1&destination=-9.43887,-75.93053",2.6,HU-638,MEDIA,30 - 60 min (Trocha / Caminata),S/. 15 - 30,1.7,☀️ Seco (<2mm): Evidencia intacta para muestreo,338.7,287.56,Mariano Damaso Beraun,nominal,2026-09-04,validado
-9.35099,-75.79718,,0.32,0.55,2026-08-31,1811,N,VIIRS,h,2.0NRT,,6.0,D,VIIRS_SNPP_NRT,"https://www.google.com/maps/dir/?api=1&destination=-9.35099,-75.79718",3.92,HU-621,BAJA / REMOTA,> 1.5 horas (Selva adentro / Bote),S/. 40 - 80+,3.9,"🌦️ Lluvia leve (2-8mm): Carbón visible, ceniza dispersa",367.0,292.63,Daniel Alomia Robles,alta,2026-09-04,validado
-9.32056,-75.88251,,0.33,0.55,2026-08-31,1811,N,VIIRS,n,2.0NRT,,2.03,D,VIIRS_SNPP_NRT,"https://www.google.com/maps/dir/?api=1&destination=-9.32056,-75.88251",2.3,HU-621,MEDIA,30 - 60 min (Trocha / Caminata),S/. 15 - 30,2.4,"🌦️ Lluvia leve (2-8mm): Carbón visible, ceniza dispersa",328.13,293.06,Mariano Damaso Beraun,nominal,2026-09-04,validado
-9.31655,-76.10015,,0.34,0.56,2026-08-31,1811,N,VIIRS,n,2.0NRT,,3.46,D,VIIRS_SNPP_NRT,"https://www.google.com/maps/dir/?api=1&destination=-9.31655,-76.10015",0.19,Vía sin nombre,ALTA,< 20 min (A pie / Mototaxi),S/. 5 - 10,1.2,☀️ Seco (<2mm): Evidencia intacta para muestreo,333.18,293.46,Mariano Damaso Beraun,nominal,2026-09-04,validado
-9.30885,-75.9133,,0.33,0.55,2026-08-31,1811,N,VIIRS,n,2.0NRT,,3.5,D,VIIRS_SNPP_NRT,"https://www.google.com/maps/dir/?api=1&destination=-9.30885,-75.91330",3.54,HU-619,BAJA / REMOTA,> 1.5 horas (Selva adentro / Bote),S/. 40 - 80+,1.5,☀️ Seco (<2mm): Evidencia intacta para muestreo,338.71,292.37,Mariano Damaso Beraun,nominal,2026-09-04,validado
-9.30705,-75.91267,,0.33,0.55,2026-08-31,1811,N,VIIRS,n,2.0NRT,,5.16,D,VIIRS_SNPP_NRT,"https://www.google.com/maps/dir/?api=1&destination=-9.30705,-75.91267",3.33,HU-619,BAJA / REMOTA,> 1.5 horas (Selva adentro / Bote),S/. 40 - 80+,1.5,☀️ Seco (<2mm): Evidencia intacta para muestreo,348.62,292.54,Mariano Damaso Beraun,nominal,2026-09-04,validado
-9.27863,-75.93452,,0.33,0.55,2026-08-31,1811,N,VIIRS,n,2.0NRT,,4.29,D,VIIRS_SNPP_NRT,"https://www.google.com/maps/dir/?api=1&destination=-9.27863,-75.93452",2.87,HU-619,MEDIA,30 - 60 min (Trocha / Caminata),S/. 15 - 30,1.4,☀️ Seco (<2mm): Evidencia intacta para muestreo,331.76,291.72,Luyando,nominal,2026-09-04,validado
-9.23794,-76.02387,,0.33,0.56,2026-08-31,1811,N,VIIRS,n,2.0NRT,,2.46,D,VIIRS_SNPP_NRT,"https://www.google.com/maps/dir/?api=1&destination=-9.23794,-76.02387",0.58,HU-556,ALTA,< 20 min (A pie / Mototaxi),S/. 5 - 10,0.7,☀️ Seco (<2mm): Evidencia intacta para muestreo,337.87,292.68,Castillo Grande,nominal,2026-09-04,validado
-9.19795,-76.05245,,0.34,0.56,2026-08-31,1811,N,VIIRS,n,2.0NRT,,5.83,D,VIIRS_SNPP_NRT,"https://www.google.com/maps/dir/?api=1&destination=-9.19795,-76.05245",0.31,HU-560,ALTA,< 20 min (A pie / Mototaxi),S/. 5 - 10,0.4,☀️ Seco (<2mm): Evidencia intacta para muestreo,337.28,292.11,Castillo Grande,nominal,2026-09-04,validado
-9.19752,-76.04926,,0.34,0.56,2026-08-31,1811,N,VIIRS,n,2.0NRT,,8.38,D,VIIRS_SNPP_NRT,"https://www.google.com/maps/dir/?api=1&destination=-9.19752,-76.04926",0.07,HU-560,ALTA,< 20 min (A pie / Mototaxi),S/. 5 - 10,0.4,☀️ Seco (<2mm): Evidencia intacta para muestreo,349.24,292.49,Castillo Grande,nominal,2026-09-04,validado
-8.92471,-76.19695,,0.34,0.56,2026-08-31,1811,N,VIIRS,n,2.0NRT,,3.9,D,VIIRS_SNPP_NRT,"https://www.google.com/maps/dir/?api=1&destination=-8.92471,-76.19695",1.82,HU-550,MEDIA,30 - 60 min (Trocha / Caminata),S/. 15 - 30,2.0,"🌦️ Lluvia leve (2-8mm): Carbón visible, ceniza dispersa",347.83,292.54,Jose Crespo Y Castillo,nominal,2026-09-04,validado
-8.92435,-76.19591,,0.34,0.56,2026-08-31,1811,N,VIIRS,n,2.0NRT,,3.48,D,VIIRS_SNPP_NRT,"https://www.google.com/maps/dir/?api=1&destination=-8.92435,-76.19591",1.72,HU-550,MEDIA,30 - 60 min (Trocha / Caminata),S/. 15 - 30,2.0,"🌦️ Lluvia leve (2-8mm): Carbón visible, ceniza dispersa",328.14,291.73,Jose Crespo Y Castillo,nominal,2026-09-04,validado
-8.79636,-76.15792,,0.34,0.56,2026-08-31,1811,N,VIIRS,n,2.0NRT,,3.6,D,VIIRS_SNPP_NRT,"https://www.google.com/maps/dir/?api=1&destination=-8.79636,-76.15792",1.17,HU-545,MEDIA,30 - 60 min (Trocha / Caminata),S/. 15 - 30,0.8,☀️ Seco (<2mm): Evidencia intacta para muestreo,326.96,292.21,Pucayacu,nominal,2026-09-04,validado
-9.4608,-76.17504,,0.43,0.38,2026-08-31,1832,N20,VIIRS,n,2.0NRT,,10.56,D,VIIRS_NOAA20_NRT,"https://www.google.com/maps/dir/?api=1&destination=-9.46080,-76.17504",13.59,Vía sin nombre,BAJA / REMOTA,> 1.5 horas (Selva adentro / Bote),S/. 40 - 80+,1.4,☀️ Seco (<2mm): Evidencia intacta para muestreo,347.63,297.02,Mariano Damaso Beraun,nominal,2026-09-04,validado
-9.43976,-75.93669,,0.42,0.38,2026-08-31,1832,N20,VIIRS,n,2.0NRT,,3.39,D,VIIRS_NOAA20_NRT,"https://www.google.com/maps/dir/?api=1&destination=-9.43976,-75.93669",2.87,HU-638,MEDIA,30 - 60 min (Trocha / Caminata),S/. 15 - 30,1.7,☀️ Seco (<2mm): Evidencia intacta para muestreo,332.67,295.73,Mariano Damaso Beraun,nominal,2026-09-04,validado
-9.43919,-75.93286,,0.42,0.38,2026-08-31,1832,N20,VIIRS,n,2.0NRT,,11.93,D,VIIRS_NOAA20_NRT,"https://www.google.com/maps/dir/?api=1&destination=-9.43919,-75.93286",2.68,HU-638,MEDIA,30 - 60 min (Trocha / Caminata),S/. 15 - 30,1.7,☀️ Seco (<2mm): Evidencia intacta para muestreo,338.4,297.38,Mariano Damaso Beraun,nominal,2026-09-04,validado
-9.41921,-75.9643,,0.42,0.38,2026-08-31,1832,N20,VIIRS,n,2.0NRT,,9.2,D,VIIRS_NOAA20_NRT,"https://www.google.com/maps/dir/?api=1&destination=-9.41921,-75.96430",0.48,PE-18A (Carretera Central),ALTA,< 20 min (A pie / Mototaxi),S/. 5 - 10,2.8,"🌦️ Lluvia leve (2-8mm): Carbón visible, ceniza dispersa",331.46,295.03,Mariano Damaso Beraun,nominal,2026-09-04,validado
-9.40902,-75.75294,,0.41,0.37,2026-08-31,1832,N20,VIIRS,n,2.0NRT,,3.99,D,VIIRS_NOAA20_NRT,"https://www.google.com/maps/dir/?api=1&destination=-9.40902,-75.75294",7.26,HU-621,BAJA / REMOTA,> 1.5 horas (Selva adentro / Bote),S/. 40 - 80+,2.4,"🌦️ Lluvia leve (2-8mm): Carbón visible, ceniza dispersa",331.76,295.04,Daniel Alomia Robles,nominal,2026-09-04,validado
-9.40896,-75.94243,,0.42,0.38,2026-08-31,1832,N20,VIIRS,n,2.0NRT,,5.2,D,VIIRS_NOAA20_NRT,"https://www.google.com/maps/dir/?api=1&destination=-9.40896,-75.94243",0.44,HU-638,ALTA,< 20 min (A pie / Mototaxi),S/. 5 - 10,2.3,"🌦️ Lluvia leve (2-8mm): Carbón visible, ceniza dispersa",336.23,295.97,Mariano Damaso Beraun,nominal,2026-09-04,validado
-9.35243,-75.79583,,0.41,0.37,2026-08-31,1832,N20,VIIRS,n,2.0NRT,,21.34,D,VIIRS_NOAA20_NRT,"https://www.google.com/maps/dir/?api=1&destination=-9.35243,-75.79583",3.93,HU-621,BAJA / REMOTA,> 1.5 horas (Selva adentro / Bote),S/. 40 - 80+,3.9,"🌦️ Lluvia leve (2-8mm): Carbón visible, ceniza dispersa",338.88,301.2,Daniel Alomia Robles,nominal,2026-09-04,validado
-9.34835,-75.84008,,0.42,0.37,2026-08-31,1832,N20,VIIRS,n,2.0NRT,,3.39,D,VIIRS_NOAA20_NRT,"https://www.google.com/maps/dir/?api=1&destination=-9.34835,-75.84008",0.01,HU-621,ALTA,< 20 min (A pie / Mototaxi),S/. 5 - 10,1.5,☀️ Seco (<2mm): Evidencia intacta para muestreo,333.55,300.95,Mariano Damaso Beraun,nominal,2026-09-04,validado
-9.31688,-76.10101,,0.42,0.38,2026-08-31,1832,N20,VIIRS,n,2.0NRT,,6.35,D,VIIRS_NOAA20_NRT,"https://www.google.com/maps/dir/?api=1&destination=-9.31688,-76.10101",0.28,Vía sin nombre,ALTA,< 20 min (A pie / Mototaxi),S/. 5 - 10,1.2,☀️ Seco (<2mm): Evidencia intacta para muestreo,333.67,298.92,Mariano Damaso Beraun,nominal,2026-09-04,validado
-9.23913,-76.02215,,0.42,0.38,2026-08-31,1832,N20,VIIRS,n,2.0NRT,,5.44,D,VIIRS_NOAA20_NRT,"https://www.google.com/maps/dir/?api=1&destination=-9.23913,-76.02215",0.56,HU-556,ALTA,< 20 min (A pie / Mototaxi),S/. 5 - 10,0.7,☀️ Seco (<2mm): Evidencia intacta para muestreo,340.94,297.64,Castillo Grande,nominal,2026-09-04,validado
-9.19708,-76.19316,,0.43,0.38,2026-08-31,1832,N20,VIIRS,n,2.0NRT,,5.47,D,VIIRS_NOAA20_NRT,"https://www.google.com/maps/dir/?api=1&destination=-9.19708,-76.19316",9.69,HU-557,BAJA / REMOTA,> 1.5 horas (Selva adentro / Bote),S/. 40 - 80+,1.6,☀️ Seco (<2mm): Evidencia intacta para muestreo,342.14,298.12,Rupa-Rupa,nominal,2026-09-04,validado
-9.19044,-76.12311,,0.42,0.38,2026-08-31,1832,N20,VIIRS,n,2.0NRT,,2.85,D,VIIRS_NOAA20_NRT,"https://www.google.com/maps/dir/?api=1&destination=-9.19044,-76.12311",4.94,HU-558,BAJA / REMOTA,> 1.5 horas (Selva adentro / Bote),S/. 40 - 80+,0.1,☀️ Seco (<2mm): Evidencia intacta para muestreo,331.17,296.97,Rupa-Rupa,nominal,2026-09-04,validado
-9.18407,-75.88738,,0.42,0.37,2026-08-31,1832,N20,VIIRS,n,2.0NRT,,5.11,D,VIIRS_NOAA20_NRT,"https://www.google.com/maps/dir/?api=1&destination=-9.18407,-75.88738",1.2,PE-5N (Carretera Federico Basadre),MEDIA,30 - 60 min (Trocha / Caminata),S/. 15 - 30,5.0,"🌦️ Lluvia leve (2-8mm): Carbón visible, ceniza dispersa",331.55,296.62,Hermilio Valdizan,nominal,2026-09-04,validado
-9.18322,-76.37617,,0.43,0.38,2026-08-31,1832,N20,VIIRS,n,2.0NRT,,2.53,D,VIIRS_NOAA20_NRT,"https://www.google.com/maps/dir/?api=1&destination=-9.18322,-76.37617",22.16,HU-557,BAJA / REMOTA,> 1.5 horas (Selva adentro / Bote),S/. 40 - 80+,5.5,"🌦️ Lluvia leve (2-8mm): Carbón visible, ceniza dispersa",331.16,295.41,Jose Crespo Y Castillo,nominal,2026-09-04,validado
-9.15523,-76.05095,,0.42,0.38,2026-08-31,1832,N20,VIIRS,n,2.0NRT,,6.21,D,VIIRS_NOAA20_NRT,"https://www.google.com/maps/dir/?api=1&destination=-9.15523,-76.05095",0.48,HU-559,ALTA,< 20 min (A pie / Mototaxi),S/. 5 - 10,0.4,☀️ Seco (<2mm): Evidencia intacta para muestreo,344.1,298.0,Castillo Grande,nominal,2026-09-04,validado
-9.13235,-75.93786,,0.42,0.37,2026-08-31,1832,N20,VIIRS,n,2.0NRT,,6.37,D,VIIRS_NOAA20_NRT,"https://www.google.com/maps/dir/?api=1&destination=-9.13235,-75.93786",4.19,PE-5N (Carretera Presidente Fernando Belaúnde Terry),BAJA / REMOTA,> 1.5 horas (Selva adentro / Bote),S/. 40 - 80+,2.2,"🌦️ Lluvia leve (2-8mm): Carbón visible, ceniza dispersa",336.39,296.19,Hermilio Valdizan,nominal,2026-09-04,validado
-9.13183,-75.93793,,0.42,0.37,2026-08-31,1832,N20,VIIRS,n,2.0NRT,,5.5,D,VIIRS_NOAA20_NRT,"https://www.google.com/maps/dir/?api=1&destination=-9.13183,-75.93793",4.23,PE-5N (Carretera Presidente Fernando Belaúnde Terry),BAJA / REMOTA,> 1.5 horas (Selva adentro / Bote),S/. 40 - 80+,2.2,"🌦️ Lluvia leve (2-8mm): Carbón visible, ceniza dispersa",334.05,296.05,Hermilio Valdizan,nominal,2026-09-04,validado
-9.10392,-76.05466,,0.42,0.38,2026-08-31,1832,N20,VIIRS,n,2.0NRT,,2.04,D,VIIRS_NOAA20_NRT,"https://www.google.com/maps/dir/?api=1&destination=-9.10392,-76.05466",0.14,PE-5N (Carretera Presidente Fernando Belaúnde Terry),ALTA,< 20 min (A pie / Mototaxi),S/. 5 - 10,1.3,☀️ Seco (<2mm): Evidencia intacta para muestreo,329.59,298.49,Pueblo Nuevo,nominal,2026-09-04,validado
-9.10371,-76.22221,,0.43,0.38,2026-08-31,1832,N20,VIIRS,n,2.0NRT,,3.28,D,VIIRS_NOAA20_NRT,"https://www.google.com/maps/dir/?api=1&destination=-9.10371,-76.22221",3.75,HU-557,BAJA / REMOTA,> 1.5 horas (Selva adentro / Bote),S/. 40 - 80+,1.1,☀️ Seco (<2mm): Evidencia intacta para muestreo,331.04,296.39,Jose Crespo Y Castillo,nominal,2026-09-04,validado
-9.08133,-76.19016,,0.42,0.38,2026-08-31,1832,N20,VIIRS,n,2.0NRT,,3.07,D,VIIRS_NOAA20_NRT,"https://www.google.com/maps/dir/?api=1&destination=-9.08133,-76.19016",2.14,HU-557,MEDIA,30 - 60 min (Trocha / Caminata),S/. 15 - 30,1.1,☀️ Seco (<2mm): Evidencia intacta para muestreo,333.6,296.23,Jose Crespo Y Castillo,nominal,2026-09-04,validado
-8.92941,-76.19749,,0.42,0.38,2026-08-31,1832,N20,VIIRS,n,2.0NRT,,2.28,D,VIIRS_NOAA20_NRT,"https://www.google.com/maps/dir/?api=1&destination=-8.92941,-76.19749",2.29,HU-550,MEDIA,30 - 60 min (Trocha / Caminata),S/. 15 - 30,0.7,☀️ Seco (<2mm): Evidencia intacta para muestreo,329.25,296.83,Jose Crespo Y Castillo,nominal,2026-09-04,validado
-8.86477,-76.09403,,0.42,0.38,2026-08-31,1832,N20,VIIRS,n,2.0NRT,,2.02,D,VIIRS_NOAA20_NRT,"https://www.google.com/maps/dir/?api=1&destination=-8.86477,-76.09403",0.95,PE-5N (Carretera Presidente Fernando Belaúnde Terry),ALTA,< 20 min (A pie / Mototaxi),S/. 5 - 10,0.8,☀️ Seco (<2mm): Evidencia intacta para muestreo,331.97,296.21,Jose Crespo Y Castillo,nominal,2026-09-04,validado
-8.79816,-76.09136,,0.42,0.38,2026-08-31,1832,N20,VIIRS,n,2.0NRT,,8.28,D,VIIRS_NOAA20_NRT,"https://www.google.com/maps/dir/?api=1&destination=-8.79816,-76.09136",3.49,PE-5N (Carretera Presidente Fernando Belaúnde Terry),BAJA / REMOTA,> 1.5 horas (Selva adentro / Bote),S/. 40 - 80+,2.3,"🌦️ Lluvia leve (2-8mm): Carbón visible, ceniza dispersa",331.89,297.67,Pucayacu,nominal,2026-09-04,validado
-9.33681,-75.94883,,0.69,0.75,2026-09-01,1754,N,VIIRS,n,2.0NRT,,6.8,D,VIIRS_SNPP_NRT,"https://www.google.com/maps/dir/?api=1&destination=-9.33681,-75.94883",2.89,HU-631,MEDIA,30 - 60 min (Trocha / Caminata),S/. 15 - 30,1.7,☀️ Seco (<2mm): Evidencia intacta para muestreo,338.66,288.91,Mariano Damaso Beraun,nominal,2026-09-04,validado
-9.32683,-75.8661,,0.68,0.74,2026-09-01,1754,N,VIIRS,n,2.0NRT,,11.68,D,VIIRS_SNPP_NRT,"https://www.google.com/maps/dir/?api=1&destination=-9.32683,-75.86610",0.75,HU-621,ALTA,< 20 min (A pie / Mototaxi),S/. 5 - 10,1.7,☀️ Seco (<2mm): Evidencia intacta para muestreo,354.26,289.42,Mariano Damaso Beraun,nominal,2026-09-04,validado
-9.32633,-75.86196,,0.68,0.74,2026-09-01,1754,N,VIIRS,n,2.0NRT,,11.68,D,VIIRS_SNPP_NRT,"https://www.google.com/maps/dir/?api=1&destination=-9.32633,-75.86196",0.36,HU-621,ALTA,< 20 min (A pie / Mototaxi),S/. 5 - 10,1.7,☀️ Seco (<2mm): Evidencia intacta para muestreo,332.45,288.32,Luyando,nominal,2026-09-04,validado
-9.32537,-76.06895,,0.7,0.75,2026-09-01,1754,N,VIIRS,n,2.0NRT,,2.49,D,VIIRS_SNPP_NRT,"https://www.google.com/maps/dir/?api=1&destination=-9.32537,-76.06895",2.42,PE-14A,MEDIA,30 - 60 min (Trocha / Caminata),S/. 15 - 30,0.9,☀️ Seco (<2mm): Evidencia intacta para muestreo,326.39,289.24,Mariano Damaso Beraun,nominal,2026-09-04,validado
-9.32269,-76.06812,,0.71,0.75,2026-09-01,1754,N,VIIRS,n,2.0NRT,,5.44,D,VIIRS_SNPP_NRT,"https://www.google.com/maps/dir/?api=1&destination=-9.32269,-76.06812",2.13,PE-14A,MEDIA,30 - 60 min (Trocha / Caminata),S/. 15 - 30,0.9,☀️ Seco (<2mm): Evidencia intacta para muestreo,329.44,289.54,Mariano Damaso Beraun,nominal,2026-09-04,validado
-8.91492,-76.04077,,0.69,0.75,2026-09-01,1754,N,VIIRS,n,2.0NRT,,10.74,D,VIIRS_SNPP_NRT,"https://www.google.com/maps/dir/?api=1&destination=-8.91492,-76.04077",5.78,PE-5N (Carretera Presidente Fernando Belaúnde Terry),BAJA / REMOTA,> 1.5 horas (Selva adentro / Bote),S/. 40 - 80+,2.1,"🌦️ Lluvia leve (2-8mm): Carbón visible, ceniza dispersa",337.34,288.37,Jose Crespo Y Castillo,nominal,2026-09-04,validado
-9.44646,-76.09572,,0.53,0.5,2026-09-01,1811,N20,VIIRS,n,2.0NRT,,4.94,D,VIIRS_NOAA20_NRT,"https://www.google.com/maps/dir/?api=1&destination=-9.44646,-76.09572",9.18,HU-650,BAJA / REMOTA,> 1.5 horas (Selva adentro / Bote),S/. 40 - 80+,0.0,Sin datos meteorológicos,332.74,293.02,Mariano Damaso Beraun,nominal,2026-09-04,validado
-9.37826,-75.8283,,0.51,0.49,2026-09-01,1811,N20,VIIRS,h,2.0NRT,,11.1,D,VIIRS_NOAA20_NRT,"https://www.google.com/maps/dir/?api=1&destination=-9.37826,-75.82830",0.47,HU-621,ALTA,< 20 min (A pie / Mototaxi),S/. 5 - 10,0.0,Sin datos meteorológicos,367.0,297.16,Mariano Damaso Beraun,alta,2026-09-04,validado
-9.37378,-75.82918,,0.51,0.49,2026-09-01,1811,N20,VIIRS,n,2.0NRT,,9.28,D,VIIRS_NOAA20_NRT,"https://www.google.com/maps/dir/?api=1&destination=-9.37378,-75.82918",0.36,HU-621,ALTA,< 20 min (A pie / Mototaxi),S/. 5 - 10,0.0,Sin datos meteorológicos,342.97,297.1,Mariano Damaso Beraun,nominal,2026-09-04,validado
-9.18227,-76.14763,,0.53,0.5,2026-09-01,1811,N20,VIIRS,n,2.0NRT,,1.61,D,VIIRS_NOAA20_NRT,"https://www.google.com/maps/dir/?api=1&destination=-9.18227,-76.14763",6.07,HU-558,BAJA / REMOTA,> 1.5 horas (Selva adentro / Bote),S/. 40 - 80+,0.0,Sin datos meteorológicos,328.22,294.52,Rupa-Rupa,nominal,2026-09-04,validado
-9.13215,-76.18892,,0.53,0.5,2026-09-01,1811,N20,VIIRS,n,2.0NRT,,3.95,D,VIIRS_NOAA20_NRT,"https://www.google.com/maps/dir/?api=1&destination=-9.13215,-76.18892",2.5,HU-557,MEDIA,30 - 60 min (Trocha / Caminata),S/. 15 - 30,0.0,Sin datos meteorológicos,331.96,293.78,Rupa-Rupa,nominal,2026-09-04,validado
-8.96448,-76.08878,,0.52,0.5,2026-09-01,1813,N20,VIIRS,n,2.0NRT,,10.43,D,VIIRS_NOAA20_NRT,"https://www.google.com/maps/dir/?api=1&destination=-8.96448,-76.08878",0.6,PE-5N (Carretera Presidente Fernando Belaúnde Terry),ALTA,< 20 min (A pie / Mototaxi),S/. 5 - 10,1.5,☀️ Seco (<2mm): Evidencia intacta para muestreo,337.61,296.15,Jose Crespo Y Castillo,nominal,2026-09-04,validado
-8.96399,-76.08685,,0.52,0.5,2026-09-01,1813,N20,VIIRS,n,2.0NRT,,18.39,D,VIIRS_NOAA20_NRT,"https://www.google.com/maps/dir/?api=1&destination=-8.96399,-76.08685",0.81,PE-5N (Carretera Presidente Fernando Belaúnde Terry),ALTA,< 20 min (A pie / Mototaxi),S/. 5 - 10,1.5,☀️ Seco (<2mm): Evidencia intacta para muestreo,352.65,296.78,Jose Crespo Y Castillo,nominal,2026-09-04,validado
-8.96385,-76.08396,,0.52,0.5,2026-09-01,1813,N20,VIIRS,n,2.0NRT,,10.43,D,VIIRS_NOAA20_NRT,"https://www.google.com/maps/dir/?api=1&destination=-8.96385,-76.08396",1.09,PE-5N (Carretera Presidente Fernando Belaúnde Terry),MEDIA,30 - 60 min (Trocha / Caminata),S/. 15 - 30,1.5,☀️ Seco (<2mm): Evidencia intacta para muestreo,339.89,295.83,Jose Crespo Y Castillo,nominal,2026-09-04,validado
-8.93629,-76.02128,,0.51,0.5,2026-09-01,1813,N20,VIIRS,n,2.0NRT,,21.08,D,VIIRS_NOAA20_NRT,"https://www.google.com/maps/dir/?api=1&destination=-8.93629,-76.02128",8.11,PE-5N (Carretera Presidente Fernando Belaúnde Terry),BAJA / REMOTA,> 1.5 horas (Selva adentro / Bote),S/. 40 - 80+,1.5,☀️ Seco (<2mm): Evidencia intacta para muestreo,341.3,292.99,Jose Crespo Y Castillo,nominal,2026-09-04,validado
-8.90324,-76.11961,,0.52,0.5,2026-09-01,1813,N20,VIIRS,n,2.0NRT,,4.34,D,VIIRS_NOAA20_NRT,"https://www.google.com/maps/dir/?api=1&destination=-8.90324,-76.11961",0.56,HU-540,ALTA,< 20 min (A pie / Mototaxi),S/. 5 - 10,0.1,☀️ Seco (<2mm): Evidencia intacta para muestreo,332.2,295.74,Jose Crespo Y Castillo,nominal,2026-09-04,validado
-9.47115,-75.77483,,0.57,0.69,2026-09-01,1934,N,VIIRS,n,2.0NRT,,11.04,D,VIIRS_SNPP_NRT,"https://www.google.com/maps/dir/?api=1&destination=-9.47115,-75.77483",9.73,HU-621,BAJA / REMOTA,> 1.5 horas (Selva adentro / Bote),S/. 40 - 80+,4.4,"🌦️ Lluvia leve (2-8mm): Carbón visible, ceniza dispersa",347.79,291.55,Daniel Alomia Robles,nominal,2026-09-04,validado
-9.47054,-75.77165,,0.57,0.69,2026-09-01,1934,N,VIIRS,n,2.0NRT,,11.04,D,VIIRS_SNPP_NRT,"https://www.google.com/maps/dir/?api=1&destination=-9.47054,-75.77165",9.85,HU-621,BAJA / REMOTA,> 1.5 horas (Selva adentro / Bote),S/. 40 - 80+,11.3,🌧️ Lluvia fuerte (>8mm): Ceniza probablemente lavada,345.17,290.9,Daniel Alomia Robles,nominal,2026-09-04,validado
-9.45721,-75.77161,,0.57,0.69,2026-09-01,1934,N,VIIRS,n,2.0NRT,,14.71,D,VIIRS_SNPP_NRT,"https://www.google.com/maps/dir/?api=1&destination=-9.45721,-75.77161",8.61,HU-621,BAJA / REMOTA,> 1.5 horas (Selva adentro / Bote),S/. 40 - 80+,11.3,🌧️ Lluvia fuerte (>8mm): Ceniza probablemente lavada,335.45,289.07,Daniel Alomia Robles,nominal,2026-09-04,validado
-9.4564,-75.76743,,0.57,0.69,2026-09-01,1934,N,VIIRS,h,2.0NRT,,27.24,D,VIIRS_SNPP_NRT,"https://www.google.com/maps/dir/?api=1&destination=-9.45640,-75.76743",8.82,HU-621,BAJA / REMOTA,> 1.5 horas (Selva adentro / Bote),S/. 40 - 80+,4.4,"🌦️ Lluvia leve (2-8mm): Carbón visible, ceniza dispersa",367.0,293.95,Daniel Alomia Robles,alta,2026-09-04,validado
-9.40346,-75.73738,,0.58,0.7,2026-09-01,1934,N,VIIRS,n,2.0NRT,,3.6,D,VIIRS_SNPP_NRT,"https://www.google.com/maps/dir/?api=1&destination=-9.40346,-75.73738",8.84,HU-621,BAJA / REMOTA,> 1.5 horas (Selva adentro / Bote),S/. 40 - 80+,3.0,"🌦️ Lluvia leve (2-8mm): Carbón visible, ceniza dispersa",329.33,288.82,Daniel Alomia Robles,nominal,2026-09-04,validado
-9.35296,-75.92319,,0.56,0.69,2026-09-01,1934,N,VIIRS,n,2.0NRT,,10.48,D,VIIRS_SNPP_NRT,"https://www.google.com/maps/dir/?api=1&destination=-9.35296,-75.92319",1.72,HU-632,MEDIA,30 - 60 min (Trocha / Caminata),S/. 15 - 30,1.7,☀️ Seco (<2mm): Evidencia intacta para muestreo,353.97,292.21,Mariano Damaso Beraun,nominal,2026-09-04,validado
-9.35226,-75.92466,,0.56,0.69,2026-09-01,1934,N,VIIRS,n,2.0NRT,,8.52,D,VIIRS_SNPP_NRT,"https://www.google.com/maps/dir/?api=1&destination=-9.35226,-75.92466",1.72,HU-632,MEDIA,30 - 60 min (Trocha / Caminata),S/. 15 - 30,1.7,☀️ Seco (<2mm): Evidencia intacta para muestreo,352.24,291.86,Mariano Damaso Beraun,nominal,2026-09-04,validado
-9.16422,-76.18784,,0.54,0.68,2026-09-01,1934,N,VIIRS,n,2.0NRT,,10.57,D,VIIRS_SNPP_NRT,"https://www.google.com/maps/dir/?api=1&destination=-9.16422,-76.18784",6.04,HU-557,BAJA / REMOTA,> 1.5 horas (Selva adentro / Bote),S/. 40 - 80+,0.0,Sin datos meteorológicos,343.54,292.7,Rupa-Rupa,nominal,2026-09-04,validado
-9.16191,-76.18832,,0.55,0.68,2026-09-01,1934,N,VIIRS,n,2.0NRT,,9.97,D,VIIRS_SNPP_NRT,"https://www.google.com/maps/dir/?api=1&destination=-9.16191,-76.18832",5.79,HU-557,BAJA / REMOTA,> 1.5 horas (Selva adentro / Bote),S/. 40 - 80+,0.0,Sin datos meteorológicos,342.68,292.29,Rupa-Rupa,nominal,2026-09-04,validado
-9.4204,-75.92717,,0.54,0.51,2026-09-02,1915,N,VIIRS,n,2.0NRT,,5.8,D,VIIRS_SNPP_NRT,"https://www.google.com/maps/dir/?api=1&destination=-9.42040,-75.92717",0.53,HU-638,ALTA,< 20 min (A pie / Mototaxi),S/. 5 - 10,0.5,☀️ Seco (<2mm): Evidencia intacta para muestreo,339.96,293.02,Mariano Damaso Beraun,nominal,2026-09-04,validado
-9.37723,-76.0363,,0.53,0.5,2026-09-02,1915,N,VIIRS,n,2.0NRT,,5.58,D,VIIRS_SNPP_NRT,"https://www.google.com/maps/dir/?api=1&destination=-9.37723,-76.03630",0.38,HU-651,ALTA,< 20 min (A pie / Mototaxi),S/. 5 - 10,0.3,☀️ Seco (<2mm): Evidencia intacta para muestreo,335.41,292.96,Mariano Damaso Beraun,nominal,2026-09-04,validado
-9.37496,-76.0355,,0.53,0.5,2026-09-02,1915,N,VIIRS,n,2.0NRT,,6.25,D,VIIRS_SNPP_NRT,"https://www.google.com/maps/dir/?api=1&destination=-9.37496,-76.03550",0.44,HU-651,ALTA,< 20 min (A pie / Mototaxi),S/. 5 - 10,0.3,☀️ Seco (<2mm): Evidencia intacta para muestreo,333.77,294.28,Mariano Damaso Beraun,nominal,2026-09-04,validado
-9.35126,-75.8111,,0.55,0.51,2026-09-02,1915,N,VIIRS,n,2.0NRT,,2.86,D,VIIRS_SNPP_NRT,"https://www.google.com/maps/dir/?api=1&destination=-9.35126,-75.81110",2.59,HU-621,MEDIA,30 - 60 min (Trocha / Caminata),S/. 15 - 30,5.7,"🌦️ Lluvia leve (2-8mm): Carbón visible, ceniza dispersa",329.6,291.37,Daniel Alomia Robles,nominal,2026-09-04,validado
-9.35005,-75.86292,,0.55,0.51,2026-09-02,1915,N,VIIRS,n,2.0NRT,,3.91,D,VIIRS_SNPP_NRT,"https://www.google.com/maps/dir/?api=1&destination=-9.35005,-75.86292",1.89,HU-621,MEDIA,30 - 60 min (Trocha / Caminata),S/. 15 - 30,2.6,"🌦️ Lluvia leve (2-8mm): Carbón visible, ceniza dispersa",332.37,290.19,Mariano Damaso Beraun,nominal,2026-09-04,validado
-9.18134,-76.04121,,0.54,0.51,2026-09-02,1915,N,VIIRS,n,2.0NRT,,8.36,D,VIIRS_SNPP_NRT,"https://www.google.com/maps/dir/?api=1&destination=-9.18134,-76.04121",0.79,HU-560,ALTA,< 20 min (A pie / Mototaxi),S/. 5 - 10,3.5,"🌦️ Lluvia leve (2-8mm): Carbón visible, ceniza dispersa",342.41,295.38,Castillo Grande,nominal,2026-09-04,validado
-9.02063,-76.1369,,0.53,0.5,2026-09-02,1915,N,VIIRS,n,2.0NRT,,3.29,D,VIIRS_SNPP_NRT,"https://www.google.com/maps/dir/?api=1&destination=-9.02063,-76.13690",0.21,HU-551,ALTA,< 20 min (A pie / Mototaxi),S/. 5 - 10,0.9,☀️ Seco (<2mm): Evidencia intacta para muestreo,331.43,291.79,Jose Crespo Y Castillo,nominal,2026-09-04,validado
-8.86006,-76.08292,,0.54,0.51,2026-09-02,1915,N,VIIRS,n,2.0NRT,,4.11,D,VIIRS_SNPP_NRT,"https://www.google.com/maps/dir/?api=1&destination=-8.86006,-76.08292",2.25,PE-5N (Carretera Presidente Fernando Belaúnde Terry),MEDIA,30 - 60 min (Trocha / Caminata),S/. 15 - 30,7.1,"🌦️ Lluvia leve (2-8mm): Carbón visible, ceniza dispersa",340.38,292.06,Jose Crespo Y Castillo,nominal,2026-09-04,validado
-8.85646,-76.2175,,0.72,0.76,2026-09-02,1934,N20,VIIRS,n,2.0NRT,,5.93,D,VIIRS_NOAA20_NRT,"https://www.google.com/maps/dir/?api=1&destination=-8.85646,-76.21750",3.38,HU-505,BAJA / REMOTA,> 1.5 horas (Selva adentro / Bote),S/. 40 - 80+,0.2,☀️ Seco (<2mm): Evidencia intacta para muestreo,332.98,292.52,Jose Crespo Y Castillo,nominal,2026-09-04,validado
-8.85535,-76.21706,,0.72,0.76,2026-09-02,1934,N20,VIIRS,n,2.0NRT,,7.16,D,VIIRS_NOAA20_NRT,"https://www.google.com/maps/dir/?api=1&destination=-8.85535,-76.21706",3.28,HU-505,BAJA / REMOTA,> 1.5 horas (Selva adentro / Bote),S/. 40 - 80+,0.2,☀️ Seco (<2mm): Evidencia intacta para muestreo,333.15,292.12,Jose Crespo Y Castillo,nominal,2026-09-04,validado
-9.29367,-75.91909,,0.43,0.38,2026-09-03,1856,N,VIIRS,n,2.0NRT,,2.98,D,VIIRS_SNPP_NRT,"https://www.google.com/maps/dir/?api=1&destination=-9.29367,-75.91909",2.23,HU-619,MEDIA,30 - 60 min (Trocha / Caminata),S/. 15 - 30,0.2,☀️ Seco (<2mm): Evidencia intacta para muestreo,332.81,297.22,Mariano Damaso Beraun,nominal,2026-09-04,validado
-9.29041,-75.9185,,0.44,0.38,2026-09-03,1856,N,VIIRS,n,2.0NRT,,2.67,D,VIIRS_SNPP_NRT,"https://www.google.com/maps/dir/?api=1&destination=-9.29041,-75.91850",1.89,HU-619,MEDIA,30 - 60 min (Trocha / Caminata),S/. 15 - 30,0.8,☀️ Seco (<2mm): Evidencia intacta para muestreo,333.73,296.56,Mariano Damaso Beraun,nominal,2026-09-04,validado
-9.24449,-75.97012,,0.43,0.38,2026-09-03,1856,N,VIIRS,n,2.0NRT,,2.6,D,VIIRS_SNPP_NRT,"https://www.google.com/maps/dir/?api=1&destination=-9.24449,-75.97012",2.28,PE-18A (Carretera Interoceánica Centro),MEDIA,30 - 60 min (Trocha / Caminata),S/. 15 - 30,0.8,☀️ Seco (<2mm): Evidencia intacta para muestreo,331.62,298.4,Luyando,nominal,2026-09-04,validado
-9.09052,-75.99908,,0.43,0.38,2026-09-03,1856,N,VIIRS,n,2.0NRT,,13.13,D,VIIRS_SNPP_NRT,"https://www.google.com/maps/dir/?api=1&destination=-9.09052,-75.99908",5.83,PE-5N (Carretera Presidente Fernando Belaúnde Terry),BAJA / REMOTA,> 1.5 horas (Selva adentro / Bote),S/. 40 - 80+,6.4,"🌦️ Lluvia leve (2-8mm): Carbón visible, ceniza dispersa",341.22,296.99,Pueblo Nuevo,nominal,2026-09-04,validado
-9.09024,-75.99904,,0.43,0.38,2026-09-03,1856,N,VIIRS,n,2.0NRT,,12.88,D,VIIRS_SNPP_NRT,"https://www.google.com/maps/dir/?api=1&destination=-9.09024,-75.99904",5.86,PE-5N (Carretera Presidente Fernando Belaúnde Terry),BAJA / REMOTA,> 1.5 horas (Selva adentro / Bote),S/. 40 - 80+,6.4,"🌦️ Lluvia leve (2-8mm): Carbón visible, ceniza dispersa",341.58,297.26,Pueblo Nuevo,nominal,2026-09-04,validado
-8.84103,-76.10767,,0.43,0.38,2026-09-03,1856,N,VIIRS,n,2.0NRT,,11.28,D,VIIRS_SNPP_NRT,"https://www.google.com/maps/dir/?api=1&destination=-8.84103,-76.10767",0.51,PE-5N (Carretera Presidente Fernando Belaúnde Terry),ALTA,< 20 min (A pie / Mototaxi),S/. 5 - 10,4.2,"🌦️ Lluvia leve (2-8mm): Carbón visible, ceniza dispersa",333.99,297.96,Jose Crespo Y Castillo,nominal,2026-09-04,validado
-8.83339,-76.10498,,0.43,0.38,2026-09-03,1856,N,VIIRS,n,2.0NRT,,3.8,D,VIIRS_SNPP_NRT,"https://www.google.com/maps/dir/?api=1&destination=-8.83339,-76.10498",0.86,PE-5N (Carretera Presidente Fernando Belaúnde Terry),ALTA,< 20 min (A pie / Mototaxi),S/. 5 - 10,4.2,"🌦️ Lluvia leve (2-8mm): Carbón visible, ceniza dispersa",333.97,296.52,Jose Crespo Y Castillo,nominal,2026-09-04,validado
-9.26335,-75.94128,,0.36,0.57,2026-09-03,1917,N20,VIIRS,n,2.0NRT,,1.16,D,VIIRS_NOAA20_NRT,"https://www.google.com/maps/dir/?api=1&destination=-9.26335,-75.94128",3.89,HU-619,BAJA / REMOTA,> 1.5 horas (Selva adentro / Bote),S/. 40 - 80+,0.8,☀️ Seco (<2mm): Evidencia intacta para muestreo,328.48,292.73,Luyando,nominal,2026-09-04,validado
-8.91552,-76.1391,,0.35,0.57,2026-09-03,1917,N20,VIIRS,n,2.0NRT,,3.54,D,VIIRS_NOAA20_NRT,"https://www.google.com/maps/dir/?api=1&destination=-8.91552,-76.13910",0.26,HU-505,ALTA,< 20 min (A pie / Mototaxi),S/. 5 - 10,0.9,☀️ Seco (<2mm): Evidencia intacta para muestreo,338.25,292.79,Jose Crespo Y Castillo,nominal,2026-09-04,validado
-9.4838,-76.19151,,0.51,0.41,2026-09-04,1856,N20,VIIRS,n,2.0NRT,,6.09,D,VIIRS_NOAA20_NRT,,16.67,Vía sin nombre,BAJA / REMOTA,> 1.5 horas (Selva adentro / Bote),S/. 40 - 80+,,,331.85,293.42,Mariano Damaso Beraun,nominal,2026-09-10,validado
-9.13914,-76.01737,,0.52,0.5,2026-09-05,1817,N,VIIRS,n,2.0NRT,,3.04,D,VIIRS_SNPP_NRT,,0.43,PE-5N (Carretera Presidente Fernando Belaúnde Terry),ALTA,< 20 min (A pie / Mototaxi),S/. 5 - 10,,,327.59,293.93,Pueblo Nuevo,nominal,2026-09-10,validado
-9.04474,-76.18448,,0.53,0.5,2026-09-05,1817,N,VIIRS,n,2.0NRT,,14.95,D,VIIRS_SNPP_NRT,,4.53,HU-551,BAJA / REMOTA,> 1.5 horas (Selva adentro / Bote),S/. 40 - 80+,,,339.76,293.96,Jose Crespo Y Castillo,nominal,2026-09-10,validado
-9.46065,-75.97157,,0.39,0.36,2026-09-05,1838,N20,VIIRS,n,2.0NRT,,4.22,D,VIIRS_NOAA20_NRT,,0.28,PE-18A (Carretera Central),ALTA,< 20 min (A pie / Mototaxi),S/. 5 - 10,,,332.56,291.52,Mariano Damaso Beraun,nominal,2026-09-10,validado
-9.37274,-75.95039,,0.39,0.36,2026-09-05,1838,N20,VIIRS,n,2.0NRT,,4.7,D,VIIRS_NOAA20_NRT,,0.08,HU-633,ALTA,< 20 min (A pie / Mototaxi),S/. 5 - 10,,,338.13,296.46,Mariano Damaso Beraun,nominal,2026-09-10,validado
-9.25842,-75.95763,,0.39,0.36,2026-09-05,1838,N20,VIIRS,n,2.0NRT,,4.54,D,VIIRS_NOAA20_NRT,,3.6,PE-18A (Carretera Interoceánica Centro),BAJA / REMOTA,> 1.5 horas (Selva adentro / Bote),S/. 40 - 80+,,,329.39,299.99,Luyando,nominal,2026-09-10,validado
-9.2579,-75.95413,,0.39,0.36,2026-09-05,1838,N20,VIIRS,n,2.0NRT,,3.72,D,VIIRS_NOAA20_NRT,,3.98,PE-18A (Carretera Interoceánica Centro),BAJA / REMOTA,> 1.5 horas (Selva adentro / Bote),S/. 40 - 80+,,,333.05,297.98,Luyando,nominal,2026-09-10,validado
-9.17501,-76.07847,,0.39,0.36,2026-09-05,1838,N20,VIIRS,n,2.0NRT,,9.8,D,VIIRS_NOAA20_NRT,,1.09,HU-556,MEDIA,30 - 60 min (Trocha / Caminata),S/. 15 - 30,,,337.21,300.02,Castillo Grande,nominal,2026-09-10,validado
-9.17252,-76.03949,,0.39,0.36,2026-09-05,1838,N20,VIIRS,n,2.0NRT,,5.64,D,VIIRS_NOAA20_NRT,,1.4,HU-560,MEDIA,30 - 60 min (Trocha / Caminata),S/. 15 - 30,,,343.26,297.41,Castillo Grande,nominal,2026-09-10,validado
-9.14229,-76.01907,,0.39,0.36,2026-09-05,1838,N20,VIIRS,n,2.0NRT,,2.53,D,VIIRS_NOAA20_NRT,,0.03,PE-5N (Carretera Presidente Fernando Belaúnde Terry),ALTA,< 20 min (A pie / Mototaxi),S/. 5 - 10,,,336.67,298.69,Pueblo Nuevo,nominal,2026-09-10,validado
-9.10177,-76.13304,,0.39,0.36,2026-09-05,1838,N20,VIIRS,n,2.0NRT,,3.22,D,VIIRS_NOAA20_NRT,,0.17,Vía sin nombre,ALTA,< 20 min (A pie / Mototaxi),S/. 5 - 10,,,333.28,299.0,Rupa-Rupa,nominal,2026-09-10,validado
-9.0445,-76.18108,,0.39,0.36,2026-09-05,1838,N20,VIIRS,n,2.0NRT,,3.66,D,VIIRS_NOAA20_NRT,,4.16,HU-551,BAJA / REMOTA,> 1.5 horas (Selva adentro / Bote),S/. 40 - 80+,,,332.51,296.99,Jose Crespo Y Castillo,nominal,2026-09-10,validado
-9.34859,-76.1187,314.07,1.27,1.12,2026-09-05,2036,Aqua,MODIS,72,6.1NRT,295.34,14.35,D,MODIS_NRT,,0.09,Vía sin nombre,ALTA,< 20 min (A pie / Mototaxi),S/. 5 - 10,,,,,Mariano Damaso Beraun,nominal,2026-09-10,validado
-9.34697,-76.10709,313.65,1.27,1.12,2026-09-05,2036,Aqua,MODIS,72,6.1NRT,295.02,13.54,D,MODIS_NRT,,0.75,Vía sin nombre,ALTA,< 20 min (A pie / Mototaxi),S/. 5 - 10,,,,,Mariano Damaso Beraun,nominal,2026-09-10,validado
-9.03972,-76.10343,310.77,1.26,1.11,2026-09-05,2036,Aqua,MODIS,68,6.1NRT,296.29,7.77,D,MODIS_NRT,,2.84,PE-5N (Carretera Presidente Fernando Belaúnde Terry),MEDIA,30 - 60 min (Trocha / Caminata),S/. 15 - 30,,,,,Pueblo Nuevo,nominal,2026-09-10,validado
-9.43986,-75.78671,,0.39,0.36,2026-09-09,1843,N,VIIRS,n,2.0NRT,,5.74,D,VIIRS_SNPP_NRT,"https://www.google.com/maps/dir/?api=1&destination=-9.43986,-75.78671",6.09,HU-621,BAJA / REMOTA,> 1.5 horas (Selva adentro / Bote),S/. 40 - 80+,3.5,"🌦️ Lluvia leve (2-8mm): Carbón visible, ceniza dispersa",338.49,298.79,Daniel Alomia Robles,nominal,2026-09-10,validado
-9.43778,-75.78784,,0.39,0.36,2026-09-09,1843,N,VIIRS,n,2.0NRT,,4.03,D,VIIRS_SNPP_NRT,"https://www.google.com/maps/dir/?api=1&destination=-9.43778,-75.78784",5.83,HU-621,BAJA / REMOTA,> 1.5 horas (Selva adentro / Bote),S/. 40 - 80+,3.5,"🌦️ Lluvia leve (2-8mm): Carbón visible, ceniza dispersa",333.58,295.52,Daniel Alomia Robles,nominal,2026-09-10,validado
-9.27156,-75.90054,,0.39,0.36,2026-09-09,1843,N,VIIRS,n,2.0NRT,,4.48,D,VIIRS_SNPP_NRT,"https://www.google.com/maps/dir/?api=1&destination=-9.27156,-75.90054",0.68,HU-619,ALTA,< 20 min (A pie / Mototaxi),S/. 5 - 10,5.7,"🌦️ Lluvia leve (2-8mm): Carbón visible, ceniza dispersa",342.67,298.74,Luyando,nominal,2026-09-10,validado
-9.21075,-75.89604,,0.39,0.36,2026-09-09,1843,N,VIIRS,n,2.0NRT,,4.29,D,VIIRS_SNPP_NRT,"https://www.google.com/maps/dir/?api=1&destination=-9.21075,-75.89604",1.67,PE-5N (Carretera Federico Basadre),MEDIA,30 - 60 min (Trocha / Caminata),S/. 15 - 30,5.7,"🌦️ Lluvia leve (2-8mm): Carbón visible, ceniza dispersa",330.54,295.15,Hermilio Valdizan,nominal,2026-09-10,validado
-9.21022,-75.89253,,0.39,0.36,2026-09-09,1843,N,VIIRS,n,2.0NRT,,4.29,D,VIIRS_SNPP_NRT,"https://www.google.com/maps/dir/?api=1&destination=-9.21022,-75.89253",1.51,PE-5N (Carretera Federico Basadre),MEDIA,30 - 60 min (Trocha / Caminata),S/. 15 - 30,4.3,"🌦️ Lluvia leve (2-8mm): Carbón visible, ceniza dispersa",332.98,296.9,Hermilio Valdizan,nominal,2026-09-10,validado
-8.96492,-76.23495,,0.39,0.36,2026-09-09,1843,N,VIIRS,n,2.0NRT,,17.52,D,VIIRS_SNPP_NRT,"https://www.google.com/maps/dir/?api=1&destination=-8.96492,-76.23495",5.52,HU-551,BAJA / REMOTA,> 1.5 horas (Selva adentro / Bote),S/. 40 - 80+,0.5,☀️ Seco (<2mm): Evidencia intacta para muestreo,342.55,299.04,Jose Crespo Y Castillo,nominal,2026-09-10,validado
-8.80867,-76.09662,,0.39,0.36,2026-09-09,1843,N,VIIRS,n,2.0NRT,,11.43,D,VIIRS_SNPP_NRT,"https://www.google.com/maps/dir/?api=1&destination=-8.80867,-76.09662",2.58,PE-5N (Carretera Presidente Fernando Belaúnde Terry),MEDIA,30 - 60 min (Trocha / Caminata),S/. 15 - 30,21.0,🌧️ Lluvia fuerte (>8mm): Ceniza probablemente lavada,344.32,298.51,Pucayacu,nominal,2026-09-10,validado
-9.29314,-75.9983,,0.39,0.36,2026-09-09,1843,N,VIIRS,l,2.0NRT,,4.91,D,VIIRS_SNPP_NRT,"https://www.google.com/maps/dir/?api=1&destination=-9.29314,-75.99830",0.01,PE-18A (Avenida Tito Jaime),ALTA,< 20 min (A pie / Mototaxi),S/. 5 - 10,1.4,☀️ Seco (<2mm): Evidencia intacta para muestreo,328.1,302.26,Rupa-Rupa,baja,2026-09-10,baja_confianza
-9.43836,-75.78861,,0.45,0.47,2026-09-09,1904,N20,VIIRS,n,2.0NRT,,4.8,D,VIIRS_NOAA20_NRT,"https://www.google.com/maps/dir/?api=1&destination=-9.43836,-75.78861",5.84,HU-621,BAJA / REMOTA,> 1.5 horas (Selva adentro / Bote),S/. 40 - 80+,3.5,"🌦️ Lluvia leve (2-8mm): Carbón visible, ceniza dispersa",333.62,294.3,Daniel Alomia Robles,nominal,2026-09-10,validado
-9.41038,-75.77236,,0.45,0.47,2026-09-09,1904,N20,VIIRS,n,2.0NRT,,3.19,D,VIIRS_NOAA20_NRT,"https://www.google.com/maps/dir/?api=1&destination=-9.41038,-75.77236",5.26,HU-621,BAJA / REMOTA,> 1.5 horas (Selva adentro / Bote),S/. 40 - 80+,3.5,"🌦️ Lluvia leve (2-8mm): Carbón visible, ceniza dispersa",336.58,295.5,Daniel Alomia Robles,nominal,2026-09-10,validado
-9.40927,-75.7729,,0.45,0.47,2026-09-09,1904,N20,VIIRS,n,2.0NRT,,4.46,D,VIIRS_NOAA20_NRT,"https://www.google.com/maps/dir/?api=1&destination=-9.40927,-75.77290",5.16,HU-621,BAJA / REMOTA,> 1.5 horas (Selva adentro / Bote),S/. 40 - 80+,5.6,"🌦️ Lluvia leve (2-8mm): Carbón visible, ceniza dispersa",333.47,296.15,Daniel Alomia Robles,nominal,2026-09-10,validado
-9.19933,-76.19073,,0.42,0.45,2026-09-09,1904,N20,VIIRS,n,2.0NRT,,3.26,D,VIIRS_NOAA20_NRT,"https://www.google.com/maps/dir/?api=1&destination=-9.19933,-76.19073",9.93,HU-557,BAJA / REMOTA,> 1.5 horas (Selva adentro / Bote),S/. 40 - 80+,0.3,☀️ Seco (<2mm): Evidencia intacta para muestreo,330.15,297.63,Rupa-Rupa,nominal,2026-09-10,validado
-9.08718,-76.01706,,0.44,0.46,2026-09-09,1904,N20,VIIRS,n,2.0NRT,,8.86,D,VIIRS_NOAA20_NRT,"https://www.google.com/maps/dir/?api=1&destination=-9.08718,-76.01706",4.38,PE-5N (Carretera Presidente Fernando Belaúnde Terry),BAJA / REMOTA,> 1.5 horas (Selva adentro / Bote),S/. 40 - 80+,2.2,"🌦️ Lluvia leve (2-8mm): Carbón visible, ceniza dispersa",348.92,299.45,Pueblo Nuevo,nominal,2026-09-10,validado
-8.96454,-76.2378,,0.42,0.46,2026-09-09,1904,N20,VIIRS,n,2.0NRT,,14.99,D,VIIRS_NOAA20_NRT,"https://www.google.com/maps/dir/?api=1&destination=-8.96454,-76.23780",5.83,HU-551,BAJA / REMOTA,> 1.5 horas (Selva adentro / Bote),S/. 40 - 80+,0.5,☀️ Seco (<2mm): Evidencia intacta para muestreo,335.6,297.41,Jose Crespo Y Castillo,nominal,2026-09-10,validado
-8.9639,-76.23411,,0.42,0.46,2026-09-09,1904,N20,VIIRS,n,2.0NRT,,32.28,D,VIIRS_NOAA20_NRT,"https://www.google.com/maps/dir/?api=1&destination=-8.96390,-76.23411",5.44,HU-551,BAJA / REMOTA,> 1.5 horas (Selva adentro / Bote),S/. 40 - 80+,0.5,☀️ Seco (<2mm): Evidencia intacta para muestreo,341.96,298.73,Jose Crespo Y Castillo,nominal,2026-09-10,validado
-8.94988,-76.00188,,0.44,0.46,2026-09-09,1904,N20,VIIRS,n,2.0NRT,,7.16,D,VIIRS_NOAA20_NRT,"https://www.google.com/maps/dir/?api=1&destination=-8.94988,-76.00188",9.71,PE-5N (Carretera Presidente Fernando Belaúnde Terry),BAJA / REMOTA,> 1.5 horas (Selva adentro / Bote),S/. 40 - 80+,11.2,🌧️ Lluvia fuerte (>8mm): Ceniza probablemente lavada,347.93,293.98,Santo Domingo De Anda,nominal,2026-09-10,validado
-8.80931,-76.09333,,0.44,0.46,2026-09-09,1904,N20,VIIRS,n,2.0NRT,,2.94,D,VIIRS_NOAA20_NRT,"https://www.google.com/maps/dir/?api=1&destination=-8.80931,-76.09333",2.9,PE-5N (Carretera Presidente Fernando Belaúnde Terry),MEDIA,30 - 60 min (Trocha / Caminata),S/. 15 - 30,21.0,🌧️ Lluvia fuerte (>8mm): Ceniza probablemente lavada,333.2,295.13,Pucayacu,nominal,2026-09-10,validado
-8.71039,-76.10432,,0.39,0.36,2026-09-10,1843,N20,VIIRS,n,2.0NRT,,5.68,D,VIIRS_NOAA20_NRT,"https://www.google.com/maps/dir/?api=1&destination=-8.71039,-76.10432",0.44,HU-528,ALTA,< 20 min (A pie / Mototaxi),S/. 5 - 10,1.9,☀️ Seco (<2mm): Evidencia intacta para muestreo,344.06,299.36,Pucayacu,nominal,2026-09-11,validado
-8.70705,-76.10483,,0.39,0.36,2026-09-10,1843,N20,VIIRS,n,2.0NRT,,5.51,D,VIIRS_NOAA20_NRT,"https://www.google.com/maps/dir/?api=1&destination=-8.70705,-76.10483",0.17,HU-528,ALTA,< 20 min (A pie / Mototaxi),S/. 5 - 10,1.9,☀️ Seco (<2mm): Evidencia intacta para muestreo,338.38,298.26,Pucayacu,nominal,2026-09-11,validado
-8.61127,-76.09893,,0.39,0.36,2026-09-10,1843,N20,VIIRS,n,2.0NRT,,3.86,D,VIIRS_NOAA20_NRT,"https://www.google.com/maps/dir/?api=1&destination=-8.61127,-76.09893",1.52,HU-524,MEDIA,30 - 60 min (Trocha / Caminata),S/. 15 - 30,10.6,🌧️ Lluvia fuerte (>8mm): Ceniza probablemente lavada,335.52,299.02,Pucayacu,nominal,2026-09-11,validado
-9.3984,-75.83209,,0.42,0.61,2026-09-11,1806,N,VIIRS,n,2.0NRT,,2.98,D,VIIRS_SNPP_NRT,"https://www.google.com/maps/dir/?api=1&destination=-9.39840,-75.83209",1.48,HU-621,MEDIA,30 - 60 min (Trocha / Caminata),S/. 15 - 30,2.3,"🌦️ Lluvia leve (2-8mm): Carbón visible, ceniza dispersa",330.04,293.78,Mariano Damaso Beraun,nominal,2026-09-12,validado
-9.39618,-75.96259,,0.43,0.62,2026-09-11,1806,N,VIIRS,n,2.0NRT,,4.01,D,VIIRS_SNPP_NRT,"https://www.google.com/maps/dir/?api=1&destination=-9.39618,-75.96259",0.64,HU-632,ALTA,< 20 min (A pie / Mototaxi),S/. 5 - 10,0.1,☀️ Seco (<2mm): Evidencia intacta para muestreo,327.93,292.92,Mariano Damaso Beraun,nominal,2026-09-12,validado
-9.37602,-75.83841,,0.42,0.61,2026-09-11,1806,N,VIIRS,n,2.0NRT,,4.92,D,VIIRS_SNPP_NRT,"https://www.google.com/maps/dir/?api=1&destination=-9.37602,-75.83841",1.27,HU-621,MEDIA,30 - 60 min (Trocha / Caminata),S/. 15 - 30,2.3,"🌦️ Lluvia leve (2-8mm): Carbón visible, ceniza dispersa",333.23,294.91,Mariano Damaso Beraun,nominal,2026-09-12,validado
-9.37569,-75.83578,,0.42,0.61,2026-09-11,1806,N,VIIRS,n,2.0NRT,,4.92,D,VIIRS_SNPP_NRT,"https://www.google.com/maps/dir/?api=1&destination=-9.37569,-75.83578",1.04,HU-621,MEDIA,30 - 60 min (Trocha / Caminata),S/. 15 - 30,3.3,"🌦️ Lluvia leve (2-8mm): Carbón visible, ceniza dispersa",339.93,295.34,Mariano Damaso Beraun,nominal,2026-09-12,validado
-9.37402,-75.83809,,0.42,0.61,2026-09-11,1806,N,VIIRS,n,2.0NRT,,4.92,D,VIIRS_SNPP_NRT,"https://www.google.com/maps/dir/?api=1&destination=-9.37402,-75.83809",1.12,HU-621,MEDIA,30 - 60 min (Trocha / Caminata),S/. 15 - 30,3.3,"🌦️ Lluvia leve (2-8mm): Carbón visible, ceniza dispersa",333.05,292.88,Mariano Damaso Beraun,nominal,2026-09-12,validado
-9.37368,-75.83546,,0.42,0.61,2026-09-11,1806,N,VIIRS,n,2.0NRT,,4.92,D,VIIRS_SNPP_NRT,"https://www.google.com/maps/dir/?api=1&destination=-9.37368,-75.83546",0.86,HU-621,ALTA,< 20 min (A pie / Mototaxi),S/. 5 - 10,3.3,"🌦️ Lluvia leve (2-8mm): Carbón visible, ceniza dispersa",340.02,294.31,Mariano Damaso Beraun,nominal,2026-09-12,validado
-9.37008,-75.83727,,0.42,0.61,2026-09-11,1806,N,VIIRS,n,2.0NRT,,3.65,D,VIIRS_SNPP_NRT,"https://www.google.com/maps/dir/?api=1&destination=-9.37008,-75.83727",0.87,HU-621,ALTA,< 20 min (A pie / Mototaxi),S/. 5 - 10,3.3,"🌦️ Lluvia leve (2-8mm): Carbón visible, ceniza dispersa",334.01,292.96,Mariano Damaso Beraun,nominal,2026-09-12,validado
-9.36808,-75.83696,,0.42,0.61,2026-09-11,1806,N,VIIRS,n,2.0NRT,,3.85,D,VIIRS_SNPP_NRT,"https://www.google.com/maps/dir/?api=1&destination=-9.36808,-75.83696",0.71,HU-621,ALTA,< 20 min (A pie / Mototaxi),S/. 5 - 10,3.3,"🌦️ Lluvia leve (2-8mm): Carbón visible, ceniza dispersa",333.61,293.16,Mariano Damaso Beraun,nominal,2026-09-12,validado
-9.09885,-76.25119,,0.45,0.63,2026-09-11,1806,N,VIIRS,h,2.0NRT,,9.64,D,VIIRS_SNPP_NRT,"https://www.google.com/maps/dir/?api=1&destination=-9.09885,-76.25119",6.98,HU-557,BAJA / REMOTA,> 1.5 horas (Selva adentro / Bote),S/. 40 - 80+,2.0,"🌦️ Lluvia leve (2-8mm): Carbón visible, ceniza dispersa",367.0,293.41,Jose Crespo Y Castillo,alta,2026-09-12,validado
-9.09777,-76.25236,,0.45,0.63,2026-09-11,1806,N,VIIRS,n,2.0NRT,,7.65,D,VIIRS_SNPP_NRT,"https://www.google.com/maps/dir/?api=1&destination=-9.09777,-76.25236",7.13,HU-557,BAJA / REMOTA,> 1.5 horas (Selva adentro / Bote),S/. 40 - 80+,2.0,"🌦️ Lluvia leve (2-8mm): Carbón visible, ceniza dispersa",333.74,292.03,Jose Crespo Y Castillo,nominal,2026-09-12,validado
-9.09731,-76.2486,,0.45,0.63,2026-09-11,1806,N,VIIRS,h,2.0NRT,,13.65,D,VIIRS_SNPP_NRT,"https://www.google.com/maps/dir/?api=1&destination=-9.09731,-76.24860",6.73,HU-557,BAJA / REMOTA,> 1.5 horas (Selva adentro / Bote),S/. 40 - 80+,2.0,"🌦️ Lluvia leve (2-8mm): Carbón visible, ceniza dispersa",367.0,294.16,Jose Crespo Y Castillo,alta,2026-09-12,validado
-9.37453,-75.83475,,0.49,0.4,2026-09-11,1826,N20,VIIRS,n,2.0NRT,,4.89,D,VIIRS_NOAA20_NRT,"https://www.google.com/maps/dir/?api=1&destination=-9.37453,-75.83475",0.87,HU-621,ALTA,< 20 min (A pie / Mototaxi),S/. 5 - 10,3.3,"🌦️ Lluvia leve (2-8mm): Carbón visible, ceniza dispersa",334.05,300.4,Mariano Damaso Beraun,nominal,2026-09-12,validado
-9.37088,-75.83547,,0.49,0.4,2026-09-11,1826,N20,VIIRS,n,2.0NRT,,47.75,D,VIIRS_NOAA20_NRT,"https://www.google.com/maps/dir/?api=1&destination=-9.37088,-75.83547",0.71,HU-621,ALTA,< 20 min (A pie / Mototaxi),S/. 5 - 10,0.0,Sin datos meteorológicos,343.08,304.85,Mariano Damaso Beraun,nominal,2026-09-12,validado
-9.3409,-75.83635,,0.48,0.4,2026-09-11,1826,N20,VIIRS,n,2.0NRT,,3.14,D,VIIRS_NOAA20_NRT,"https://www.google.com/maps/dir/?api=1&destination=-9.34090,-75.83635",0.92,HU-621,ALTA,< 20 min (A pie / Mototaxi),S/. 5 - 10,0.0,Sin datos meteorológicos,331.03,298.54,Daniel Alomia Robles,nominal,2026-09-12,validado
-9.33296,-75.93933,,0.49,0.4,2026-09-11,1826,N20,VIIRS,n,2.0NRT,,3.88,D,VIIRS_NOAA20_NRT,"https://www.google.com/maps/dir/?api=1&destination=-9.33296,-75.93933",3.21,HU-633,BAJA / REMOTA,> 1.5 horas (Selva adentro / Bote),S/. 40 - 80+,0.0,Sin datos meteorológicos,329.83,297.02,Mariano Damaso Beraun,nominal,2026-09-12,validado
-9.3233,-75.97815,,0.49,0.41,2026-09-11,1826,N20,VIIRS,n,2.0NRT,,4.67,D,VIIRS_NOAA20_NRT,"https://www.google.com/maps/dir/?api=1&destination=-9.32330,-75.97815",1.59,PE-18A (Carretera Central),MEDIA,30 - 60 min (Trocha / Caminata),S/. 15 - 30,0.0,Sin datos meteorológicos,334.67,295.98,Mariano Damaso Beraun,nominal,2026-09-12,validado
-9.30372,-76.0009,,0.49,0.41,2026-09-11,1826,N20,VIIRS,n,2.0NRT,,5.2,D,VIIRS_NOAA20_NRT,"https://www.google.com/maps/dir/?api=1&destination=-9.30372,-76.00090",0.05,Avenida 28 de Julio,ALTA,< 20 min (A pie / Mototaxi),S/. 5 - 10,0.0,Sin datos meteorológicos,332.91,300.86,Rupa-Rupa,nominal,2026-09-12,validado
-9.30178,-75.99972,,0.49,0.41,2026-09-11,1826,N20,VIIRS,n,2.0NRT,,4.36,D,VIIRS_NOAA20_NRT,"https://www.google.com/maps/dir/?api=1&destination=-9.30178,-75.99972",0.03,Avenida Amazonas,ALTA,< 20 min (A pie / Mototaxi),S/. 5 - 10,0.0,Sin datos meteorológicos,330.91,300.7,Rupa-Rupa,nominal,2026-09-12,validado
-9.09879,-76.25017,,0.51,0.41,2026-09-11,1826,N20,VIIRS,n,2.0NRT,,10.66,D,VIIRS_NOAA20_NRT,"https://www.google.com/maps/dir/?api=1&destination=-9.09879,-76.25017",6.87,HU-557,BAJA / REMOTA,> 1.5 horas (Selva adentro / Bote),S/. 40 - 80+,0.0,Sin datos meteorológicos,345.4,298.45,Jose Crespo Y Castillo,nominal,2026-09-12,validado
-8.77766,-76.16892,,0.5,0.41,2026-09-11,1826,N20,VIIRS,n,2.0NRT,,4.86,D,VIIRS_NOAA20_NRT,"https://www.google.com/maps/dir/?api=1&destination=-8.77766,-76.16892",0.36,HU-545,ALTA,< 20 min (A pie / Mototaxi),S/. 5 - 10,0.0,Sin datos meteorológicos,335.28,296.74,Jose Crespo Y Castillo,nominal,2026-09-12,validado
-9.29938,-75.99696,,0.49,0.41,2026-09-11,1826,N20,VIIRS,l,2.0NRT,,5.2,D,VIIRS_NOAA20_NRT,"https://www.google.com/maps/dir/?api=1&destination=-9.29938,-75.99696",0.15,Avenida Amazonas,ALTA,< 20 min (A pie / Mototaxi),S/. 5 - 10,0.0,Sin datos meteorológicos,330.47,300.96,Rupa-Rupa,baja,2026-09-12,baja_confianza
-9.29741,-75.99577,,0.49,0.41,2026-09-11,1826,N20,VIIRS,l,2.0NRT,,4.36,D,VIIRS_NOAA20_NRT,"https://www.google.com/maps/dir/?api=1&destination=-9.29741,-75.99577",0.13,Jirón San Alejandro,ALTA,< 20 min (A pie / Mototaxi),S/. 5 - 10,0.0,Sin datos meteorológicos,330.62,301.13,Rupa-Rupa,baja,2026-09-12,baja_confianza
-9.455,-75.71548,,0.45,0.63,2026-09-12,1928,N,VIIRS,h,2.0NRT,,18.71,D,VIIRS_SNPP_NRT,"https://www.google.com/maps/dir/?api=1&destination=-9.45500,-75.71548",13.06,HU-621,BAJA / REMOTA,> 1.5 horas (Selva adentro / Bote),S/. 40 - 80+,3.6,"🌦️ Lluvia leve (2-8mm): Carbón visible, ceniza dispersa",367.0,291.13,Daniel Alomia Robles,alta,2026-09-13,validado
-9.45445,-75.71675,,0.45,0.63,2026-09-12,1928,N,VIIRS,h,2.0NRT,,17.85,D,VIIRS_SNPP_NRT,"https://www.google.com/maps/dir/?api=1&destination=-9.45445,-75.71675",12.91,HU-621,BAJA / REMOTA,> 1.5 horas (Selva adentro / Bote),S/. 40 - 80+,3.6,"🌦️ Lluvia leve (2-8mm): Carbón visible, ceniza dispersa",367.0,292.01,Daniel Alomia Robles,alta,2026-09-13,validado
-9.34513,-75.95814,,0.44,0.62,2026-09-12,1928,N,VIIRS,n,2.0NRT,,8.35,D,VIIRS_SNPP_NRT,"https://www.google.com/maps/dir/?api=1&destination=-9.34513,-75.95814",1.52,HU-631,MEDIA,30 - 60 min (Trocha / Caminata),S/. 15 - 30,1.7,☀️ Seco (<2mm): Evidencia intacta para muestreo,335.3,293.83,Mariano Damaso Beraun,nominal,2026-09-13,validado
-9.12908,-76.10983,,0.43,0.62,2026-09-12,1928,N,VIIRS,n,2.0NRT,,3.47,D,VIIRS_SNPP_NRT,"https://www.google.com/maps/dir/?api=1&destination=-9.12908,-76.10983",0.58,HU-558,ALTA,< 20 min (A pie / Mototaxi),S/. 5 - 10,0.8,☀️ Seco (<2mm): Evidencia intacta para muestreo,328.48,293.32,Rupa-Rupa,nominal,2026-09-13,validado
-8.99646,-76.03983,,0.44,0.62,2026-09-12,1928,N,VIIRS,n,2.0NRT,,5.56,D,VIIRS_SNPP_NRT,"https://www.google.com/maps/dir/?api=1&destination=-8.99646,-76.03983",3.57,PE-5N (Carretera Presidente Fernando Belaúnde Terry),BAJA / REMOTA,> 1.5 horas (Selva adentro / Bote),S/. 40 - 80+,0.4,☀️ Seco (<2mm): Evidencia intacta para muestreo,345.32,292.74,Santo Domingo De Anda,nominal,2026-09-13,validado
-8.99603,-76.03883,,0.44,0.62,2026-09-12,1928,N,VIIRS,n,2.0NRT,,5.03,D,VIIRS_SNPP_NRT,"https://www.google.com/maps/dir/?api=1&destination=-8.99603,-76.03883",3.69,PE-5N (Carretera Presidente Fernando Belaúnde Terry),BAJA / REMOTA,> 1.5 horas (Selva adentro / Bote),S/. 40 - 80+,0.4,☀️ Seco (<2mm): Evidencia intacta para muestreo,351.41,293.36,Santo Domingo De Anda,nominal,2026-09-13,validado
-8.88583,-76.21715,,0.43,0.62,2026-09-12,1928,N,VIIRS,n,2.0NRT,,6.16,D,VIIRS_SNPP_NRT,"https://www.google.com/maps/dir/?api=1&destination=-8.88583,-76.21715",3.42,HU-550,BAJA / REMOTA,> 1.5 horas (Selva adentro / Bote),S/. 40 - 80+,0.4,☀️ Seco (<2mm): Evidencia intacta para muestreo,341.35,291.76,Jose Crespo Y Castillo,nominal,2026-09-13,validado
-8.88511,-76.21323,,0.43,0.62,2026-09-12,1928,N,VIIRS,n,2.0NRT,,6.16,D,VIIRS_SNPP_NRT,"https://www.google.com/maps/dir/?api=1&destination=-8.88511,-76.21323",3.13,HU-550,BAJA / REMOTA,> 1.5 horas (Selva adentro / Bote),S/. 40 - 80+,0.4,☀️ Seco (<2mm): Evidencia intacta para muestreo,345.85,292.86,Jose Crespo Y Castillo,nominal,2026-09-13,validado
-9.47876,-75.94788,,0.33,0.55,2026-09-12,1806,N20,VIIRS,n,2.0NRT,,1.79,D,VIIRS_NOAA20_NRT,"https://www.google.com/maps/dir/?api=1&destination=-9.47876,-75.94788",0.64,PE-18A (Carretera Central),ALTA,< 20 min (A pie / Mototaxi),S/. 5 - 10,2.9,"🌦️ Lluvia leve (2-8mm): Carbón visible, ceniza dispersa",325.52,291.89,Mariano Damaso Beraun,nominal,2026-09-13,validado
-9.42531,-75.93468,,0.33,0.55,2026-09-12,1806,N20,VIIRS,n,2.0NRT,,5.21,D,VIIRS_NOAA20_NRT,"https://www.google.com/maps/dir/?api=1&destination=-9.42531,-75.93468",1.36,HU-638,MEDIA,30 - 60 min (Trocha / Caminata),S/. 15 - 30,2.8,"🌦️ Lluvia leve (2-8mm): Carbón visible, ceniza dispersa",334.36,293.78,Mariano Damaso Beraun,nominal,2026-09-13,validado
-9.32943,-75.94169,,0.33,0.55,2026-09-12,1806,N20,VIIRS,n,2.0NRT,,3.53,D,VIIRS_NOAA20_NRT,"https://www.google.com/maps/dir/?api=1&destination=-9.32943,-75.94169",3.6,HU-633,BAJA / REMOTA,> 1.5 horas (Selva adentro / Bote),S/. 40 - 80+,2.8,"🌦️ Lluvia leve (2-8mm): Carbón visible, ceniza dispersa",329.99,292.75,Mariano Damaso Beraun,nominal,2026-09-13,validado
-9.32444,-75.94306,,0.33,0.55,2026-09-12,1806,N20,VIIRS,n,2.0NRT,,3.53,D,VIIRS_NOAA20_NRT,"https://www.google.com/maps/dir/?api=1&destination=-9.32444,-75.94306",4.17,HU-633,BAJA / REMOTA,> 1.5 horas (Selva adentro / Bote),S/. 40 - 80+,1.7,☀️ Seco (<2mm): Evidencia intacta para muestreo,338.45,291.23,Mariano Damaso Beraun,nominal,2026-09-13,validado
-9.31975,-75.94674,,0.33,0.55,2026-09-12,1806,N20,VIIRS,n,2.0NRT,,3.75,D,VIIRS_NOAA20_NRT,"https://www.google.com/maps/dir/?api=1&destination=-9.31975,-75.94674",4.11,Avenida Los Ángeles,BAJA / REMOTA,> 1.5 horas (Selva adentro / Bote),S/. 40 - 80+,2.8,"🌦️ Lluvia leve (2-8mm): Carbón visible, ceniza dispersa",343.66,290.64,Mariano Damaso Beraun,nominal,2026-09-13,validado
-9.23005,-76.03937,,0.33,0.56,2026-09-12,1806,N20,VIIRS,n,2.0NRT,,3.0,D,VIIRS_NOAA20_NRT,"https://www.google.com/maps/dir/?api=1&destination=-9.23005,-76.03937",0.65,HU-556,ALTA,< 20 min (A pie / Mototaxi),S/. 5 - 10,1.8,☀️ Seco (<2mm): Evidencia intacta para muestreo,338.17,293.46,Castillo Grande,nominal,2026-09-13,validado
-9.1957,-76.04036,,0.33,0.56,2026-09-12,1806,N20,VIIRS,n,2.0NRT,,3.35,D,VIIRS_NOAA20_NRT,"https://www.google.com/maps/dir/?api=1&destination=-9.19570,-76.04036",0.53,HU-560,ALTA,< 20 min (A pie / Mototaxi),S/. 5 - 10,0.0,Sin datos meteorológicos,345.17,294.99,Castillo Grande,nominal,2026-09-13,validado
-9.17839,-76.38658,,0.35,0.57,2026-09-12,1806,N20,VIIRS,n,2.0NRT,,5.61,D,VIIRS_NOAA20_NRT,"https://www.google.com/maps/dir/?api=1&destination=-9.17839,-76.38658",23.05,HU-557,BAJA / REMOTA,> 1.5 horas (Selva adentro / Bote),S/. 40 - 80+,0.0,Sin datos meteorológicos,329.91,291.91,Jose Crespo Y Castillo,nominal,2026-09-13,validado
-9.11598,-76.18797,,0.34,0.56,2026-09-12,1806,N20,VIIRS,n,2.0NRT,,7.89,D,VIIRS_NOAA20_NRT,"https://www.google.com/maps/dir/?api=1&destination=-9.11598,-76.18797",0.71,HU-557,ALTA,< 20 min (A pie / Mototaxi),S/. 5 - 10,0.0,Sin datos meteorológicos,356.82,295.4,Rupa-Rupa,nominal,2026-09-13,validado
-9.11412,-76.18972,,0.34,0.56,2026-09-12,1806,N20,VIIRS,n,2.0NRT,,11.69,D,VIIRS_NOAA20_NRT,"https://www.google.com/maps/dir/?api=1&destination=-9.11412,-76.18972",0.52,HU-557,ALTA,< 20 min (A pie / Mototaxi),S/. 5 - 10,0.0,Sin datos meteorológicos,350.54,295.42,Rupa-Rupa,nominal,2026-09-13,validado
-9.11373,-76.18681,,0.34,0.56,2026-09-12,1806,N20,VIIRS,h,2.0NRT,,11.69,D,VIIRS_NOAA20_NRT,"https://www.google.com/maps/dir/?api=1&destination=-9.11373,-76.18681",0.5,HU-557,ALTA,< 20 min (A pie / Mototaxi),S/. 5 - 10,0.0,Sin datos meteorológicos,367.0,293.19,Rupa-Rupa,alta,2026-09-13,validado
-9.11092,-76.18933,,0.34,0.56,2026-09-12,1806,N20,VIIRS,n,2.0NRT,,7.89,D,VIIRS_NOAA20_NRT,"https://www.google.com/maps/dir/?api=1&destination=-9.11092,-76.18933",0.17,HU-557,ALTA,< 20 min (A pie / Mototaxi),S/. 5 - 10,0.0,Sin datos meteorológicos,356.44,294.46,Pueblo Nuevo,nominal,2026-09-13,validado
-9.11055,-76.18645,,0.34,0.56,2026-09-12,1806,N20,VIIRS,n,2.0NRT,,7.89,D,VIIRS_NOAA20_NRT,"https://www.google.com/maps/dir/?api=1&destination=-9.11055,-76.18645",0.26,HU-557,ALTA,< 20 min (A pie / Mototaxi),S/. 5 - 10,0.0,Sin datos meteorológicos,328.72,292.02,Pueblo Nuevo,nominal,2026-09-13,validado
-9.10108,-76.24901,,0.34,0.56,2026-09-12,1806,N20,VIIRS,n,2.0NRT,,5.95,D,VIIRS_NOAA20_NRT,"https://www.google.com/maps/dir/?api=1&destination=-9.10108,-76.24901",6.71,HU-557,BAJA / REMOTA,> 1.5 horas (Selva adentro / Bote),S/. 40 - 80+,0.0,Sin datos meteorológicos,345.38,294.18,Jose Crespo Y Castillo,nominal,2026-09-13,validado
-9.09611,-76.25115,,0.34,0.56,2026-09-12,1806,N20,VIIRS,n,2.0NRT,,5.95,D,VIIRS_NOAA20_NRT,"https://www.google.com/maps/dir/?api=1&destination=-9.09611,-76.25115",7.04,HU-557,BAJA / REMOTA,> 1.5 horas (Selva adentro / Bote),S/. 40 - 80+,0.0,Sin datos meteorológicos,336.44,292.09,Jose Crespo Y Castillo,nominal,2026-09-13,validado
-9.09572,-76.24824,,0.34,0.56,2026-09-12,1806,N20,VIIRS,n,2.0NRT,,8.09,D,VIIRS_NOAA20_NRT,"https://www.google.com/maps/dir/?api=1&destination=-9.09572,-76.24824",6.73,HU-557,BAJA / REMOTA,> 1.5 horas (Selva adentro / Bote),S/. 40 - 80+,0.0,Sin datos meteorológicos,351.54,294.3,Jose Crespo Y Castillo,nominal,2026-09-13,validado
-9.09532,-76.24522,,0.34,0.56,2026-09-12,1806,N20,VIIRS,n,2.0NRT,,8.09,D,VIIRS_NOAA20_NRT,"https://www.google.com/maps/dir/?api=1&destination=-9.09532,-76.24522",6.42,HU-557,BAJA / REMOTA,> 1.5 horas (Selva adentro / Bote),S/. 40 - 80+,0.0,Sin datos meteorológicos,342.14,294.0,Jose Crespo Y Castillo,nominal,2026-09-13,validado
-8.80794,-76.12395,,0.33,0.56,2026-09-12,1809,N20,VIIRS,n,2.0NRT,,6.77,D,VIIRS_NOAA20_NRT,"https://www.google.com/maps/dir/?api=1&destination=-8.80794,-76.12395",0.25,PE-5N (Carretera Presidente Fernando Belaúnde Terry),ALTA,< 20 min (A pie / Mototaxi),S/. 5 - 10,0.0,Sin datos meteorológicos,355.37,295.26,Pucayacu,nominal,2026-09-13,validado
-9.03543,-76.16633,314.57,1.03,1.01,2026-09-13,2046,Aqua,MODIS,72,6.1NRT,296.57,9.42,D,MODIS_NRT,"https://www.google.com/maps/dir/?api=1&destination=-9.03543,-76.16633",2.45,HU-551,MEDIA,30 - 60 min (Trocha / Caminata),S/. 15 - 30,2.5,"🌦️ Lluvia leve (2-8mm): Carbón visible, ceniza dispersa",,,Jose Crespo Y Castillo,nominal,2026-09-14,validado
-9.30021,-75.98109,,0.39,0.36,2026-09-13,633,N,VIIRS,n,2.0NRT,,0.84,N,VIIRS_SNPP_NRT,"https://www.google.com/maps/dir/?api=1&destination=-9.30021,-75.98109",1.15,Avenida Los Ángeles,MEDIA,30 - 60 min (Trocha / Caminata),S/. 15 - 30,7.1,"🌦️ Lluvia leve (2-8mm): Carbón visible, ceniza dispersa",312.42,289.81,Rupa-Rupa,nominal,2026-09-14,validado
-9.29965,-75.98461,,0.39,0.36,2026-09-13,633,N,VIIRS,n,2.0NRT,,0.84,N,VIIRS_SNPP_NRT,"https://www.google.com/maps/dir/?api=1&destination=-9.29965,-75.98461",1.11,Avenida Los Ángeles,MEDIA,30 - 60 min (Trocha / Caminata),S/. 15 - 30,7.1,"🌦️ Lluvia leve (2-8mm): Carbón visible, ceniza dispersa",306.19,289.79,Rupa-Rupa,nominal,2026-09-14,validado
-8.90146,-76.16626,,0.39,0.36,2026-09-13,633,N,VIIRS,n,2.0NRT,,1.35,N,VIIRS_SNPP_NRT,"https://www.google.com/maps/dir/?api=1&destination=-8.90146,-76.16626",1.01,HU-505,MEDIA,30 - 60 min (Trocha / Caminata),S/. 15 - 30,6.1,"🌦️ Lluvia leve (2-8mm): Carbón visible, ceniza dispersa",314.79,290.22,Jose Crespo Y Castillo,nominal,2026-09-14,validado
-9.4151,-75.77248,,0.43,0.46,2026-09-13,1908,N,VIIRS,n,2.0NRT,,2.77,D,VIIRS_SNPP_NRT,"https://www.google.com/maps/dir/?api=1&destination=-9.41510,-75.77248",5.45,HU-621,BAJA / REMOTA,> 1.5 horas (Selva adentro / Bote),S/. 40 - 80+,8.5,🌧️ Lluvia fuerte (>8mm): Ceniza probablemente lavada,339.49,296.42,Daniel Alomia Robles,nominal,2026-09-14,validado
-9.41263,-75.75806,,0.44,0.46,2026-09-13,1908,N,VIIRS,n,2.0NRT,,4.95,D,VIIRS_SNPP_NRT,"https://www.google.com/maps/dir/?api=1&destination=-9.41263,-75.75806",6.83,HU-621,BAJA / REMOTA,> 1.5 horas (Selva adentro / Bote),S/. 40 - 80+,8.3,🌧️ Lluvia fuerte (>8mm): Ceniza probablemente lavada,339.35,294.71,Daniel Alomia Robles,nominal,2026-09-14,validado
-9.38992,-76.03017,,0.42,0.45,2026-09-13,1908,N,VIIRS,h,2.0NRT,,18.07,D,VIIRS_SNPP_NRT,"https://www.google.com/maps/dir/?api=1&destination=-9.38992,-76.03017",1.87,HU-651,MEDIA,30 - 60 min (Trocha / Caminata),S/. 15 - 30,2.1,"🌦️ Lluvia leve (2-8mm): Carbón visible, ceniza dispersa",367.0,300.36,Mariano Damaso Beraun,alta,2026-09-14,validado
-9.35263,-75.96211,,0.42,0.45,2026-09-13,1908,N,VIIRS,n,2.0NRT,,4.41,D,VIIRS_SNPP_NRT,"https://www.google.com/maps/dir/?api=1&destination=-9.35263,-75.96211",0.8,HU-631,ALTA,< 20 min (A pie / Mototaxi),S/. 5 - 10,12.4,🌧️ Lluvia fuerte (>8mm): Ceniza probablemente lavada,339.05,293.94,Mariano Damaso Beraun,nominal,2026-09-14,validado
-9.31931,-75.84294,,0.43,0.46,2026-09-13,1908,N,VIIRS,n,2.0NRT,,1.98,D,VIIRS_SNPP_NRT,"https://www.google.com/maps/dir/?api=1&destination=-9.31931,-75.84294",1.62,HU-621,MEDIA,30 - 60 min (Trocha / Caminata),S/. 15 - 30,8.4,🌧️ Lluvia fuerte (>8mm): Ceniza probablemente lavada,332.44,295.85,Daniel Alomia Robles,nominal,2026-09-14,validado
-9.31718,-76.14085,,0.41,0.45,2026-09-13,1910,N,VIIRS,n,2.0NRT,,3.32,D,VIIRS_SNPP_NRT,"https://www.google.com/maps/dir/?api=1&destination=-9.31718,-76.14085",3.99,Vía sin nombre,BAJA / REMOTA,> 1.5 horas (Selva adentro / Bote),S/. 40 - 80+,1.3,☀️ Seco (<2mm): Evidencia intacta para muestreo,335.11,294.41,Mariano Damaso Beraun,nominal,2026-09-14,validado
-9.19578,-76.18723,,0.41,0.45,2026-09-13,1910,N,VIIRS,n,2.0NRT,,4.36,D,VIIRS_SNPP_NRT,"https://www.google.com/maps/dir/?api=1&destination=-9.19578,-76.18723",9.53,HU-557,BAJA / REMOTA,> 1.5 horas (Selva adentro / Bote),S/. 40 - 80+,2.8,"🌦️ Lluvia leve (2-8mm): Carbón visible, ceniza dispersa",333.57,295.09,Rupa-Rupa,nominal,2026-09-14,validado
-9.1756,-76.36854,,0.4,0.44,2026-09-13,1910,N,VIIRS,n,2.0NRT,,5.73,D,VIIRS_SNPP_NRT,"https://www.google.com/maps/dir/?api=1&destination=-9.17560,-76.36854",21.08,HU-557,BAJA / REMOTA,> 1.5 horas (Selva adentro / Bote),S/. 40 - 80+,6.0,"🌦️ Lluvia leve (2-8mm): Carbón visible, ceniza dispersa",340.23,294.32,Jose Crespo Y Castillo,nominal,2026-09-14,validado
-9.17178,-76.34614,,0.4,0.45,2026-09-13,1910,N,VIIRS,n,2.0NRT,,8.11,D,VIIRS_SNPP_NRT,"https://www.google.com/maps/dir/?api=1&destination=-9.17178,-76.34614",18.63,HU-557,BAJA / REMOTA,> 1.5 horas (Selva adentro / Bote),S/. 40 - 80+,6.0,"🌦️ Lluvia leve (2-8mm): Carbón visible, ceniza dispersa",346.33,295.24,Jose Crespo Y Castillo,nominal,2026-09-14,validado
-9.13866,-76.44432,,0.4,0.44,2026-09-13,1910,N,VIIRS,n,2.0NRT,,3.57,D,VIIRS_SNPP_NRT,"https://www.google.com/maps/dir/?api=1&destination=-9.13866,-76.44432",28.29,HU-557,BAJA / REMOTA,> 1.5 horas (Selva adentro / Bote),S/. 40 - 80+,23.4,🌧️ Lluvia fuerte (>8mm): Ceniza probablemente lavada,330.44,294.0,Jose Crespo Y Castillo,nominal,2026-09-14,validado
-9.13464,-76.10381,,0.42,0.45,2026-09-13,1910,N,VIIRS,n,2.0NRT,,3.69,D,VIIRS_SNPP_NRT,"https://www.google.com/maps/dir/?api=1&destination=-9.13464,-76.10381",0.01,HU-558,ALTA,< 20 min (A pie / Mototaxi),S/. 5 - 10,2.4,"🌦️ Lluvia leve (2-8mm): Carbón visible, ceniza dispersa",341.1,297.0,Rupa-Rupa,nominal,2026-09-14,validado
-9.0728,-76.15147,,0.42,0.45,2026-09-13,1910,N,VIIRS,n,2.0NRT,,5.3,D,VIIRS_SNPP_NRT,"https://www.google.com/maps/dir/?api=1&destination=-9.07280,-76.15147",2.77,HU-551,MEDIA,30 - 60 min (Trocha / Caminata),S/. 15 - 30,2.4,"🌦️ Lluvia leve (2-8mm): Carbón visible, ceniza dispersa",329.98,294.48,Pueblo Nuevo,nominal,2026-09-14,validado
-9.03247,-76.16591,,0.42,0.45,2026-09-13,1910,N,VIIRS,n,2.0NRT,,16.13,D,VIIRS_SNPP_NRT,"https://www.google.com/maps/dir/?api=1&destination=-9.03247,-76.16591",2.45,HU-551,MEDIA,30 - 60 min (Trocha / Caminata),S/. 15 - 30,2.5,"🌦️ Lluvia leve (2-8mm): Carbón visible, ceniza dispersa",332.9,298.54,Jose Crespo Y Castillo,nominal,2026-09-14,validado
-9.03178,-76.16191,,0.42,0.45,2026-09-13,1910,N,VIIRS,n,2.0NRT,,16.13,D,VIIRS_SNPP_NRT,"https://www.google.com/maps/dir/?api=1&destination=-9.03178,-76.16191",2.03,HU-551,MEDIA,30 - 60 min (Trocha / Caminata),S/. 15 - 30,0.0,Sin datos meteorológicos,338.06,294.84,Jose Crespo Y Castillo,nominal,2026-09-14,validado
-8.6959,-76.09184,,0.43,0.46,2026-09-13,1910,N,VIIRS,n,2.0NRT,,5.61,D,VIIRS_SNPP_NRT,"https://www.google.com/maps/dir/?api=1&destination=-8.69590,-76.09184",0.82,HU-528,ALTA,< 20 min (A pie / Mototaxi),S/. 5 - 10,0.0,Sin datos meteorológicos,342.2,296.64,Pucayacu,nominal,2026-09-14,validado
-9.302,-75.98373,,0.45,0.47,2026-09-13,652,N20,VIIRS,n,2.0NRT,,1.06,N,VIIRS_NOAA20_NRT,"https://www.google.com/maps/dir/?api=1&destination=-9.30200,-75.98373",1.37,Avenida Los Ángeles,MEDIA,30 - 60 min (Trocha / Caminata),S/. 15 - 30,0.0,Sin datos meteorológicos,303.39,288.79,Rupa-Rupa,nominal,2026-09-14,validado
-9.29775,-75.98275,,0.45,0.47,2026-09-13,652,N20,VIIRS,n,2.0NRT,,1.0,N,VIIRS_NOAA20_NRT,"https://www.google.com/maps/dir/?api=1&destination=-9.29775,-75.98275",0.91,Avenida Los Ángeles,ALTA,< 20 min (A pie / Mototaxi),S/. 5 - 10,0.0,Sin datos meteorológicos,310.13,288.56,Rupa-Rupa,nominal,2026-09-14,validado
-8.90661,-76.18613,,0.43,0.46,2026-09-13,652,N20,VIIRS,n,2.0NRT,,1.05,N,VIIRS_NOAA20_NRT,"https://www.google.com/maps/dir/?api=1&destination=-8.90661,-76.18613",0.36,HU-550,ALTA,< 20 min (A pie / Mototaxi),S/. 5 - 10,0.0,Sin datos meteorológicos,310.11,289.31,Jose Crespo Y Castillo,nominal,2026-09-14,validado
-8.90605,-76.19007,,0.43,0.46,2026-09-13,652,N20,VIIRS,n,2.0NRT,,1.05,N,VIIRS_NOAA20_NRT,"https://www.google.com/maps/dir/?api=1&destination=-8.90605,-76.19007",0.02,HU-550,ALTA,< 20 min (A pie / Mototaxi),S/. 5 - 10,0.0,Sin datos meteorológicos,307.16,289.41,Jose Crespo Y Castillo,nominal,2026-09-14,validado
-9.3329,-75.93729,,0.71,0.75,2026-09-13,1747,N20,VIIRS,n,2.0NRT,,18.5,D,VIIRS_NOAA20_NRT,"https://www.google.com/maps/dir/?api=1&destination=-9.33290,-75.93729",3.22,HU-633,BAJA / REMOTA,> 1.5 horas (Selva adentro / Bote),S/. 40 - 80+,0.0,Sin datos meteorológicos,340.27,284.37,Mariano Damaso Beraun,nominal,2026-09-14,validado
-9.33265,-75.94134,,0.71,0.75,2026-09-13,1747,N20,VIIRS,n,2.0NRT,,10.0,D,VIIRS_NOAA20_NRT,"https://www.google.com/maps/dir/?api=1&destination=-9.33265,-75.94134",3.25,HU-633,BAJA / REMOTA,> 1.5 horas (Selva adentro / Bote),S/. 40 - 80+,0.0,Sin datos meteorológicos,329.04,286.41,Mariano Damaso Beraun,nominal,2026-09-14,validado
-9.33211,-75.93692,,0.71,0.75,2026-09-13,1747,N20,VIIRS,n,2.0NRT,,8.01,D,VIIRS_NOAA20_NRT,"https://www.google.com/maps/dir/?api=1&destination=-9.33211,-75.93692",3.31,HU-633,BAJA / REMOTA,> 1.5 horas (Selva adentro / Bote),S/. 40 - 80+,0.0,Sin datos meteorológicos,330.67,285.25,Mariano Damaso Beraun,nominal,2026-09-14,validado
-9.26239,-76.05681,,0.72,0.75,2026-09-13,1747,N20,VIIRS,n,2.0NRT,,4.17,D,VIIRS_NOAA20_NRT,"https://www.google.com/maps/dir/?api=1&destination=-9.26239,-76.05681",2.15,HU-562,MEDIA,30 - 60 min (Trocha / Caminata),S/. 15 - 30,0.0,Sin datos meteorológicos,327.15,285.93,Rupa-Rupa,nominal,2026-09-14,validado
-9.39226,-76.02979,,0.57,0.69,2026-09-13,1928,N20,VIIRS,n,2.0NRT,,6.14,D,VIIRS_NOAA20_NRT,"https://www.google.com/maps/dir/?api=1&destination=-9.39226,-76.02979",2.11,HU-651,MEDIA,30 - 60 min (Trocha / Caminata),S/. 15 - 30,0.0,Sin datos meteorológicos,331.35,289.47,Mariano Damaso Beraun,nominal,2026-09-14,validado
-9.18005,-76.36592,,0.55,0.68,2026-09-13,1928,N20,VIIRS,n,2.0NRT,,10.3,D,VIIRS_NOAA20_NRT,"https://www.google.com/maps/dir/?api=1&destination=-9.18005,-76.36592",20.99,HU-557,BAJA / REMOTA,> 1.5 horas (Selva adentro / Bote),S/. 40 - 80+,0.0,Sin datos meteorológicos,344.94,290.59,Jose Crespo Y Castillo,nominal,2026-09-14,validado
-9.17715,-76.36391,,0.55,0.68,2026-09-13,1928,N20,VIIRS,n,2.0NRT,,9.18,D,VIIRS_NOAA20_NRT,"https://www.google.com/maps/dir/?api=1&destination=-9.17715,-76.36391",20.66,HU-557,BAJA / REMOTA,> 1.5 horas (Selva adentro / Bote),S/. 40 - 80+,0.0,Sin datos meteorológicos,332.72,288.69,Jose Crespo Y Castillo,nominal,2026-09-14,validado
-8.64183,-76.10403,,0.58,0.7,2026-09-13,1928,N20,VIIRS,n,2.0NRT,,4.41,D,VIIRS_NOAA20_NRT,"https://www.google.com/maps/dir/?api=1&destination=-8.64183,-76.10403",0.29,HU-524,ALTA,< 20 min (A pie / Mototaxi),S/. 5 - 10,0.0,Sin datos meteorológicos,330.77,289.62,Pucayacu,nominal,2026-09-14,validado
-9.2509,-76.06645,308.68,1.03,1.01,2026-09-13,2046,Aqua,MODIS,58,6.1NRT,296.23,4.64,D,MODIS_NRT,"https://www.google.com/maps/dir/?api=1&destination=-9.25090,-76.06645",2.4,HU-562,MEDIA,30 - 60 min (Trocha / Caminata),S/. 15 - 30,0.0,Sin datos meteorológicos,,,Rupa-Rupa,baja,2026-09-14,baja_confianza
-9.33887,-75.85101,,0.49,0.41,2026-09-15,1832,N,VIIRS,n,2.0NRT,,2.97,D,VIIRS_SNPP_NRT,"https://www.google.com/maps/dir/?api=1&destination=-9.33887,-75.85101",0.37,HU-621,ALTA,< 20 min (A pie / Mototaxi),S/. 5 - 10,5.6,"🌦️ Lluvia leve (2-8mm): Carbón visible, ceniza dispersa",328.45,294.52,Mariano Damaso Beraun,nominal,2026-09-16,validado
-9.29477,-75.99792,,0.5,0.41,2026-09-15,1832,N,VIIRS,n,2.0NRT,,8.34,D,VIIRS_SNPP_NRT,"https://www.google.com/maps/dir/?api=1&destination=-9.29477,-75.99792",0.1,Avenida Ucayali,ALTA,< 20 min (A pie / Mototaxi),S/. 5 - 10,1.9,☀️ Seco (<2mm): Evidencia intacta para muestreo,329.64,298.35,Rupa-Rupa,nominal,2026-09-16,validado
-9.44147,-75.96349,,0.44,0.38,2026-09-15,1849,N20,VIIRS,n,2.0NRT,,10.0,D,VIIRS_NOAA20_NRT,"https://www.google.com/maps/dir/?api=1&destination=-9.44147,-75.96349",0.37,PE-18A (Carretera Central),ALTA,< 20 min (A pie / Mototaxi),S/. 5 - 10,0.8,☀️ Seco (<2mm): Evidencia intacta para muestreo,335.01,296.67,Mariano Damaso Beraun,nominal,2026-09-16,validado
-9.38881,-75.8159,,0.44,0.39,2026-09-15,1849,N20,VIIRS,n,2.0NRT,,5.66,D,VIIRS_NOAA20_NRT,"https://www.google.com/maps/dir/?api=1&destination=-9.38881,-75.81590",0.44,HU-621,ALTA,< 20 min (A pie / Mototaxi),S/. 5 - 10,5.6,"🌦️ Lluvia leve (2-8mm): Carbón visible, ceniza dispersa",333.11,298.85,Daniel Alomia Robles,nominal,2026-09-16,validado
-9.38818,-75.81197,,0.44,0.39,2026-09-15,1849,N20,VIIRS,n,2.0NRT,,5.66,D,VIIRS_NOAA20_NRT,"https://www.google.com/maps/dir/?api=1&destination=-9.38818,-75.81197",0.84,HU-621,ALTA,< 20 min (A pie / Mototaxi),S/. 5 - 10,5.6,"🌦️ Lluvia leve (2-8mm): Carbón visible, ceniza dispersa",332.73,294.54,Daniel Alomia Robles,nominal,2026-09-16,validado
-9.34027,-75.85234,,0.44,0.39,2026-09-15,1849,N20,VIIRS,n,2.0NRT,,8.29,D,VIIRS_NOAA20_NRT,"https://www.google.com/maps/dir/?api=1&destination=-9.34027,-75.85234",0.54,HU-621,ALTA,< 20 min (A pie / Mototaxi),S/. 5 - 10,2.8,"🌦️ Lluvia leve (2-8mm): Carbón visible, ceniza dispersa",336.15,292.77,Mariano Damaso Beraun,nominal,2026-09-16,validado
-9.31113,-75.87384,,0.44,0.39,2026-09-15,1849,N20,VIIRS,n,2.0NRT,,14.65,D,VIIRS_NOAA20_NRT,"https://www.google.com/maps/dir/?api=1&destination=-9.31113,-75.87384",1.05,HU-621,MEDIA,30 - 60 min (Trocha / Caminata),S/. 15 - 30,5.6,"🌦️ Lluvia leve (2-8mm): Carbón visible, ceniza dispersa",334.05,297.82,Luyando,nominal,2026-09-16,validado
-9.29979,-76.04955,,0.43,0.38,2026-09-15,1849,N20,VIIRS,n,2.0NRT,,6.21,D,VIIRS_NOAA20_NRT,"https://www.google.com/maps/dir/?api=1&destination=-9.29979,-76.04955",0.45,PE-14A,ALTA,< 20 min (A pie / Mototaxi),S/. 5 - 10,1.9,☀️ Seco (<2mm): Evidencia intacta para muestreo,334.28,297.89,Mariano Damaso Beraun,nominal,2026-09-16,validado
-9.29919,-76.00196,,0.5,0.41,2026-09-15,1832,N,VIIRS,l,2.0NRT,,6.79,D,VIIRS_SNPP_NRT,"https://www.google.com/maps/dir/?api=1&destination=-9.29919,-76.00196",0.01,PE-18A (Avenida Tito Jaime),ALTA,< 20 min (A pie / Mototaxi),S/. 5 - 10,1.9,☀️ Seco (<2mm): Evidencia intacta para muestreo,326.04,296.4,Rupa-Rupa,baja,2026-09-16,baja_confianza
-9.47299,-76.10712,,0.42,0.38,2026-09-19,1856,N,VIIRS,n,2.0NRT,,5.7,D,VIIRS_SNPP_NRT,"https://www.google.com/maps/dir/?api=1&destination=-9.47299,-76.10712",12.37,HU-650,BAJA / REMOTA,> 1.5 horas (Selva adentro / Bote),S/. 40 - 80+,1.3,☀️ Seco (<2mm): Evidencia intacta para muestreo,333.95,299.6,Mariano Damaso Beraun,nominal,2026-09-20,validado
-9.40766,-75.93008,,0.43,0.38,2026-09-19,1856,N,VIIRS,n,2.0NRT,,3.75,D,VIIRS_SNPP_NRT,"https://www.google.com/maps/dir/?api=1&destination=-9.40766,-75.93008",0.37,HU-638,ALTA,< 20 min (A pie / Mototaxi),S/. 5 - 10,1.5,☀️ Seco (<2mm): Evidencia intacta para muestreo,333.09,298.31,Mariano Damaso Beraun,nominal,2026-09-20,validado
-9.37112,-75.81403,,0.44,0.38,2026-09-19,1856,N,VIIRS,n,2.0NRT,,5.86,D,VIIRS_SNPP_NRT,"https://www.google.com/maps/dir/?api=1&destination=-9.37112,-75.81403",1.15,HU-621,MEDIA,30 - 60 min (Trocha / Caminata),S/. 15 - 30,0.8,☀️ Seco (<2mm): Evidencia intacta para muestreo,333.71,299.83,Daniel Alomia Robles,nominal,2026-09-20,validado
-9.36912,-75.93617,,0.43,0.38,2026-09-19,1856,N,VIIRS,n,2.0NRT,,4.66,D,VIIRS_SNPP_NRT,"https://www.google.com/maps/dir/?api=1&destination=-9.36912,-75.93617",0.57,HU-632,ALTA,< 20 min (A pie / Mototaxi),S/. 5 - 10,1.5,☀️ Seco (<2mm): Evidencia intacta para muestreo,343.43,298.44,Mariano Damaso Beraun,nominal,2026-09-20,validado
-9.34459,-75.85105,,0.43,0.38,2026-09-19,1856,N,VIIRS,n,2.0NRT,,2.69,D,VIIRS_SNPP_NRT,"https://www.google.com/maps/dir/?api=1&destination=-9.34459,-75.85105",0.48,HU-621,ALTA,< 20 min (A pie / Mototaxi),S/. 5 - 10,0.8,☀️ Seco (<2mm): Evidencia intacta para muestreo,332.81,299.51,Mariano Damaso Beraun,nominal,2026-09-20,validado
-9.34348,-76.11555,,0.42,0.38,2026-09-19,1856,N,VIIRS,n,2.0NRT,,2.73,D,VIIRS_SNPP_NRT,"https://www.google.com/maps/dir/?api=1&destination=-9.34348,-76.11555",0.02,Vía sin nombre,ALTA,< 20 min (A pie / Mototaxi),S/. 5 - 10,0.0,☀️ Seco (<2mm): Evidencia intacta para muestreo,333.06,299.84,Mariano Damaso Beraun,nominal,2026-09-20,validado
-9.30536,-75.89751,,0.43,0.38,2026-09-19,1856,N,VIIRS,n,2.0NRT,,3.33,D,VIIRS_SNPP_NRT,"https://www.google.com/maps/dir/?api=1&destination=-9.30536,-75.89751",2.64,HU-619,MEDIA,30 - 60 min (Trocha / Caminata),S/. 15 - 30,0.8,☀️ Seco (<2mm): Evidencia intacta para muestreo,332.7,300.02,Mariano Damaso Beraun,nominal,2026-09-20,validado
-9.27179,-75.89034,,0.43,0.38,2026-09-19,1856,N,VIIRS,n,2.0NRT,,2.59,D,VIIRS_SNPP_NRT,"https://www.google.com/maps/dir/?api=1&destination=-9.27179,-75.89034",1.03,HU-619,MEDIA,30 - 60 min (Trocha / Caminata),S/. 15 - 30,0.8,☀️ Seco (<2mm): Evidencia intacta para muestreo,333.46,299.98,Luyando,nominal,2026-09-20,validado
-9.21532,-75.87566,,0.43,0.38,2026-09-19,1856,N,VIIRS,n,2.0NRT,,2.42,D,VIIRS_SNPP_NRT,"https://www.google.com/maps/dir/?api=1&destination=-9.21532,-75.87566",2.2,PE-5N (Carretera Federico Basadre),MEDIA,30 - 60 min (Trocha / Caminata),S/. 15 - 30,0.8,☀️ Seco (<2mm): Evidencia intacta para muestreo,332.46,299.61,Hermilio Valdizan,nominal,2026-09-20,validado
-9.18851,-75.84438,,0.44,0.38,2026-09-19,1856,N,VIIRS,n,2.0NRT,,4.65,D,VIIRS_SNPP_NRT,"https://www.google.com/maps/dir/?api=1&destination=-9.18851,-75.84438",2.0,PE-5N (Carretera Federico Basadre),MEDIA,30 - 60 min (Trocha / Caminata),S/. 15 - 30,0.4,☀️ Seco (<2mm): Evidencia intacta para muestreo,338.24,298.49,Hermilio Valdizan,nominal,2026-09-20,validado
-9.15556,-75.90914,,0.43,0.38,2026-09-19,1856,N,VIIRS,n,2.0NRT,,14.66,D,VIIRS_SNPP_NRT,"https://www.google.com/maps/dir/?api=1&destination=-9.15556,-75.90914",3.93,PE-5N (Carretera Federico Basadre),BAJA / REMOTA,> 1.5 horas (Selva adentro / Bote),S/. 40 - 80+,3.7,"🌦️ Lluvia leve (2-8mm): Carbón visible, ceniza dispersa",338.73,300.96,Hermilio Valdizan,nominal,2026-09-20,validado
-9.14314,-76.05519,,0.43,0.38,2026-09-19,1856,N,VIIRS,n,2.0NRT,,1.78,D,VIIRS_SNPP_NRT,"https://www.google.com/maps/dir/?api=1&destination=-9.14314,-76.05519",0.64,HU-559,ALTA,< 20 min (A pie / Mototaxi),S/. 5 - 10,2.3,"🌦️ Lluvia leve (2-8mm): Carbón visible, ceniza dispersa",331.8,297.7,Castillo Grande,nominal,2026-09-20,validado
-9.05437,-76.19682,,0.42,0.38,2026-09-19,1856,N,VIIRS,n,2.0NRT,,41.54,D,VIIRS_SNPP_NRT,"https://www.google.com/maps/dir/?api=1&destination=-9.05437,-76.19682",5.04,HU-557,BAJA / REMOTA,> 1.5 horas (Selva adentro / Bote),S/. 40 - 80+,0.0,Sin datos meteorológicos,333.29,300.18,Jose Crespo Y Castillo,nominal,2026-09-20,validado
-9.05148,-76.20105,,0.42,0.38,2026-09-19,1856,N,VIIRS,n,2.0NRT,,3.04,D,VIIRS_SNPP_NRT,"https://www.google.com/maps/dir/?api=1&destination=-9.05148,-76.20105",5.54,HU-557,BAJA / REMOTA,> 1.5 horas (Selva adentro / Bote),S/. 40 - 80+,0.0,Sin datos meteorológicos,335.58,298.83,Jose Crespo Y Castillo,nominal,2026-09-20,validado
-9.04801,-76.20161,,0.42,0.38,2026-09-19,1856,N,VIIRS,n,2.0NRT,,3.04,D,VIIRS_SNPP_NRT,"https://www.google.com/maps/dir/?api=1&destination=-9.04801,-76.20161",5.8,HU-551,BAJA / REMOTA,> 1.5 horas (Selva adentro / Bote),S/. 40 - 80+,0.0,Sin datos meteorológicos,332.77,298.73,Jose Crespo Y Castillo,nominal,2026-09-20,validado
-8.96929,-76.00745,,0.43,0.38,2026-09-19,1856,N,VIIRS,n,2.0NRT,,8.29,D,VIIRS_SNPP_NRT,"https://www.google.com/maps/dir/?api=1&destination=-8.96929,-76.00745",8.01,PE-5N (Carretera Presidente Fernando Belaúnde Terry),BAJA / REMOTA,> 1.5 horas (Selva adentro / Bote),S/. 40 - 80+,0.0,Sin datos meteorológicos,346.45,299.4,Santo Domingo De Anda,nominal,2026-09-20,validado
-8.96479,-75.95671,,0.43,0.38,2026-09-19,1856,N,VIIRS,n,2.0NRT,,5.85,D,VIIRS_SNPP_NRT,"https://www.google.com/maps/dir/?api=1&destination=-8.96479,-75.95671",13.34,PE-5N (Carretera Presidente Fernando Belaúnde Terry),BAJA / REMOTA,> 1.5 horas (Selva adentro / Bote),S/. 40 - 80+,0.0,Sin datos meteorológicos,333.11,298.33,Santo Domingo De Anda,nominal,2026-09-20,validado
-8.9642,-75.95303,,0.43,0.38,2026-09-19,1856,N,VIIRS,n,2.0NRT,,6.51,D,VIIRS_SNPP_NRT,"https://www.google.com/maps/dir/?api=1&destination=-8.96420,-75.95303",13.74,PE-5N (Carretera Presidente Fernando Belaúnde Terry),BAJA / REMOTA,> 1.5 horas (Selva adentro / Bote),S/. 40 - 80+,0.0,Sin datos meteorológicos,333.94,293.55,Santo Domingo De Anda,nominal,2026-09-20,validado
-8.95777,-75.95789,,0.43,0.38,2026-09-19,1856,N,VIIRS,n,2.0NRT,,6.0,D,VIIRS_SNPP_NRT,"https://www.google.com/maps/dir/?api=1&destination=-8.95777,-75.95789",13.49,PE-5N (Carretera Presidente Fernando Belaúnde Terry),BAJA / REMOTA,> 1.5 horas (Selva adentro / Bote),S/. 40 - 80+,0.0,Sin datos meteorológicos,333.44,298.12,Santo Domingo De Anda,nominal,2026-09-20,validado
-8.85717,-76.0495,,0.43,0.38,2026-09-19,1856,N,VIIRS,n,2.0NRT,,6.27,D,VIIRS_SNPP_NRT,"https://www.google.com/maps/dir/?api=1&destination=-8.85717,-76.04950",5.91,Vía sin nombre,BAJA / REMOTA,> 1.5 horas (Selva adentro / Bote),S/. 40 - 80+,0.0,Sin datos meteorológicos,332.19,297.13,Jose Crespo Y Castillo,nominal,2026-09-20,validado
-9.43402,-75.94865,,0.35,0.57,2026-09-19,1917,N20,VIIRS,n,2.0NRT,,2.15,D,VIIRS_NOAA20_NRT,"https://www.google.com/maps/dir/?api=1&destination=-9.43402,-75.94865",1.96,PE-18A (Carretera Central),MEDIA,30 - 60 min (Trocha / Caminata),S/. 15 - 30,0.0,Sin datos meteorológicos,338.79,294.18,Mariano Damaso Beraun,nominal,2026-09-20,validado
-9.41912,-76.01829,,0.35,0.57,2026-09-19,1917,N20,VIIRS,n,2.0NRT,,2.61,D,VIIRS_NOAA20_NRT,"https://www.google.com/maps/dir/?api=1&destination=-9.41912,-76.01829",5.18,PE-18A (Carretera Central),BAJA / REMOTA,> 1.5 horas (Selva adentro / Bote),S/. 40 - 80+,0.0,Sin datos meteorológicos,331.19,294.12,Mariano Damaso Beraun,nominal,2026-09-20,validado
-9.40833,-75.92796,,0.36,0.57,2026-09-19,1917,N20,VIIRS,n,2.0NRT,,1.98,D,VIIRS_NOAA20_NRT,"https://www.google.com/maps/dir/?api=1&destination=-9.40833,-75.92796",0.41,HU-638,ALTA,< 20 min (A pie / Mototaxi),S/. 5 - 10,0.0,Sin datos meteorológicos,331.95,294.18,Mariano Damaso Beraun,nominal,2026-09-20,validado
-9.39847,-76.02273,,0.35,0.57,2026-09-19,1917,N20,VIIRS,n,2.0NRT,,3.22,D,VIIRS_NOAA20_NRT,"https://www.google.com/maps/dir/?api=1&destination=-9.39847,-76.02273",3.11,HU-651,BAJA / REMOTA,> 1.5 horas (Selva adentro / Bote),S/. 40 - 80+,1.3,☀️ Seco (<2mm): Evidencia intacta para muestreo,334.13,293.93,Mariano Damaso Beraun,nominal,2026-09-20,validado
-9.38995,-75.79497,,0.36,0.58,2026-09-19,1917,N20,VIIRS,n,2.0NRT,,3.66,D,VIIRS_NOAA20_NRT,"https://www.google.com/maps/dir/?api=1&destination=-9.38995,-75.79497",2.49,HU-621,MEDIA,30 - 60 min (Trocha / Caminata),S/. 15 - 30,0.8,☀️ Seco (<2mm): Evidencia intacta para muestreo,333.81,292.16,Daniel Alomia Robles,nominal,2026-09-20,validado
-9.38934,-75.79592,,0.36,0.58,2026-09-19,1917,N20,VIIRS,n,2.0NRT,,3.85,D,VIIRS_NOAA20_NRT,"https://www.google.com/maps/dir/?api=1&destination=-9.38934,-75.79592",2.4,HU-621,MEDIA,30 - 60 min (Trocha / Caminata),S/. 15 - 30,0.8,☀️ Seco (<2mm): Evidencia intacta para muestreo,344.86,293.05,Daniel Alomia Robles,nominal,2026-09-20,validado
-9.3711,-75.81126,,0.36,0.58,2026-09-19,1917,N20,VIIRS,n,2.0NRT,,4.3,D,VIIRS_NOAA20_NRT,"https://www.google.com/maps/dir/?api=1&destination=-9.37110,-75.81126",1.43,HU-621,MEDIA,30 - 60 min (Trocha / Caminata),S/. 15 - 30,0.8,☀️ Seco (<2mm): Evidencia intacta para muestreo,342.8,294.6,Daniel Alomia Robles,nominal,2026-09-20,validado
-9.30524,-75.89427,,0.36,0.57,2026-09-19,1917,N20,VIIRS,n,2.0NRT,,1.37,D,VIIRS_NOAA20_NRT,"https://www.google.com/maps/dir/?api=1&destination=-9.30524,-75.89427",2.57,HU-619,MEDIA,30 - 60 min (Trocha / Caminata),S/. 15 - 30,0.7,☀️ Seco (<2mm): Evidencia intacta para muestreo,329.1,295.21,Mariano Damaso Beraun,nominal,2026-09-20,validado
-9.27218,-75.89125,,0.36,0.57,2026-09-19,1917,N20,VIIRS,n,2.0NRT,,3.23,D,VIIRS_NOAA20_NRT,"https://www.google.com/maps/dir/?api=1&destination=-9.27218,-75.89125",0.94,HU-619,ALTA,< 20 min (A pie / Mototaxi),S/. 5 - 10,0.8,☀️ Seco (<2mm): Evidencia intacta para muestreo,341.65,295.53,Luyando,nominal,2026-09-20,validado
-9.21293,-75.98149,,0.36,0.57,2026-09-19,1917,N20,VIIRS,n,2.0NRT,,2.89,D,VIIRS_NOAA20_NRT,"https://www.google.com/maps/dir/?api=1&destination=-9.21293,-75.98149",0.63,PE-18A (Carretera Interoceánica Centro),ALTA,< 20 min (A pie / Mototaxi),S/. 5 - 10,3.7,"🌦️ Lluvia leve (2-8mm): Carbón visible, ceniza dispersa",330.42,295.1,Luyando,nominal,2026-09-20,validado
-9.21233,-75.97953,,0.36,0.57,2026-09-19,1917,N20,VIIRS,n,2.0NRT,,3.69,D,VIIRS_NOAA20_NRT,"https://www.google.com/maps/dir/?api=1&destination=-9.21233,-75.97953",0.85,PE-18A (Carretera Interoceánica Centro),ALTA,< 20 min (A pie / Mototaxi),S/. 5 - 10,3.7,"🌦️ Lluvia leve (2-8mm): Carbón visible, ceniza dispersa",331.74,294.97,Luyando,nominal,2026-09-20,validado
-9.05785,-76.19761,,0.35,0.56,2026-09-19,1917,N20,VIIRS,h,2.0NRT,,10.84,D,VIIRS_NOAA20_NRT,"https://www.google.com/maps/dir/?api=1&destination=-9.05785,-76.19761",4.74,HU-557,BAJA / REMOTA,> 1.5 horas (Selva adentro / Bote),S/. 40 - 80+,0.2,☀️ Seco (<2mm): Evidencia intacta para muestreo,367.0,295.91,Jose Crespo Y Castillo,alta,2026-09-20,validado
-8.96922,-76.00909,,0.36,0.57,2026-09-19,1917,N20,VIIRS,n,2.0NRT,,3.38,D,VIIRS_NOAA20_NRT,"https://www.google.com/maps/dir/?api=1&destination=-8.96922,-76.00909",7.86,PE-5N (Carretera Presidente Fernando Belaúnde Terry),BAJA / REMOTA,> 1.5 horas (Selva adentro / Bote),S/. 40 - 80+,5.4,"🌦️ Lluvia leve (2-8mm): Carbón visible, ceniza dispersa",331.27,294.66,Santo Domingo De Anda,nominal,2026-09-20,validado
-8.96474,-75.95388,,0.36,0.57,2026-09-19,1917,N20,VIIRS,n,2.0NRT,,5.94,D,VIIRS_NOAA20_NRT,"https://www.google.com/maps/dir/?api=1&destination=-8.96474,-75.95388",13.63,PE-5N (Carretera Presidente Fernando Belaúnde Terry),BAJA / REMOTA,> 1.5 horas (Selva adentro / Bote),S/. 40 - 80+,5.4,"🌦️ Lluvia leve (2-8mm): Carbón visible, ceniza dispersa",337.59,293.81,Santo Domingo De Anda,nominal,2026-09-20,validado
-9.37392,-75.84512,,0.42,0.38,2026-09-20,1838,N,VIIRS,n,2.0NRT,,5.7,D,VIIRS_SNPP_NRT,"https://www.google.com/maps/dir/?api=1&destination=-9.37392,-75.84512",1.81,HU-621,MEDIA,30 - 60 min (Trocha / Caminata),S/. 15 - 30,1.4,☀️ Seco (<2mm): Evidencia intacta para muestreo,342.73,296.59,Mariano Damaso Beraun,nominal,2026-09-21,validado
-9.34719,-76.12428,,0.43,0.38,2026-09-20,1838,N,VIIRS,n,2.0NRT,,7.68,D,VIIRS_SNPP_NRT,"https://www.google.com/maps/dir/?api=1&destination=-9.34719,-76.12428",0.25,Vía sin nombre,ALTA,< 20 min (A pie / Mototaxi),S/. 5 - 10,0.5,☀️ Seco (<2mm): Evidencia intacta para muestreo,338.88,296.26,Mariano Damaso Beraun,nominal,2026-09-21,validado
-9.32887,-76.04734,,0.43,0.38,2026-09-20,1838,N,VIIRS,n,2.0NRT,,16.38,D,VIIRS_SNPP_NRT,"https://www.google.com/maps/dir/?api=1&destination=-9.32887,-76.04734",0.56,HU-650,ALTA,< 20 min (A pie / Mototaxi),S/. 5 - 10,2.1,"🌦️ Lluvia leve (2-8mm): Carbón visible, ceniza dispersa",344.61,299.04,Mariano Damaso Beraun,nominal,2026-09-21,validado
-9.30826,-75.85676,,0.42,0.38,2026-09-20,1838,N,VIIRS,n,2.0NRT,,2.75,D,VIIRS_SNPP_NRT,"https://www.google.com/maps/dir/?api=1&destination=-9.30826,-75.85676",0.67,HU-621,ALTA,< 20 min (A pie / Mototaxi),S/. 5 - 10,2.5,"🌦️ Lluvia leve (2-8mm): Carbón visible, ceniza dispersa",332.98,294.94,Daniel Alomia Robles,nominal,2026-09-21,validado
-9.30479,-75.85726,,0.42,0.38,2026-09-20,1838,N,VIIRS,n,2.0NRT,,3.15,D,VIIRS_SNPP_NRT,"https://www.google.com/maps/dir/?api=1&destination=-9.30479,-75.85726",0.77,HU-621,ALTA,< 20 min (A pie / Mototaxi),S/. 5 - 10,2.1,"🌦️ Lluvia leve (2-8mm): Carbón visible, ceniza dispersa",333.29,295.68,Daniel Alomia Robles,nominal,2026-09-21,validado
-9.18619,-76.15559,,0.43,0.38,2026-09-20,1838,N,VIIRS,n,2.0NRT,,6.79,D,VIIRS_SNPP_NRT,"https://www.google.com/maps/dir/?api=1&destination=-9.18619,-76.15559",7.04,HU-558,BAJA / REMOTA,> 1.5 horas (Selva adentro / Bote),S/. 40 - 80+,0.3,☀️ Seco (<2mm): Evidencia intacta para muestreo,329.46,297.52,Rupa-Rupa,nominal,2026-09-21,validado
-9.18561,-76.15166,,0.43,0.38,2026-09-20,1838,N,VIIRS,n,2.0NRT,,6.79,D,VIIRS_SNPP_NRT,"https://www.google.com/maps/dir/?api=1&destination=-9.18561,-76.15166",6.65,HU-558,BAJA / REMOTA,> 1.5 horas (Selva adentro / Bote),S/. 40 - 80+,0.7,☀️ Seco (<2mm): Evidencia intacta para muestreo,349.74,301.1,Rupa-Rupa,nominal,2026-09-21,validado
-9.18267,-76.15601,,0.43,0.38,2026-09-20,1838,N,VIIRS,n,2.0NRT,,4.37,D,VIIRS_SNPP_NRT,"https://www.google.com/maps/dir/?api=1&destination=-9.18267,-76.15601",6.87,HU-558,BAJA / REMOTA,> 1.5 horas (Selva adentro / Bote),S/. 40 - 80+,0.4,☀️ Seco (<2mm): Evidencia intacta para muestreo,332.08,297.3,Rupa-Rupa,nominal,2026-09-21,validado
-9.08335,-76.11902,,0.43,0.38,2026-09-20,1838,N,VIIRS,n,2.0NRT,,3.2,D,VIIRS_SNPP_NRT,"https://www.google.com/maps/dir/?api=1&destination=-9.08335,-76.11902",1.31,HU-551,MEDIA,30 - 60 min (Trocha / Caminata),S/. 15 - 30,0.3,☀️ Seco (<2mm): Evidencia intacta para muestreo,334.32,298.35,Pueblo Nuevo,nominal,2026-09-21,validado
-9.06896,-75.99794,,0.42,0.38,2026-09-20,1838,N,VIIRS,n,2.0NRT,,4.18,D,VIIRS_SNPP_NRT,"https://www.google.com/maps/dir/?api=1&destination=-9.06896,-75.99794",7.18,PE-5N (Carretera Presidente Fernando Belaúnde Terry),BAJA / REMOTA,> 1.5 horas (Selva adentro / Bote),S/. 40 - 80+,0.3,☀️ Seco (<2mm): Evidencia intacta para muestreo,331.92,297.89,Santo Domingo De Anda,nominal,2026-09-21,validado
-9.06408,-76.1339,,0.43,0.38,2026-09-20,1838,N,VIIRS,n,2.0NRT,,10.5,D,VIIRS_SNPP_NRT,"https://www.google.com/maps/dir/?api=1&destination=-9.06408,-76.13390",0.61,HU-551,ALTA,< 20 min (A pie / Mototaxi),S/. 5 - 10,0.2,☀️ Seco (<2mm): Evidencia intacta para muestreo,338.58,302.92,Pueblo Nuevo,nominal,2026-09-21,validado
-9.05151,-76.02435,,0.43,0.38,2026-09-20,1838,N,VIIRS,n,2.0NRT,,8.89,D,VIIRS_SNPP_NRT,"https://www.google.com/maps/dir/?api=1&destination=-9.05151,-76.02435",4.92,PE-5N (Carretera Presidente Fernando Belaúnde Terry),BAJA / REMOTA,> 1.5 horas (Selva adentro / Bote),S/. 40 - 80+,0.3,☀️ Seco (<2mm): Evidencia intacta para muestreo,336.14,298.17,Santo Domingo De Anda,nominal,2026-09-21,validado
-9.02632,-76.09584,,0.43,0.38,2026-09-20,1838,N,VIIRS,n,2.0NRT,,9.67,D,VIIRS_SNPP_NRT,"https://www.google.com/maps/dir/?api=1&destination=-9.02632,-76.09584",1.8,Vía sin nombre,MEDIA,30 - 60 min (Trocha / Caminata),S/. 15 - 30,0.2,☀️ Seco (<2mm): Evidencia intacta para muestreo,338.23,301.17,Jose Crespo Y Castillo,nominal,2026-09-21,validado
-9.00747,-76.13828,,0.43,0.38,2026-09-20,1838,N,VIIRS,n,2.0NRT,,5.64,D,VIIRS_SNPP_NRT,"https://www.google.com/maps/dir/?api=1&destination=-9.00747,-76.13828",1.18,HU-551,MEDIA,30 - 60 min (Trocha / Caminata),S/. 15 - 30,0.2,☀️ Seco (<2mm): Evidencia intacta para muestreo,341.44,300.24,Jose Crespo Y Castillo,nominal,2026-09-21,validado
-8.99722,-76.09222,,0.43,0.38,2026-09-20,1838,N,VIIRS,n,2.0NRT,,8.34,D,VIIRS_SNPP_NRT,"https://www.google.com/maps/dir/?api=1&destination=-8.99722,-76.09222",0.19,Vía sin nombre,ALTA,< 20 min (A pie / Mototaxi),S/. 5 - 10,0.2,☀️ Seco (<2mm): Evidencia intacta para muestreo,346.24,297.86,Jose Crespo Y Castillo,nominal,2026-09-21,validado
-8.97597,-76.21833,,0.43,0.38,2026-09-20,1838,N,VIIRS,n,2.0NRT,,13.0,D,VIIRS_SNPP_NRT,"https://www.google.com/maps/dir/?api=1&destination=-8.97597,-76.21833",3.78,HU-551,BAJA / REMOTA,> 1.5 horas (Selva adentro / Bote),S/. 40 - 80+,0.0,Sin datos meteorológicos,337.9,300.07,Jose Crespo Y Castillo,nominal,2026-09-21,validado
-8.97246,-76.21888,,0.43,0.38,2026-09-20,1838,N,VIIRS,n,2.0NRT,,13.0,D,VIIRS_SNPP_NRT,"https://www.google.com/maps/dir/?api=1&destination=-8.97246,-76.21888",3.77,HU-551,BAJA / REMOTA,> 1.5 horas (Selva adentro / Bote),S/. 40 - 80+,0.0,Sin datos meteorológicos,347.25,297.08,Jose Crespo Y Castillo,nominal,2026-09-21,validado
-8.96224,-75.98109,,0.42,0.38,2026-09-20,1838,N,VIIRS,n,2.0NRT,,14.62,D,VIIRS_SNPP_NRT,"https://www.google.com/maps/dir/?api=1&destination=-8.96224,-75.98109",10.95,PE-5N (Carretera Presidente Fernando Belaúnde Terry),BAJA / REMOTA,> 1.5 horas (Selva adentro / Bote),S/. 40 - 80+,0.0,Sin datos meteorológicos,346.4,296.67,Santo Domingo De Anda,nominal,2026-09-21,validado
-8.85106,-76.08105,,0.43,0.38,2026-09-20,1838,N,VIIRS,n,2.0NRT,,4.07,D,VIIRS_SNPP_NRT,"https://www.google.com/maps/dir/?api=1&destination=-8.85106,-76.08105",2.78,PE-5N (Carretera Presidente Fernando Belaúnde Terry),MEDIA,30 - 60 min (Trocha / Caminata),S/. 15 - 30,0.0,Sin datos meteorológicos,335.69,297.07,Jose Crespo Y Castillo,nominal,2026-09-21,validado
-8.84587,-76.11833,,0.43,0.38,2026-09-20,1838,N,VIIRS,n,2.0NRT,,4.81,D,VIIRS_SNPP_NRT,"https://www.google.com/maps/dir/?api=1&destination=-8.84587,-76.11833",0.76,PE-5N (Carretera Presidente Fernando Belaúnde Terry),ALTA,< 20 min (A pie / Mototaxi),S/. 5 - 10,0.0,Sin datos meteorológicos,331.97,299.12,Jose Crespo Y Castillo,nominal,2026-09-21,validado
-9.45782,-76.08685,,0.51,0.41,2026-09-20,1858,N20,VIIRS,n,2.0NRT,,6.03,D,VIIRS_NOAA20_NRT,"https://www.google.com/maps/dir/?api=1&destination=-9.45782,-76.08685",10.03,HU-650,BAJA / REMOTA,> 1.5 horas (Selva adentro / Bote),S/. 40 - 80+,0.0,Sin datos meteorológicos,336.0,296.26,Mariano Damaso Beraun,nominal,2026-09-21,validado
-9.45091,-75.78179,,0.54,0.42,2026-09-20,1858,N20,VIIRS,n,2.0NRT,,10.97,D,VIIRS_NOAA20_NRT,"https://www.google.com/maps/dir/?api=1&destination=-9.45091,-75.78179",7.41,HU-621,BAJA / REMOTA,> 1.5 horas (Selva adentro / Bote),S/. 40 - 80+,0.0,Sin datos meteorológicos,332.86,297.56,Daniel Alomia Robles,nominal,2026-09-21,validado
-9.44899,-75.78345,,0.53,0.42,2026-09-20,1858,N20,VIIRS,n,2.0NRT,,7.15,D,VIIRS_NOAA20_NRT,"https://www.google.com/maps/dir/?api=1&destination=-9.44899,-75.78345",7.14,HU-621,BAJA / REMOTA,> 1.5 horas (Selva adentro / Bote),S/. 40 - 80+,0.0,Sin datos meteorológicos,330.5,298.14,Daniel Alomia Robles,nominal,2026-09-21,validado
-9.37627,-75.94246,,0.53,0.42,2026-09-20,1858,N20,VIIRS,n,2.0NRT,,6.45,D,VIIRS_NOAA20_NRT,"https://www.google.com/maps/dir/?api=1&destination=-9.37627,-75.94246",0.54,HU-632,ALTA,< 20 min (A pie / Mototaxi),S/. 5 - 10,0.0,Sin datos meteorológicos,332.72,298.53,Mariano Damaso Beraun,nominal,2026-09-21,validado
-9.37554,-75.94467,,0.52,0.42,2026-09-20,1858,N20,VIIRS,n,2.0NRT,,8.51,D,VIIRS_NOAA20_NRT,"https://www.google.com/maps/dir/?api=1&destination=-9.37554,-75.94467",0.68,HU-632,ALTA,< 20 min (A pie / Mototaxi),S/. 5 - 10,0.0,Sin datos meteorológicos,336.34,298.02,Mariano Damaso Beraun,nominal,2026-09-21,validado
-9.35609,-75.84233,,0.53,0.42,2026-09-20,1858,N20,VIIRS,n,2.0NRT,,4.5,D,VIIRS_NOAA20_NRT,"https://www.google.com/maps/dir/?api=1&destination=-9.35609,-75.84233",0.56,HU-621,ALTA,< 20 min (A pie / Mototaxi),S/. 5 - 10,0.0,Sin datos meteorológicos,336.02,299.24,Mariano Damaso Beraun,nominal,2026-09-21,validado
-9.35477,-75.8452,,0.53,0.42,2026-09-20,1858,N20,VIIRS,n,2.0NRT,,3.64,D,VIIRS_NOAA20_NRT,"https://www.google.com/maps/dir/?api=1&destination=-9.35477,-75.84520",0.72,HU-621,ALTA,< 20 min (A pie / Mototaxi),S/. 5 - 10,0.0,Sin datos meteorológicos,335.76,298.47,Mariano Damaso Beraun,nominal,2026-09-21,validado
-9.31436,-75.97134,,0.52,0.42,2026-09-20,1858,N20,VIIRS,n,2.0NRT,,4.37,D,VIIRS_NOAA20_NRT,"https://www.google.com/maps/dir/?api=1&destination=-9.31436,-75.97134",2.33,Avenida Los Ángeles,MEDIA,30 - 60 min (Trocha / Caminata),S/. 15 - 30,0.0,Sin datos meteorológicos,332.87,298.12,Rupa-Rupa,nominal,2026-09-21,validado
-9.29823,-75.77905,,0.54,0.42,2026-09-20,1858,N20,VIIRS,n,2.0NRT,,6.95,D,VIIRS_NOAA20_NRT,"https://www.google.com/maps/dir/?api=1&destination=-9.29823,-75.77905",8.66,HU-621,BAJA / REMOTA,> 1.5 horas (Selva adentro / Bote),S/. 40 - 80+,2.5,"🌦️ Lluvia leve (2-8mm): Carbón visible, ceniza dispersa",335.06,296.76,Hermilio Valdizan,nominal,2026-09-21,validado
-9.27822,-75.84904,,0.53,0.42,2026-09-20,1858,N20,VIIRS,n,2.0NRT,,5.8,D,VIIRS_NOAA20_NRT,"https://www.google.com/maps/dir/?api=1&destination=-9.27822,-75.84904",2.55,HU-621,MEDIA,30 - 60 min (Trocha / Caminata),S/. 15 - 30,2.1,"🌦️ Lluvia leve (2-8mm): Carbón visible, ceniza dispersa",332.62,297.36,Daniel Alomia Robles,nominal,2026-09-21,validado
-9.27206,-75.81218,,0.54,0.42,2026-09-20,1858,N20,VIIRS,n,2.0NRT,,5.72,D,VIIRS_NOAA20_NRT,"https://www.google.com/maps/dir/?api=1&destination=-9.27206,-75.81218",6.03,PE-5N (Carretera Federico Basadre),BAJA / REMOTA,> 1.5 horas (Selva adentro / Bote),S/. 40 - 80+,2.5,"🌦️ Lluvia leve (2-8mm): Carbón visible, ceniza dispersa",331.76,294.26,Daniel Alomia Robles,nominal,2026-09-21,validado
-9.26845,-75.88494,,0.53,0.42,2026-09-20,1858,N20,VIIRS,n,2.0NRT,,5.83,D,VIIRS_NOAA20_NRT,"https://www.google.com/maps/dir/?api=1&destination=-9.26845,-75.88494",1.27,HU-619,MEDIA,30 - 60 min (Trocha / Caminata),S/. 15 - 30,2.1,"🌦️ Lluvia leve (2-8mm): Carbón visible, ceniza dispersa",333.77,298.1,Luyando,nominal,2026-09-21,validado
-9.26463,-75.88565,,0.53,0.42,2026-09-20,1858,N20,VIIRS,n,2.0NRT,,25.52,D,VIIRS_NOAA20_NRT,"https://www.google.com/maps/dir/?api=1&destination=-9.26463,-75.88565",1.69,HU-619,MEDIA,30 - 60 min (Trocha / Caminata),S/. 15 - 30,2.1,"🌦️ Lluvia leve (2-8mm): Carbón visible, ceniza dispersa",338.76,299.53,Daniel Alomia Robles,nominal,2026-09-21,validado
-9.21595,-75.96146,,0.53,0.42,2026-09-20,1858,N20,VIIRS,n,2.0NRT,,30.57,D,VIIRS_NOAA20_NRT,"https://www.google.com/maps/dir/?api=1&destination=-9.21595,-75.96146",2.66,PE-18A (Carretera Interoceánica Centro),MEDIA,30 - 60 min (Trocha / Caminata),S/. 15 - 30,2.1,"🌦️ Lluvia leve (2-8mm): Carbón visible, ceniza dispersa",333.73,299.17,Luyando,nominal,2026-09-21,validado
-9.18572,-76.15475,,0.51,0.41,2026-09-20,1858,N20,VIIRS,n,2.0NRT,,15.75,D,VIIRS_NOAA20_NRT,"https://www.google.com/maps/dir/?api=1&destination=-9.18572,-76.15475",6.93,HU-558,BAJA / REMOTA,> 1.5 horas (Selva adentro / Bote),S/. 40 - 80+,0.7,☀️ Seco (<2mm): Evidencia intacta para muestreo,338.11,299.75,Rupa-Rupa,nominal,2026-09-21,validado
-9.18545,-76.15288,,0.51,0.41,2026-09-20,1858,N20,VIIRS,n,2.0NRT,,29.14,D,VIIRS_NOAA20_NRT,"https://www.google.com/maps/dir/?api=1&destination=-9.18545,-76.15288",6.75,HU-558,BAJA / REMOTA,> 1.5 horas (Selva adentro / Bote),S/. 40 - 80+,0.7,☀️ Seco (<2mm): Evidencia intacta para muestreo,355.93,303.11,Rupa-Rupa,nominal,2026-09-21,validado
-9.18494,-76.15012,,0.51,0.41,2026-09-20,1858,N20,VIIRS,n,2.0NRT,,15.75,D,VIIRS_NOAA20_NRT,"https://www.google.com/maps/dir/?api=1&destination=-9.18494,-76.15012",6.47,HU-558,BAJA / REMOTA,> 1.5 horas (Selva adentro / Bote),S/. 40 - 80+,0.7,☀️ Seco (<2mm): Evidencia intacta para muestreo,340.77,301.93,Rupa-Rupa,nominal,2026-09-21,validado
-9.11576,-76.15446,,0.51,0.41,2026-09-20,1858,N20,VIIRS,n,2.0NRT,,15.39,D,VIIRS_NOAA20_NRT,"https://www.google.com/maps/dir/?api=1&destination=-9.11576,-76.15446",1.2,HU-556,MEDIA,30 - 60 min (Trocha / Caminata),S/. 15 - 30,0.3,☀️ Seco (<2mm): Evidencia intacta para muestreo,332.51,300.72,Rupa-Rupa,nominal,2026-09-21,validado
-9.11116,-76.15018,,0.52,0.41,2026-09-20,1858,N20,VIIRS,n,2.0NRT,,15.39,D,VIIRS_NOAA20_NRT,"https://www.google.com/maps/dir/?api=1&destination=-9.11116,-76.15018",0.54,HU-556,ALTA,< 20 min (A pie / Mototaxi),S/. 5 - 10,0.3,☀️ Seco (<2mm): Evidencia intacta para muestreo,333.05,298.6,Rupa-Rupa,nominal,2026-09-21,validado
-9.10879,-76.13598,,0.52,0.41,2026-09-20,1858,N20,VIIRS,n,2.0NRT,,18.0,D,VIIRS_NOAA20_NRT,"https://www.google.com/maps/dir/?api=1&destination=-9.10879,-76.13598",0.59,Vía sin nombre,ALTA,< 20 min (A pie / Mototaxi),S/. 5 - 10,0.3,☀️ Seco (<2mm): Evidencia intacta para muestreo,338.82,301.75,Rupa-Rupa,nominal,2026-09-21,validado
-9.08672,-76.12046,,0.52,0.41,2026-09-20,1858,N20,VIIRS,n,2.0NRT,,5.97,D,VIIRS_NOAA20_NRT,"https://www.google.com/maps/dir/?api=1&destination=-9.08672,-76.12046",1.63,Vía sin nombre,MEDIA,30 - 60 min (Trocha / Caminata),S/. 15 - 30,0.3,☀️ Seco (<2mm): Evidencia intacta para muestreo,333.29,299.25,Pueblo Nuevo,nominal,2026-09-21,validado
-9.07943,-76.05371,,0.52,0.42,2026-09-20,1858,N20,VIIRS,n,2.0NRT,,2.68,D,VIIRS_NOAA20_NRT,"https://www.google.com/maps/dir/?api=1&destination=-9.07943,-76.05371",1.11,PE-5N (Carretera Presidente Fernando Belaúnde Terry),MEDIA,30 - 60 min (Trocha / Caminata),S/. 15 - 30,0.1,☀️ Seco (<2mm): Evidencia intacta para muestreo,334.11,298.99,Pueblo Nuevo,nominal,2026-09-21,validado
-9.07001,-75.99753,,0.53,0.42,2026-09-20,1858,N20,VIIRS,n,2.0NRT,,8.88,D,VIIRS_NOAA20_NRT,"https://www.google.com/maps/dir/?api=1&destination=-9.07001,-75.99753",7.17,PE-5N (Carretera Presidente Fernando Belaúnde Terry),BAJA / REMOTA,> 1.5 horas (Selva adentro / Bote),S/. 40 - 80+,0.0,Sin datos meteorológicos,337.52,298.42,Santo Domingo De Anda,nominal,2026-09-21,validado
-9.06594,-76.13272,,0.52,0.41,2026-09-20,1858,N20,VIIRS,n,2.0NRT,,7.1,D,VIIRS_NOAA20_NRT,"https://www.google.com/maps/dir/?api=1&destination=-9.06594,-76.13272",0.65,HU-551,ALTA,< 20 min (A pie / Mototaxi),S/. 5 - 10,0.0,Sin datos meteorológicos,340.77,300.4,Pueblo Nuevo,nominal,2026-09-21,validado
-9.05218,-76.02387,,0.52,0.42,2026-09-20,1858,N20,VIIRS,n,2.0NRT,,13.39,D,VIIRS_NOAA20_NRT,"https://www.google.com/maps/dir/?api=1&destination=-9.05218,-76.02387",4.93,PE-5N (Carretera Presidente Fernando Belaúnde Terry),BAJA / REMOTA,> 1.5 horas (Selva adentro / Bote),S/. 40 - 80+,0.0,Sin datos meteorológicos,343.48,298.41,Santo Domingo De Anda,nominal,2026-09-21,validado
-9.02171,-76.00551,,0.53,0.42,2026-09-20,1858,N20,VIIRS,n,2.0NRT,,4.15,D,VIIRS_NOAA20_NRT,"https://www.google.com/maps/dir/?api=1&destination=-9.02171,-76.00551",6.46,PE-5N (Carretera Presidente Fernando Belaúnde Terry),BAJA / REMOTA,> 1.5 horas (Selva adentro / Bote),S/. 40 - 80+,0.0,Sin datos meteorológicos,331.62,296.14,Santo Domingo De Anda,nominal,2026-09-21,validado
-9.00828,-76.13753,,0.52,0.41,2026-09-20,1858,N20,VIIRS,n,2.0NRT,,13.74,D,VIIRS_NOAA20_NRT,"https://www.google.com/maps/dir/?api=1&destination=-9.00828,-76.13753",1.17,HU-551,MEDIA,30 - 60 min (Trocha / Caminata),S/. 15 - 30,0.0,Sin datos meteorológicos,335.28,300.83,Jose Crespo Y Castillo,nominal,2026-09-21,validado
-8.97839,-76.09877,,0.52,0.42,2026-09-20,1858,N20,VIIRS,n,2.0NRT,,10.16,D,VIIRS_NOAA20_NRT,"https://www.google.com/maps/dir/?api=1&destination=-8.97839,-76.09877",1.12,PE-5N (Carretera Presidente Fernando Belaúnde Terry),MEDIA,30 - 60 min (Trocha / Caminata),S/. 15 - 30,0.0,Sin datos meteorológicos,331.93,299.2,Jose Crespo Y Castillo,nominal,2026-09-21,validado
-8.97759,-76.09402,,0.52,0.42,2026-09-20,1858,N20,VIIRS,n,2.0NRT,,10.16,D,VIIRS_NOAA20_NRT,"https://www.google.com/maps/dir/?api=1&destination=-8.97759,-76.09402",0.62,PE-5N (Carretera Presidente Fernando Belaúnde Terry),ALTA,< 20 min (A pie / Mototaxi),S/. 5 - 10,0.0,Sin datos meteorológicos,340.27,300.79,Jose Crespo Y Castillo,nominal,2026-09-21,validado
-8.9751,-76.21865,,0.51,0.41,2026-09-20,1858,N20,VIIRS,n,2.0NRT,,9.86,D,VIIRS_NOAA20_NRT,"https://www.google.com/maps/dir/?api=1&destination=-8.97510,-76.21865",3.79,HU-551,BAJA / REMOTA,> 1.5 horas (Selva adentro / Bote),S/. 40 - 80+,0.0,Sin datos meteorológicos,341.71,300.0,Jose Crespo Y Castillo,nominal,2026-09-21,validado
-8.97472,-76.216,,0.51,0.41,2026-09-20,1858,N20,VIIRS,n,2.0NRT,,6.74,D,VIIRS_NOAA20_NRT,"https://www.google.com/maps/dir/?api=1&destination=-8.97472,-76.21600",3.5,HU-551,BAJA / REMOTA,> 1.5 horas (Selva adentro / Bote),S/. 40 - 80+,0.0,Sin datos meteorológicos,340.0,298.41,Jose Crespo Y Castillo,nominal,2026-09-21,validado
-8.95436,-75.95524,,0.53,0.42,2026-09-20,1858,N20,VIIRS,n,2.0NRT,,16.42,D,VIIRS_NOAA20_NRT,"https://www.google.com/maps/dir/?api=1&destination=-8.95436,-75.95524",13.9,PE-5N (Carretera Presidente Fernando Belaúnde Terry),BAJA / REMOTA,> 1.5 horas (Selva adentro / Bote),S/. 40 - 80+,0.0,Sin datos meteorológicos,339.24,305.05,Santo Domingo De Anda,nominal,2026-09-21,validado
-8.94782,-76.00182,,0.53,0.42,2026-09-20,1858,N20,VIIRS,n,2.0NRT,,2.57,D,VIIRS_NOAA20_NRT,"https://www.google.com/maps/dir/?api=1&destination=-8.94782,-76.00182",9.83,PE-5N (Carretera Presidente Fernando Belaúnde Terry),BAJA / REMOTA,> 1.5 horas (Selva adentro / Bote),S/. 40 - 80+,0.0,Sin datos meteorológicos,330.54,296.74,Santo Domingo De Anda,nominal,2026-09-21,validado
-8.94602,-75.9994,,0.53,0.42,2026-09-20,1858,N20,VIIRS,n,2.0NRT,,4.66,D,VIIRS_NOAA20_NRT,"https://www.google.com/maps/dir/?api=1&destination=-8.94602,-75.99940",10.16,PE-5N (Carretera Presidente Fernando Belaúnde Terry),BAJA / REMOTA,> 1.5 horas (Selva adentro / Bote),S/. 40 - 80+,4.0,"🌦️ Lluvia leve (2-8mm): Carbón visible, ceniza dispersa",336.87,297.86,Santo Domingo De Anda,nominal,2026-09-21,validado
-8.88889,-76.09693,,0.52,0.42,2026-09-20,1858,N20,VIIRS,n,2.0NRT,,3.36,D,VIIRS_NOAA20_NRT,"https://www.google.com/maps/dir/?api=1&destination=-8.88889,-76.09693",0.27,PE-5N (Carretera Presidente Fernando Belaúnde Terry),ALTA,< 20 min (A pie / Mototaxi),S/. 5 - 10,0.2,☀️ Seco (<2mm): Evidencia intacta para muestreo,334.11,301.3,Jose Crespo Y Castillo,nominal,2026-09-21,validado
-8.82505,-76.20213,,0.52,0.41,2026-09-20,1858,N20,VIIRS,n,2.0NRT,,9.81,D,VIIRS_NOAA20_NRT,"https://www.google.com/maps/dir/?api=1&destination=-8.82505,-76.20213",0.43,HU-505,ALTA,< 20 min (A pie / Mototaxi),S/. 5 - 10,3.7,"🌦️ Lluvia leve (2-8mm): Carbón visible, ceniza dispersa",345.94,298.48,Jose Crespo Y Castillo,nominal,2026-09-21,validado
-9.37448,-75.94467,,0.42,0.38,2026-09-20,1838,N,VIIRS,l,2.0NRT,,6.11,D,VIIRS_SNPP_NRT,"https://www.google.com/maps/dir/?api=1&destination=-9.37448,-75.94467",0.72,HU-633,ALTA,< 20 min (A pie / Mototaxi),S/. 5 - 10,3.4,"🌦️ Lluvia leve (2-8mm): Carbón visible, ceniza dispersa",337.03,296.05,Mariano Damaso Beraun,baja,2026-09-21,baja_confianza
-9.35707,-75.97159,,0.43,0.38,2026-09-20,1838,N,VIIRS,l,2.0NRT,,4.44,D,VIIRS_SNPP_NRT,"https://www.google.com/maps/dir/?api=1&destination=-9.35707,-75.97159",0.23,HU-631,ALTA,< 20 min (A pie / Mototaxi),S/. 5 - 10,2.1,"🌦️ Lluvia leve (2-8mm): Carbón visible, ceniza dispersa",332.47,297.71,Mariano Damaso Beraun,baja,2026-09-21,baja_confianza
-8.99736,-76.0192,,0.42,0.38,2026-09-20,1838,N,VIIRS,l,2.0NRT,,25.56,D,VIIRS_SNPP_NRT,"https://www.google.com/maps/dir/?api=1&destination=-8.99736,-76.01920",5.79,PE-5N (Carretera Presidente Fernando Belaúnde Terry),BAJA / REMOTA,> 1.5 horas (Selva adentro / Bote),S/. 40 - 80+,4.0,"🌦️ Lluvia leve (2-8mm): Carbón visible, ceniza dispersa",332.13,297.21,Santo Domingo De Anda,baja,2026-09-21,baja_confianza
-8.97626,-76.09923,,0.43,0.38,2026-09-20,1838,N,VIIRS,l,2.0NRT,,15.54,D,VIIRS_SNPP_NRT,"https://www.google.com/maps/dir/?api=1&destination=-8.97626,-76.09923",1.04,PE-5N (Carretera Presidente Fernando Belaúnde Terry),MEDIA,30 - 60 min (Trocha / Caminata),S/. 15 - 30,0.2,☀️ Seco (<2mm): Evidencia intacta para muestreo,332.52,298.67,Jose Crespo Y Castillo,baja,2026-09-21,baja_confianza
-9.11575,-76.1859,310.93,1.02,1.01,2026-09-21,2055,Aqua,MODIS,68,6.1NRT,297.8,5.9,D,MODIS_NRT,"https://www.google.com/maps/dir/?api=1&destination=-9.11575,-76.18590",0.74,HU-557,ALTA,< 20 min (A pie / Mototaxi),S/. 5 - 10,1.2,☀️ Seco (<2mm): Evidencia intacta para muestreo,,,Rupa-Rupa,nominal,2026-09-22,validado
-8.9735,-76.22921,310.83,1.02,1.01,2026-09-21,2055,Aqua,MODIS,66,6.1NRT,298.56,5.26,D,MODIS_NRT,"https://www.google.com/maps/dir/?api=1&destination=-8.97350,-76.22921",4.91,HU-551,BAJA / REMOTA,> 1.5 horas (Selva adentro / Bote),S/. 40 - 80+,0.2,☀️ Seco (<2mm): Evidencia intacta para muestreo,,,Jose Crespo Y Castillo,nominal,2026-09-22,validado
-9.41923,-75.76445,,0.51,0.5,2026-09-21,1817,N,VIIRS,n,2.0NRT,,4.24,D,VIIRS_SNPP_NRT,"https://www.google.com/maps/dir/?api=1&destination=-9.41923,-75.76445",6.44,HU-621,BAJA / REMOTA,> 1.5 horas (Selva adentro / Bote),S/. 40 - 80+,2.8,"🌦️ Lluvia leve (2-8mm): Carbón visible, ceniza dispersa",339.98,294.86,Daniel Alomia Robles,nominal,2026-09-22,validado
-9.30744,-75.82906,,0.52,0.5,2026-09-21,1819,N,VIIRS,n,2.0NRT,,4.8,D,VIIRS_SNPP_NRT,"https://www.google.com/maps/dir/?api=1&destination=-9.30744,-75.82906",3.57,HU-621,BAJA / REMOTA,> 1.5 horas (Selva adentro / Bote),S/. 40 - 80+,1.4,☀️ Seco (<2mm): Evidencia intacta para muestreo,332.93,294.43,Daniel Alomia Robles,nominal,2026-09-22,validado
-9.30743,-75.8316,,0.52,0.5,2026-09-21,1819,N,VIIRS,n,2.0NRT,,2.54,D,VIIRS_SNPP_NRT,"https://www.google.com/maps/dir/?api=1&destination=-9.30743,-75.83160",3.3,HU-621,BAJA / REMOTA,> 1.5 horas (Selva adentro / Bote),S/. 40 - 80+,1.4,☀️ Seco (<2mm): Evidencia intacta para muestreo,333.04,295.34,Daniel Alomia Robles,nominal,2026-09-22,validado
-9.18224,-76.35786,,0.56,0.51,2026-09-21,1819,N,VIIRS,n,2.0NRT,,4.82,D,VIIRS_SNPP_NRT,"https://www.google.com/maps/dir/?api=1&destination=-9.18224,-76.35786",20.26,HU-557,BAJA / REMOTA,> 1.5 horas (Selva adentro / Bote),S/. 40 - 80+,4.7,"🌦️ Lluvia leve (2-8mm): Carbón visible, ceniza dispersa",329.72,293.89,Jose Crespo Y Castillo,nominal,2026-09-22,validado
-9.17014,-76.19453,,0.54,0.51,2026-09-21,1819,N,VIIRS,n,2.0NRT,,7.66,D,VIIRS_SNPP_NRT,"https://www.google.com/maps/dir/?api=1&destination=-9.17014,-76.19453",6.73,HU-557,BAJA / REMOTA,> 1.5 horas (Selva adentro / Bote),S/. 40 - 80+,1.2,☀️ Seco (<2mm): Evidencia intacta para muestreo,341.8,297.03,Rupa-Rupa,nominal,2026-09-22,validado
-9.15361,-76.10663,,0.54,0.51,2026-09-21,1819,N,VIIRS,n,2.0NRT,,6.56,D,VIIRS_SNPP_NRT,"https://www.google.com/maps/dir/?api=1&destination=-9.15361,-76.10663",0.57,HU-558,ALTA,< 20 min (A pie / Mototaxi),S/. 5 - 10,0.8,☀️ Seco (<2mm): Evidencia intacta para muestreo,332.5,295.62,Rupa-Rupa,nominal,2026-09-22,validado
-9.03689,-76.03645,,0.53,0.5,2026-09-21,1819,N,VIIRS,n,2.0NRT,,8.32,D,VIIRS_SNPP_NRT,"https://www.google.com/maps/dir/?api=1&destination=-9.03689,-76.03645",3.34,PE-5N (Carretera Presidente Fernando Belaúnde Terry),BAJA / REMOTA,> 1.5 horas (Selva adentro / Bote),S/. 40 - 80+,0.6,☀️ Seco (<2mm): Evidencia intacta para muestreo,340.98,297.42,Santo Domingo De Anda,nominal,2026-09-22,validado
-9.03623,-76.17432,,0.54,0.51,2026-09-21,1819,N,VIIRS,n,2.0NRT,,20.4,D,VIIRS_SNPP_NRT,"https://www.google.com/maps/dir/?api=1&destination=-9.03623,-76.17432",3.33,HU-551,BAJA / REMOTA,> 1.5 horas (Selva adentro / Bote),S/. 40 - 80+,1.1,☀️ Seco (<2mm): Evidencia intacta para muestreo,355.83,296.9,Jose Crespo Y Castillo,nominal,2026-09-22,validado
-8.99202,-76.03851,,0.53,0.5,2026-09-21,1819,N,VIIRS,n,2.0NRT,,3.93,D,VIIRS_SNPP_NRT,"https://www.google.com/maps/dir/?api=1&destination=-8.99202,-76.03851",3.85,PE-5N (Carretera Presidente Fernando Belaúnde Terry),BAJA / REMOTA,> 1.5 horas (Selva adentro / Bote),S/. 40 - 80+,0.7,☀️ Seco (<2mm): Evidencia intacta para muestreo,330.37,294.91,Santo Domingo De Anda,nominal,2026-09-22,validado
-8.97113,-76.16331,,0.54,0.51,2026-09-21,1819,N,VIIRS,n,2.0NRT,,9.81,D,VIIRS_SNPP_NRT,"https://www.google.com/maps/dir/?api=1&destination=-8.97113,-76.16331",1.33,HU-551,MEDIA,30 - 60 min (Trocha / Caminata),S/. 15 - 30,0.8,☀️ Seco (<2mm): Evidencia intacta para muestreo,339.55,296.42,Jose Crespo Y Castillo,nominal,2026-09-22,validado
-8.97034,-76.22818,,0.54,0.51,2026-09-21,1819,N,VIIRS,n,2.0NRT,,15.04,D,VIIRS_SNPP_NRT,"https://www.google.com/maps/dir/?api=1&destination=-8.97034,-76.22818",4.77,HU-551,BAJA / REMOTA,> 1.5 horas (Selva adentro / Bote),S/. 40 - 80+,0.2,☀️ Seco (<2mm): Evidencia intacta para muestreo,353.45,296.72,Jose Crespo Y Castillo,nominal,2026-09-22,validado
-8.92704,-76.15464,,0.54,0.51,2026-09-21,1819,N,VIIRS,n,2.0NRT,,6.41,D,VIIRS_SNPP_NRT,"https://www.google.com/maps/dir/?api=1&destination=-8.92704,-76.15464",1.36,HU-551,MEDIA,30 - 60 min (Trocha / Caminata),S/. 15 - 30,0.8,☀️ Seco (<2mm): Evidencia intacta para muestreo,339.9,296.31,Jose Crespo Y Castillo,nominal,2026-09-22,validado
-8.87177,-76.04823,,0.53,0.5,2026-09-21,1819,N,VIIRS,n,2.0NRT,,6.52,D,VIIRS_SNPP_NRT,"https://www.google.com/maps/dir/?api=1&destination=-8.87177,-76.04823",5.82,PE-5N (Carretera Presidente Fernando Belaúnde Terry),BAJA / REMOTA,> 1.5 horas (Selva adentro / Bote),S/. 40 - 80+,1.5,☀️ Seco (<2mm): Evidencia intacta para muestreo,340.48,295.33,Jose Crespo Y Castillo,nominal,2026-09-22,validado
-8.86988,-76.06889,,0.53,0.5,2026-09-21,1819,N,VIIRS,n,2.0NRT,,8.56,D,VIIRS_SNPP_NRT,"https://www.google.com/maps/dir/?api=1&destination=-8.86988,-76.06889",3.57,PE-5N (Carretera Presidente Fernando Belaúnde Terry),BAJA / REMOTA,> 1.5 horas (Selva adentro / Bote),S/. 40 - 80+,1.5,☀️ Seco (<2mm): Evidencia intacta para muestreo,345.44,295.69,Jose Crespo Y Castillo,nominal,2026-09-22,validado
-8.80468,-76.14837,,0.53,0.5,2026-09-21,1819,N,VIIRS,n,2.0NRT,,5.07,D,VIIRS_SNPP_NRT,"https://www.google.com/maps/dir/?api=1&destination=-8.80468,-76.14837",2.22,HU-545,MEDIA,30 - 60 min (Trocha / Caminata),S/. 15 - 30,0.5,☀️ Seco (<2mm): Evidencia intacta para muestreo,339.69,296.22,Pucayacu,nominal,2026-09-22,validado
-8.80222,-76.1453,,0.53,0.5,2026-09-21,1819,N,VIIRS,n,2.0NRT,,12.17,D,VIIRS_SNPP_NRT,"https://www.google.com/maps/dir/?api=1&destination=-8.80222,-76.14530",2.02,PE-5N (Carretera Presidente Fernando Belaúnde Terry),MEDIA,30 - 60 min (Trocha / Caminata),S/. 15 - 30,1.0,☀️ Seco (<2mm): Evidencia intacta para muestreo,339.3,296.34,Pucayacu,nominal,2026-09-22,validado
-8.75965,-76.11211,,0.53,0.5,2026-09-21,1819,N,VIIRS,n,2.0NRT,,24.46,D,VIIRS_SNPP_NRT,"https://www.google.com/maps/dir/?api=1&destination=-8.75965,-76.11211",1.4,PE-5N (Carretera Presidente Fernando Belaúnde Terry),MEDIA,30 - 60 min (Trocha / Caminata),S/. 15 - 30,0.8,☀️ Seco (<2mm): Evidencia intacta para muestreo,340.38,296.76,Pucayacu,nominal,2026-09-22,validado
-9.48815,-75.76731,,0.39,0.36,2026-09-21,1838,N20,VIIRS,n,2.0NRT,,15.14,D,VIIRS_NOAA20_NRT,"https://www.google.com/maps/dir/?api=1&destination=-9.48815,-75.76731",11.78,HU-621,BAJA / REMOTA,> 1.5 horas (Selva adentro / Bote),S/. 40 - 80+,1.3,☀️ Seco (<2mm): Evidencia intacta para muestreo,341.24,301.16,Daniel Alomia Robles,nominal,2026-09-22,validado
-9.44044,-75.74251,,0.38,0.36,2026-09-21,1838,N20,VIIRS,n,2.0NRT,,6.56,D,VIIRS_NOAA20_NRT,"https://www.google.com/maps/dir/?api=1&destination=-9.44044,-75.74251",9.69,HU-621,BAJA / REMOTA,> 1.5 horas (Selva adentro / Bote),S/. 40 - 80+,2.8,"🌦️ Lluvia leve (2-8mm): Carbón visible, ceniza dispersa",342.25,299.54,Daniel Alomia Robles,nominal,2026-09-22,validado
-9.42225,-75.96037,,0.39,0.36,2026-09-21,1838,N20,VIIRS,n,2.0NRT,,3.5,D,VIIRS_NOAA20_NRT,"https://www.google.com/maps/dir/?api=1&destination=-9.42225,-75.96037",0.74,PE-18A (Carretera Central),ALTA,< 20 min (A pie / Mototaxi),S/. 5 - 10,0.9,☀️ Seco (<2mm): Evidencia intacta para muestreo,332.45,299.24,Mariano Damaso Beraun,nominal,2026-09-22,validado
-9.41956,-75.76393,,0.38,0.36,2026-09-21,1838,N20,VIIRS,n,2.0NRT,,11.69,D,VIIRS_NOAA20_NRT,"https://www.google.com/maps/dir/?api=1&destination=-9.41956,-75.76393",6.51,HU-621,BAJA / REMOTA,> 1.5 horas (Selva adentro / Bote),S/. 40 - 80+,2.8,"🌦️ Lluvia leve (2-8mm): Carbón visible, ceniza dispersa",341.72,300.73,Daniel Alomia Robles,nominal,2026-09-22,validado
-9.40689,-75.94843,,0.39,0.36,2026-09-21,1838,N20,VIIRS,n,2.0NRT,,3.78,D,VIIRS_NOAA20_NRT,"https://www.google.com/maps/dir/?api=1&destination=-9.40689,-75.94843",0.62,HU-638,ALTA,< 20 min (A pie / Mototaxi),S/. 5 - 10,0.9,☀️ Seco (<2mm): Evidencia intacta para muestreo,336.43,301.49,Mariano Damaso Beraun,nominal,2026-09-22,validado
-9.40316,-75.92373,,0.39,0.36,2026-09-21,1838,N20,VIIRS,n,2.0NRT,,4.27,D,VIIRS_NOAA20_NRT,"https://www.google.com/maps/dir/?api=1&destination=-9.40316,-75.92373",0.31,HU-636,ALTA,< 20 min (A pie / Mototaxi),S/. 5 - 10,0.9,☀️ Seco (<2mm): Evidencia intacta para muestreo,337.02,299.85,Mariano Damaso Beraun,nominal,2026-09-22,validado
-9.36335,-76.04153,,0.39,0.36,2026-09-21,1838,N20,VIIRS,n,2.0NRT,,4.37,D,VIIRS_NOAA20_NRT,"https://www.google.com/maps/dir/?api=1&destination=-9.36335,-76.04153",0.58,HU-651,ALTA,< 20 min (A pie / Mototaxi),S/. 5 - 10,1.0,☀️ Seco (<2mm): Evidencia intacta para muestreo,340.45,298.13,Mariano Damaso Beraun,nominal,2026-09-22,validado
-9.3532,-75.8172,,0.39,0.36,2026-09-21,1838,N20,VIIRS,n,2.0NRT,,5.3,D,VIIRS_NOAA20_NRT,"https://www.google.com/maps/dir/?api=1&destination=-9.35320,-75.81720",1.9,HU-621,MEDIA,30 - 60 min (Trocha / Caminata),S/. 15 - 30,1.4,☀️ Seco (<2mm): Evidencia intacta para muestreo,351.94,300.85,Daniel Alomia Robles,nominal,2026-09-22,validado
-9.32195,-76.12692,,0.39,0.36,2026-09-21,1838,N20,VIIRS,n,2.0NRT,,3.02,D,VIIRS_NOAA20_NRT,"https://www.google.com/maps/dir/?api=1&destination=-9.32195,-76.12692",2.61,Vía sin nombre,MEDIA,30 - 60 min (Trocha / Caminata),S/. 15 - 30,2.1,"🌦️ Lluvia leve (2-8mm): Carbón visible, ceniza dispersa",331.35,297.27,Mariano Damaso Beraun,nominal,2026-09-22,validado
-9.31304,-75.88831,,0.39,0.36,2026-09-21,1838,N20,VIIRS,n,2.0NRT,,2.33,D,VIIRS_NOAA20_NRT,"https://www.google.com/maps/dir/?api=1&destination=-9.31304,-75.88831",2.42,HU-621,MEDIA,30 - 60 min (Trocha / Caminata),S/. 15 - 30,1.4,☀️ Seco (<2mm): Evidencia intacta para muestreo,332.58,299.41,Mariano Damaso Beraun,nominal,2026-09-22,validado
-9.2735,-76.03049,,0.39,0.36,2026-09-21,1838,N20,VIIRS,n,2.0NRT,,3.87,D,VIIRS_NOAA20_NRT,"https://www.google.com/maps/dir/?api=1&destination=-9.27350,-76.03049",2.34,HU-556,MEDIA,30 - 60 min (Trocha / Caminata),S/. 15 - 30,1.8,☀️ Seco (<2mm): Evidencia intacta para muestreo,332.19,298.5,Rupa-Rupa,nominal,2026-09-22,validado
-9.26628,-75.96005,,0.39,0.36,2026-09-21,1838,N20,VIIRS,n,2.0NRT,,2.25,D,VIIRS_NOAA20_NRT,"https://www.google.com/maps/dir/?api=1&destination=-9.26628,-75.96005",3.1,Avenida Los Ángeles,BAJA / REMOTA,> 1.5 horas (Selva adentro / Bote),S/. 40 - 80+,1.5,☀️ Seco (<2mm): Evidencia intacta para muestreo,335.39,298.84,Rupa-Rupa,nominal,2026-09-22,validado
-9.24105,-75.86015,,0.39,0.36,2026-09-21,1838,N20,VIIRS,n,2.0NRT,,5.83,D,VIIRS_NOAA20_NRT,"https://www.google.com/maps/dir/?api=1&destination=-9.24105,-75.86015",2.97,PE-5N (Carretera Federico Basadre),MEDIA,30 - 60 min (Trocha / Caminata),S/. 15 - 30,1.9,☀️ Seco (<2mm): Evidencia intacta para muestreo,334.17,296.8,Daniel Alomia Robles,nominal,2026-09-22,validado
-9.18129,-76.18491,,0.39,0.36,2026-09-21,1838,N20,VIIRS,n,2.0NRT,,7.05,D,VIIRS_NOAA20_NRT,"https://www.google.com/maps/dir/?api=1&destination=-9.18129,-76.18491",7.94,HU-557,BAJA / REMOTA,> 1.5 horas (Selva adentro / Bote),S/. 40 - 80+,1.2,☀️ Seco (<2mm): Evidencia intacta para muestreo,344.74,302.04,Rupa-Rupa,nominal,2026-09-22,validado
-9.17896,-76.12402,,0.39,0.36,2026-09-21,1838,N20,VIIRS,n,2.0NRT,,21.02,D,VIIRS_NOAA20_NRT,"https://www.google.com/maps/dir/?api=1&destination=-9.17896,-76.12402",3.92,HU-558,BAJA / REMOTA,> 1.5 horas (Selva adentro / Bote),S/. 40 - 80+,1.2,☀️ Seco (<2mm): Evidencia intacta para muestreo,337.62,299.56,Rupa-Rupa,nominal,2026-09-22,validado
-9.1695,-76.19501,,0.39,0.36,2026-09-21,1838,N20,VIIRS,n,2.0NRT,,5.21,D,VIIRS_NOAA20_NRT,"https://www.google.com/maps/dir/?api=1&destination=-9.16950,-76.19501",6.66,HU-557,BAJA / REMOTA,> 1.5 horas (Selva adentro / Bote),S/. 40 - 80+,1.2,☀️ Seco (<2mm): Evidencia intacta para muestreo,342.47,301.38,Rupa-Rupa,nominal,2026-09-22,validado
-9.15292,-76.10785,,0.39,0.36,2026-09-21,1838,N20,VIIRS,n,2.0NRT,,27.32,D,VIIRS_NOAA20_NRT,"https://www.google.com/maps/dir/?api=1&destination=-9.15292,-76.10785",0.65,HU-558,ALTA,< 20 min (A pie / Mototaxi),S/. 5 - 10,0.8,☀️ Seco (<2mm): Evidencia intacta para muestreo,334.39,302.19,Rupa-Rupa,nominal,2026-09-22,validado
-9.15065,-76.1153,,0.39,0.36,2026-09-21,1838,N20,VIIRS,n,2.0NRT,,2.03,D,VIIRS_NOAA20_NRT,"https://www.google.com/maps/dir/?api=1&destination=-9.15065,-76.11530",1.42,HU-558,MEDIA,30 - 60 min (Trocha / Caminata),S/. 15 - 30,0.8,☀️ Seco (<2mm): Evidencia intacta para muestreo,330.79,297.43,Rupa-Rupa,nominal,2026-09-22,validado
-9.03706,-76.17233,,0.39,0.36,2026-09-21,1838,N20,VIIRS,n,2.0NRT,,19.51,D,VIIRS_NOAA20_NRT,"https://www.google.com/maps/dir/?api=1&destination=-9.03706,-76.17233",3.11,HU-551,BAJA / REMOTA,> 1.5 horas (Selva adentro / Bote),S/. 40 - 80+,1.1,☀️ Seco (<2mm): Evidencia intacta para muestreo,340.98,303.26,Jose Crespo Y Castillo,nominal,2026-09-22,validado
-9.03257,-76.18756,,0.39,0.36,2026-09-21,1838,N20,VIIRS,n,2.0NRT,,2.55,D,VIIRS_NOAA20_NRT,"https://www.google.com/maps/dir/?api=1&destination=-9.03257,-76.18756",3.54,HU-551,BAJA / REMOTA,> 1.5 horas (Selva adentro / Bote),S/. 40 - 80+,0.5,☀️ Seco (<2mm): Evidencia intacta para muestreo,332.77,299.84,Jose Crespo Y Castillo,nominal,2026-09-22,validado
-9.01068,-76.31306,,0.39,0.36,2026-09-21,1838,N20,VIIRS,n,2.0NRT,,23.89,D,VIIRS_NOAA20_NRT,"https://www.google.com/maps/dir/?api=1&destination=-9.01068,-76.31306",14.85,HU-551,BAJA / REMOTA,> 1.5 horas (Selva adentro / Bote),S/. 40 - 80+,0.2,☀️ Seco (<2mm): Evidencia intacta para muestreo,337.1,304.32,Jose Crespo Y Castillo,nominal,2026-09-22,validado
-8.97423,-76.22874,,0.39,0.36,2026-09-21,1838,N20,VIIRS,n,2.0NRT,,41.37,D,VIIRS_NOAA20_NRT,"https://www.google.com/maps/dir/?api=1&destination=-8.97423,-76.22874",4.87,HU-551,BAJA / REMOTA,> 1.5 horas (Selva adentro / Bote),S/. 40 - 80+,0.2,☀️ Seco (<2mm): Evidencia intacta para muestreo,333.49,298.05,Jose Crespo Y Castillo,nominal,2026-09-22,validado
-8.97087,-76.16117,,0.39,0.36,2026-09-21,1838,N20,VIIRS,n,2.0NRT,,3.39,D,VIIRS_NOAA20_NRT,"https://www.google.com/maps/dir/?api=1&destination=-8.97087,-76.16117",1.54,HU-551,MEDIA,30 - 60 min (Trocha / Caminata),S/. 15 - 30,0.8,☀️ Seco (<2mm): Evidencia intacta para muestreo,335.42,300.9,Jose Crespo Y Castillo,nominal,2026-09-22,validado
-8.97038,-76.22574,,0.39,0.36,2026-09-21,1838,N20,VIIRS,n,2.0NRT,,27.81,D,VIIRS_NOAA20_NRT,"https://www.google.com/maps/dir/?api=1&destination=-8.97038,-76.22574",4.5,HU-551,BAJA / REMOTA,> 1.5 horas (Selva adentro / Bote),S/. 40 - 80+,0.2,☀️ Seco (<2mm): Evidencia intacta para muestreo,334.66,300.62,Jose Crespo Y Castillo,nominal,2026-09-22,validado
-8.96755,-76.16167,,0.39,0.36,2026-09-21,1838,N20,VIIRS,n,2.0NRT,,3.39,D,VIIRS_NOAA20_NRT,"https://www.google.com/maps/dir/?api=1&destination=-8.96755,-76.16167",1.72,HU-551,MEDIA,30 - 60 min (Trocha / Caminata),S/. 15 - 30,0.8,☀️ Seco (<2mm): Evidencia intacta para muestreo,339.32,299.94,Jose Crespo Y Castillo,nominal,2026-09-22,validado
-8.9612,-75.96199,,0.39,0.36,2026-09-21,1838,N20,VIIRS,n,2.0NRT,,3.92,D,VIIRS_NOAA20_NRT,"https://www.google.com/maps/dir/?api=1&destination=-8.96120,-75.96199",12.93,PE-5N (Carretera Presidente Fernando Belaúnde Terry),BAJA / REMOTA,> 1.5 horas (Selva adentro / Bote),S/. 40 - 80+,3.8,"🌦️ Lluvia leve (2-8mm): Carbón visible, ceniza dispersa",339.94,297.94,Santo Domingo De Anda,nominal,2026-09-22,validado
-8.9292,-76.1538,,0.39,0.36,2026-09-21,1838,N20,VIIRS,n,2.0NRT,,6.76,D,VIIRS_NOAA20_NRT,"https://www.google.com/maps/dir/?api=1&destination=-8.92920,-76.15380",1.39,HU-551,MEDIA,30 - 60 min (Trocha / Caminata),S/. 15 - 30,0.8,☀️ Seco (<2mm): Evidencia intacta para muestreo,342.37,300.38,Jose Crespo Y Castillo,nominal,2026-09-22,validado
-8.89731,-76.21247,,0.39,0.36,2026-09-21,1838,N20,VIIRS,n,2.0NRT,,13.33,D,VIIRS_NOAA20_NRT,"https://www.google.com/maps/dir/?api=1&destination=-8.89731,-76.21247",2.39,HU-550,MEDIA,30 - 60 min (Trocha / Caminata),S/. 15 - 30,0.1,☀️ Seco (<2mm): Evidencia intacta para muestreo,331.89,299.03,Jose Crespo Y Castillo,nominal,2026-09-22,validado
-8.87247,-76.0478,,0.39,0.36,2026-09-21,1838,N20,VIIRS,n,2.0NRT,,12.33,D,VIIRS_NOAA20_NRT,"https://www.google.com/maps/dir/?api=1&destination=-8.87247,-76.04780",5.86,PE-5N (Carretera Presidente Fernando Belaúnde Terry),BAJA / REMOTA,> 1.5 horas (Selva adentro / Bote),S/. 40 - 80+,1.5,☀️ Seco (<2mm): Evidencia intacta para muestreo,343.92,301.01,Jose Crespo Y Castillo,nominal,2026-09-22,validado
-8.87233,-76.06931,,0.39,0.36,2026-09-21,1838,N20,VIIRS,n,2.0NRT,,6.53,D,VIIRS_NOAA20_NRT,"https://www.google.com/maps/dir/?api=1&destination=-8.87233,-76.06931",3.5,PE-5N (Carretera Presidente Fernando Belaúnde Terry),BAJA / REMOTA,> 1.5 horas (Selva adentro / Bote),S/. 40 - 80+,1.5,☀️ Seco (<2mm): Evidencia intacta para muestreo,335.5,301.42,Jose Crespo Y Castillo,nominal,2026-09-22,validado
-8.8562,-76.16496,,0.39,0.36,2026-09-21,1838,N20,VIIRS,n,2.0NRT,,11.19,D,VIIRS_NOAA20_NRT,"https://www.google.com/maps/dir/?api=1&destination=-8.85620,-76.16496",0.86,HU-505,ALTA,< 20 min (A pie / Mototaxi),S/. 5 - 10,0.5,☀️ Seco (<2mm): Evidencia intacta para muestreo,338.15,303.19,Jose Crespo Y Castillo,nominal,2026-09-22,validado
-8.85568,-76.16148,,0.39,0.36,2026-09-21,1838,N20,VIIRS,n,2.0NRT,,11.19,D,VIIRS_NOAA20_NRT,"https://www.google.com/maps/dir/?api=1&destination=-8.85568,-76.16148",0.93,HU-505,ALTA,< 20 min (A pie / Mototaxi),S/. 5 - 10,0.5,☀️ Seco (<2mm): Evidencia intacta para muestreo,330.65,299.16,Jose Crespo Y Castillo,nominal,2026-09-22,validado
-8.83114,-76.20142,,0.39,0.36,2026-09-21,1838,N20,VIIRS,n,2.0NRT,,1.78,D,VIIRS_NOAA20_NRT,"https://www.google.com/maps/dir/?api=1&destination=-8.83114,-76.20142",0.16,HU-505,ALTA,< 20 min (A pie / Mototaxi),S/. 5 - 10,0.5,☀️ Seco (<2mm): Evidencia intacta para muestreo,338.05,300.72,Jose Crespo Y Castillo,nominal,2026-09-22,validado
-8.80222,-76.14484,,0.39,0.36,2026-09-21,1838,N20,VIIRS,n,2.0NRT,,1.68,D,VIIRS_NOAA20_NRT,"https://www.google.com/maps/dir/?api=1&destination=-8.80222,-76.14484",1.98,PE-5N (Carretera Presidente Fernando Belaúnde Terry),MEDIA,30 - 60 min (Trocha / Caminata),S/. 15 - 30,1.0,☀️ Seco (<2mm): Evidencia intacta para muestreo,332.11,301.11,Pucayacu,nominal,2026-09-22,validado
-8.78075,-76.13747,,0.39,0.36,2026-09-21,1838,N20,VIIRS,n,2.0NRT,,4.89,D,VIIRS_NOAA20_NRT,"https://www.google.com/maps/dir/?api=1&destination=-8.78075,-76.13747",0.92,PE-5N (Carretera Presidente Fernando Belaúnde Terry),ALTA,< 20 min (A pie / Mototaxi),S/. 5 - 10,0.8,☀️ Seco (<2mm): Evidencia intacta para muestreo,348.16,302.13,Pucayacu,nominal,2026-09-22,validado
-8.76047,-76.11549,,0.39,0.36,2026-09-21,1838,N20,VIIRS,n,2.0NRT,,7.15,D,VIIRS_NOAA20_NRT,"https://www.google.com/maps/dir/?api=1&destination=-8.76047,-76.11549",1.02,PE-5N (Carretera Presidente Fernando Belaúnde Terry),MEDIA,30 - 60 min (Trocha / Caminata),S/. 15 - 30,0.8,☀️ Seco (<2mm): Evidencia intacta para muestreo,331.07,303.29,Pucayacu,nominal,2026-09-22,validado
-8.75995,-76.11198,,0.39,0.36,2026-09-21,1838,N20,VIIRS,n,2.0NRT,,7.15,D,VIIRS_NOAA20_NRT,"https://www.google.com/maps/dir/?api=1&destination=-8.75995,-76.11198",1.41,PE-5N (Carretera Presidente Fernando Belaúnde Terry),MEDIA,30 - 60 min (Trocha / Caminata),S/. 15 - 30,0.8,☀️ Seco (<2mm): Evidencia intacta para muestreo,331.73,298.59,Pucayacu,nominal,2026-09-22,validado
-8.75716,-76.11601,,0.39,0.36,2026-09-21,1838,N20,VIIRS,n,2.0NRT,,7.15,D,VIIRS_NOAA20_NRT,"https://www.google.com/maps/dir/?api=1&destination=-8.75716,-76.11601",0.89,PE-5N (Carretera Presidente Fernando Belaúnde Terry),ALTA,< 20 min (A pie / Mototaxi),S/. 5 - 10,0.8,☀️ Seco (<2mm): Evidencia intacta para muestreo,336.83,301.15,Pucayacu,nominal,2026-09-22,validado
-9.32252,-76.15105,308.77,1.02,1.01,2026-09-21,2055,Aqua,MODIS,54,6.1NRT,294.12,6.48,D,MODIS_NRT,"https://www.google.com/maps/dir/?api=1&destination=-9.32252,-76.15105",4.25,Vía sin nombre,BAJA / REMOTA,> 1.5 horas (Selva adentro / Bote),S/. 40 - 80+,2.4,"🌦️ Lluvia leve (2-8mm): Carbón visible, ceniza dispersa",,,Mariano Damaso Beraun,baja,2026-09-22,baja_confianza
-9.28728,-75.91472,312.13,1.04,1.02,2026-09-21,2055,Aqua,MODIS,40,6.1NRT,296.99,6.34,D,MODIS_NRT,"https://www.google.com/maps/dir/?api=1&destination=-9.28728,-75.91472",1.37,HU-619,MEDIA,30 - 60 min (Trocha / Caminata),S/. 15 - 30,1.5,☀️ Seco (<2mm): Evidencia intacta para muestreo,,,Mariano Damaso Beraun,baja,2026-09-22,baja_confianza
-9.22702,-75.8775,308.64,1.04,1.02,2026-09-21,2055,Aqua,MODIS,57,6.1NRT,294.77,4.57,D,MODIS_NRT,"https://www.google.com/maps/dir/?api=1&destination=-9.22702,-75.87750",3.32,PE-5N (Carretera Federico Basadre),BAJA / REMOTA,> 1.5 horas (Selva adentro / Bote),S/. 40 - 80+,1.9,☀️ Seco (<2mm): Evidencia intacta para muestreo,,,Daniel Alomia Robles,baja,2026-09-22,baja_confianza
-9.49199,-75.77032,,0.39,0.36,2026-09-21,1838,N20,VIIRS,l,2.0NRT,,10.61,D,VIIRS_NOAA20_NRT,"https://www.google.com/maps/dir/?api=1&destination=-9.49199,-75.77032",12.01,HU-621,BAJA / REMOTA,> 1.5 horas (Selva adentro / Bote),S/. 40 - 80+,1.3,☀️ Seco (<2mm): Evidencia intacta para muestreo,330.68,301.53,Daniel Alomia Robles,baja,2026-09-22,baja_confianza
-9.30244,-75.9975,,0.39,0.36,2026-09-21,1838,N20,VIIRS,l,2.0NRT,,7.5,D,VIIRS_NOAA20_NRT,"https://www.google.com/maps/dir/?api=1&destination=-9.30244,-75.99750",0.27,Avenida Amazonas,ALTA,< 20 min (A pie / Mototaxi),S/. 5 - 10,1.8,☀️ Seco (<2mm): Evidencia intacta para muestreo,330.91,304.74,Rupa-Rupa,baja,2026-09-22,baja_confianza
-9.37067,-75.81849,,0.35,0.57,2026-09-23,1921,N,VIIRS,n,2.0NRT,,4.13,D,VIIRS_SNPP_NRT,"https://www.google.com/maps/dir/?api=1&destination=-9.37067,-75.81849",0.73,HU-621,ALTA,< 20 min (A pie / Mototaxi),S/. 5 - 10,1.4,☀️ Seco (<2mm): Evidencia intacta para muestreo,333.57,295.75,Daniel Alomia Robles,nominal,2026-09-24,validado
-9.03776,-76.17864,,0.33,0.56,2026-09-23,1921,N,VIIRS,n,2.0NRT,,7.66,D,VIIRS_SNPP_NRT,"https://www.google.com/maps/dir/?api=1&destination=-9.03776,-76.17864",3.69,HU-551,BAJA / REMOTA,> 1.5 horas (Selva adentro / Bote),S/. 40 - 80+,5.1,"🌦️ Lluvia leve (2-8mm): Carbón visible, ceniza dispersa",346.4,294.01,Jose Crespo Y Castillo,nominal,2026-09-24,validado
-9.03726,-76.17587,,0.33,0.56,2026-09-23,1921,N,VIIRS,h,2.0NRT,,13.04,D,VIIRS_SNPP_NRT,"https://www.google.com/maps/dir/?api=1&destination=-9.03726,-76.17587",3.5,HU-551,BAJA / REMOTA,> 1.5 horas (Selva adentro / Bote),S/. 40 - 80+,5.1,"🌦️ Lluvia leve (2-8mm): Carbón visible, ceniza dispersa",367.0,296.44,Jose Crespo Y Castillo,alta,2026-09-24,validado
-8.88107,-76.0836,,0.34,0.56,2026-09-23,1921,N,VIIRS,n,2.0NRT,,2.95,D,VIIRS_SNPP_NRT,"https://www.google.com/maps/dir/?api=1&destination=-8.88107,-76.08360",1.85,PE-5N (Carretera Presidente Fernando Belaúnde Terry),MEDIA,30 - 60 min (Trocha / Caminata),S/. 15 - 30,2.6,"🌦️ Lluvia leve (2-8mm): Carbón visible, ceniza dispersa",328.44,293.29,Jose Crespo Y Castillo,nominal,2026-09-24,validado
-8.77111,-76.07391,,0.34,0.56,2026-09-23,1921,N,VIIRS,n,2.0NRT,,7.32,D,VIIRS_SNPP_NRT,"https://www.google.com/maps/dir/?api=1&destination=-8.77111,-76.07391",5.44,PE-5N (Carretera Presidente Fernando Belaúnde Terry),BAJA / REMOTA,> 1.5 horas (Selva adentro / Bote),S/. 40 - 80+,4.3,"🌦️ Lluvia leve (2-8mm): Carbón visible, ceniza dispersa",335.99,291.37,Pucayacu,nominal,2026-09-24,validado
-8.76592,-76.0748,,0.34,0.56,2026-09-23,1921,N,VIIRS,h,2.0NRT,,7.32,D,VIIRS_SNPP_NRT,"https://www.google.com/maps/dir/?api=1&destination=-8.76592,-76.07480",5.27,PE-5N (Carretera Presidente Fernando Belaúnde Terry),BAJA / REMOTA,> 1.5 horas (Selva adentro / Bote),S/. 40 - 80+,3.7,"🌦️ Lluvia leve (2-8mm): Carbón visible, ceniza dispersa",367.0,291.64,Pucayacu,alta,2026-09-24,validado
-8.75828,-76.14948,,0.34,0.56,2026-09-23,1921,N,VIIRS,n,2.0NRT,,3.27,D,VIIRS_SNPP_NRT,"https://www.google.com/maps/dir/?api=1&destination=-8.75828,-76.14948",1.43,PE-5N (Carretera Presidente Fernando Belaúnde Terry),MEDIA,30 - 60 min (Trocha / Caminata),S/. 15 - 30,3.1,"🌦️ Lluvia leve (2-8mm): Carbón visible, ceniza dispersa",329.56,293.34,Pucayacu,nominal,2026-09-24,validado
-8.75771,-76.14637,,0.34,0.56,2026-09-23,1921,N,VIIRS,n,2.0NRT,,3.27,D,VIIRS_SNPP_NRT,"https://www.google.com/maps/dir/?api=1&destination=-8.75771,-76.14637",1.43,PE-5N (Carretera Presidente Fernando Belaúnde Terry),MEDIA,30 - 60 min (Trocha / Caminata),S/. 15 - 30,3.1,"🌦️ Lluvia leve (2-8mm): Carbón visible, ceniza dispersa",340.62,294.44,Pucayacu,nominal,2026-09-24,validado
-8.75701,-76.14768,,0.34,0.56,2026-09-23,1921,N,VIIRS,n,2.0NRT,,6.23,D,VIIRS_SNPP_NRT,"https://www.google.com/maps/dir/?api=1&destination=-8.75701,-76.14768",1.33,PE-5N (Carretera Presidente Fernando Belaúnde Terry),MEDIA,30 - 60 min (Trocha / Caminata),S/. 15 - 30,3.1,"🌦️ Lluvia leve (2-8mm): Carbón visible, ceniza dispersa",351.57,294.32,Pucayacu,nominal,2026-09-24,validado
-8.75646,-76.14458,,0.34,0.56,2026-09-23,1921,N,VIIRS,n,2.0NRT,,4.62,D,VIIRS_SNPP_NRT,"https://www.google.com/maps/dir/?api=1&destination=-8.75646,-76.14458",1.31,PE-5N (Carretera Presidente Fernando Belaúnde Terry),MEDIA,30 - 60 min (Trocha / Caminata),S/. 15 - 30,3.1,"🌦️ Lluvia leve (2-8mm): Carbón visible, ceniza dispersa",330.09,293.69,Pucayacu,nominal,2026-09-24,validado
-9.3929,-75.87209,,0.42,0.61,2026-09-23,1800,N20,VIIRS,n,2.0NRT,,6.03,D,VIIRS_NOAA20_NRT,"https://www.google.com/maps/dir/?api=1&destination=-9.39290,-75.87209",5.23,HU-636,BAJA / REMOTA,> 1.5 horas (Selva adentro / Bote),S/. 40 - 80+,0.8,☀️ Seco (<2mm): Evidencia intacta para muestreo,333.0,289.4,Mariano Damaso Beraun,nominal,2026-09-24,validado
-9.39245,-75.8685,,0.42,0.61,2026-09-23,1800,N20,VIIRS,n,2.0NRT,,5.41,D,VIIRS_NOAA20_NRT,"https://www.google.com/maps/dir/?api=1&destination=-9.39245,-75.86850",4.98,HU-621,BAJA / REMOTA,> 1.5 horas (Selva adentro / Bote),S/. 40 - 80+,0.8,☀️ Seco (<2mm): Evidencia intacta para muestreo,334.1,289.73,Mariano Damaso Beraun,nominal,2026-09-24,validado
-9.36825,-75.85779,,0.42,0.61,2026-09-23,1800,N20,VIIRS,n,2.0NRT,,7.05,D,VIIRS_NOAA20_NRT,"https://www.google.com/maps/dir/?api=1&destination=-9.36825,-75.85779",2.71,HU-621,MEDIA,30 - 60 min (Trocha / Caminata),S/. 15 - 30,0.0,Sin datos meteorológicos,332.5,290.2,Mariano Damaso Beraun,nominal,2026-09-24,validado
-9.36782,-75.85437,,0.42,0.61,2026-09-23,1800,N20,VIIRS,n,2.0NRT,,8.24,D,VIIRS_NOAA20_NRT,"https://www.google.com/maps/dir/?api=1&destination=-9.36782,-75.85437",2.35,HU-621,MEDIA,30 - 60 min (Trocha / Caminata),S/. 15 - 30,0.0,Sin datos meteorológicos,340.86,290.3,Mariano Damaso Beraun,nominal,2026-09-24,validado
-9.36484,-75.85886,,0.42,0.61,2026-09-23,1800,N20,VIIRS,n,2.0NRT,,8.32,D,VIIRS_NOAA20_NRT,"https://www.google.com/maps/dir/?api=1&destination=-9.36484,-75.85886",2.58,HU-621,MEDIA,30 - 60 min (Trocha / Caminata),S/. 15 - 30,0.0,Sin datos meteorológicos,348.65,291.94,Mariano Damaso Beraun,nominal,2026-09-24,validado
-9.36441,-75.85564,,0.42,0.61,2026-09-23,1800,N20,VIIRS,n,2.0NRT,,6.99,D,VIIRS_NOAA20_NRT,"https://www.google.com/maps/dir/?api=1&destination=-9.36441,-75.85564",2.26,HU-621,MEDIA,30 - 60 min (Trocha / Caminata),S/. 15 - 30,0.0,Sin datos meteorológicos,330.53,290.47,Mariano Damaso Beraun,nominal,2026-09-24,validado
-9.29933,-75.99562,306.64,2.27,1.46,2026-09-23,1403,Terra,MODIS,38,6.1NRT,291.04,15.72,D,MODIS_NRT,"https://www.google.com/maps/dir/?api=1&destination=-9.29933,-75.99562",0.27,Avenida Amazonas,ALTA,< 20 min (A pie / Mototaxi),S/. 5 - 10,0.0,Sin datos meteorológicos,,,Rupa-Rupa,baja,2026-09-24,baja_confianza
-9.3443,-75.82597,,0.52,0.41,2026-09-24,1902,N,VIIRS,n,2.0NRT,,4.08,D,VIIRS_SNPP_NRT,"https://www.google.com/maps/dir/?api=1&destination=-9.34430,-75.82597",1.61,HU-621,MEDIA,30 - 60 min (Trocha / Caminata),S/. 15 - 30,2.6,"🌦️ Lluvia leve (2-8mm): Carbón visible, ceniza dispersa",331.32,301.16,Daniel Alomia Robles,nominal,2026-09-25,validado
-9.31918,-75.83974,,0.52,0.41,2026-09-24,1902,N,VIIRS,n,2.0NRT,,7.08,D,VIIRS_SNPP_NRT,"https://www.google.com/maps/dir/?api=1&destination=-9.31918,-75.83974",1.94,HU-621,MEDIA,30 - 60 min (Trocha / Caminata),S/. 15 - 30,2.6,"🌦️ Lluvia leve (2-8mm): Carbón visible, ceniza dispersa",343.4,302.82,Daniel Alomia Robles,nominal,2026-09-25,validado
-9.31744,-75.84248,,0.52,0.41,2026-09-24,1902,N,VIIRS,n,2.0NRT,,11.91,D,VIIRS_SNPP_NRT,"https://www.google.com/maps/dir/?api=1&destination=-9.31744,-75.84248",1.77,HU-621,MEDIA,30 - 60 min (Trocha / Caminata),S/. 15 - 30,2.6,"🌦️ Lluvia leve (2-8mm): Carbón visible, ceniza dispersa",342.61,304.74,Daniel Alomia Robles,nominal,2026-09-25,validado
-9.3161,-75.8447,,0.52,0.41,2026-09-24,1902,N,VIIRS,n,2.0NRT,,4.14,D,VIIRS_SNPP_NRT,"https://www.google.com/maps/dir/?api=1&destination=-9.31610,-75.84470",1.67,HU-621,MEDIA,30 - 60 min (Trocha / Caminata),S/. 15 - 30,2.6,"🌦️ Lluvia leve (2-8mm): Carbón visible, ceniza dispersa",332.92,299.89,Daniel Alomia Robles,nominal,2026-09-25,validado
-9.30456,-75.95508,,0.51,0.41,2026-09-24,1902,N,VIIRS,n,2.0NRT,,6.74,D,VIIRS_SNPP_NRT,"https://www.google.com/maps/dir/?api=1&destination=-9.30456,-75.95508",2.32,Avenida Los Ángeles,MEDIA,30 - 60 min (Trocha / Caminata),S/. 15 - 30,1.4,☀️ Seco (<2mm): Evidencia intacta para muestreo,337.61,302.89,Rupa-Rupa,nominal,2026-09-25,validado
-9.30289,-75.8493,,0.52,0.41,2026-09-24,1902,N,VIIRS,n,2.0NRT,,12.79,D,VIIRS_SNPP_NRT,"https://www.google.com/maps/dir/?api=1&destination=-9.30289,-75.84930",1.66,HU-621,MEDIA,30 - 60 min (Trocha / Caminata),S/. 15 - 30,2.6,"🌦️ Lluvia leve (2-8mm): Carbón visible, ceniza dispersa",333.01,301.72,Daniel Alomia Robles,nominal,2026-09-25,validado
-9.25895,-75.9617,,0.51,0.41,2026-09-24,1902,N,VIIRS,n,2.0NRT,,5.22,D,VIIRS_SNPP_NRT,"https://www.google.com/maps/dir/?api=1&destination=-9.25895,-75.96170",3.15,PE-18A (Carretera Interoceánica Centro),BAJA / REMOTA,> 1.5 horas (Selva adentro / Bote),S/. 40 - 80+,1.1,☀️ Seco (<2mm): Evidencia intacta para muestreo,336.94,302.29,Luyando,nominal,2026-09-25,validado
-9.18868,-76.26067,,0.49,0.41,2026-09-24,1902,N,VIIRS,n,2.0NRT,,18.98,D,VIIRS_SNPP_NRT,"https://www.google.com/maps/dir/?api=1&destination=-9.18868,-76.26067",11.8,HU-557,BAJA / REMOTA,> 1.5 horas (Selva adentro / Bote),S/. 40 - 80+,1.0,☀️ Seco (<2mm): Evidencia intacta para muestreo,332.49,296.87,Jose Crespo Y Castillo,nominal,2026-09-25,validado
-9.17693,-76.3351,,0.49,0.4,2026-09-24,1902,N,VIIRS,n,2.0NRT,,10.06,D,VIIRS_SNPP_NRT,"https://www.google.com/maps/dir/?api=1&destination=-9.17693,-76.33510",17.74,HU-557,BAJA / REMOTA,> 1.5 horas (Selva adentro / Bote),S/. 40 - 80+,1.0,☀️ Seco (<2mm): Evidencia intacta para muestreo,336.66,298.42,Jose Crespo Y Castillo,nominal,2026-09-25,validado
-9.17462,-76.3367,,0.49,0.4,2026-09-24,1902,N,VIIRS,n,2.0NRT,,10.21,D,VIIRS_SNPP_NRT,"https://www.google.com/maps/dir/?api=1&destination=-9.17462,-76.33670",17.79,HU-557,BAJA / REMOTA,> 1.5 horas (Selva adentro / Bote),S/. 40 - 80+,1.9,☀️ Seco (<2mm): Evidencia intacta para muestreo,342.06,297.36,Jose Crespo Y Castillo,nominal,2026-09-25,validado
-9.16972,-76.33768,,0.49,0.4,2026-09-24,1902,N,VIIRS,n,2.0NRT,,4.24,D,VIIRS_SNPP_NRT,"https://www.google.com/maps/dir/?api=1&destination=-9.16972,-76.33768",17.68,HU-557,BAJA / REMOTA,> 1.5 horas (Selva adentro / Bote),S/. 40 - 80+,1.9,☀️ Seco (<2mm): Evidencia intacta para muestreo,330.98,296.32,Jose Crespo Y Castillo,nominal,2026-09-25,validado
-9.12125,-76.10944,,0.5,0.41,2026-09-24,1902,N,VIIRS,n,2.0NRT,,3.06,D,VIIRS_SNPP_NRT,"https://www.google.com/maps/dir/?api=1&destination=-9.12125,-76.10944",0.41,HU-558,ALTA,< 20 min (A pie / Mototaxi),S/. 5 - 10,0.0,☀️ Seco (<2mm): Evidencia intacta para muestreo,335.5,301.38,Rupa-Rupa,nominal,2026-09-25,validado
-9.10771,-76.07381,,0.51,0.41,2026-09-24,1902,N,VIIRS,n,2.0NRT,,3.19,D,VIIRS_SNPP_NRT,"https://www.google.com/maps/dir/?api=1&destination=-9.10771,-76.07381",0.11,HU-556,ALTA,< 20 min (A pie / Mototaxi),S/. 5 - 10,1.9,☀️ Seco (<2mm): Evidencia intacta para muestreo,332.26,300.3,Rupa-Rupa,nominal,2026-09-25,validado
-9.07099,-76.20255,,0.5,0.41,2026-09-24,1902,N,VIIRS,n,2.0NRT,,19.46,D,VIIRS_SNPP_NRT,"https://www.google.com/maps/dir/?api=1&destination=-9.07099,-76.20255",3.88,HU-557,BAJA / REMOTA,> 1.5 horas (Selva adentro / Bote),S/. 40 - 80+,0.0,Sin datos meteorológicos,345.02,301.79,Jose Crespo Y Castillo,nominal,2026-09-25,validado
-9.06959,-76.19408,,0.5,0.41,2026-09-24,1902,N,VIIRS,n,2.0NRT,,51.08,D,VIIRS_SNPP_NRT,"https://www.google.com/maps/dir/?api=1&destination=-9.06959,-76.19408",3.43,HU-557,BAJA / REMOTA,> 1.5 horas (Selva adentro / Bote),S/. 40 - 80+,0.0,Sin datos meteorológicos,349.42,304.87,Jose Crespo Y Castillo,nominal,2026-09-25,validado
-9.03058,-76.1235,,0.5,0.41,2026-09-24,1902,N,VIIRS,n,2.0NRT,,12.91,D,VIIRS_SNPP_NRT,"https://www.google.com/maps/dir/?api=1&destination=-9.03058,-76.12350",1.72,HU-551,MEDIA,30 - 60 min (Trocha / Caminata),S/. 15 - 30,0.0,Sin datos meteorológicos,344.39,301.34,Pueblo Nuevo,nominal,2026-09-25,validado
-9.0302,-76.12022,,0.5,0.41,2026-09-24,1902,N,VIIRS,n,2.0NRT,,12.39,D,VIIRS_SNPP_NRT,"https://www.google.com/maps/dir/?api=1&destination=-9.03020,-76.12022",2.07,HU-551,MEDIA,30 - 60 min (Trocha / Caminata),S/. 15 - 30,0.0,Sin datos meteorológicos,333.49,302.26,Pueblo Nuevo,nominal,2026-09-25,validado
-9.00464,-75.9874,,0.51,0.41,2026-09-24,1902,N,VIIRS,n,2.0NRT,,5.23,D,VIIRS_SNPP_NRT,"https://www.google.com/maps/dir/?api=1&destination=-9.00464,-75.98740",8.73,PE-5N (Carretera Presidente Fernando Belaúnde Terry),BAJA / REMOTA,> 1.5 horas (Selva adentro / Bote),S/. 40 - 80+,0.0,Sin datos meteorológicos,334.23,298.78,Santo Domingo De Anda,nominal,2026-09-25,validado
-9.00424,-75.98907,,0.51,0.41,2026-09-24,1902,N,VIIRS,n,2.0NRT,,3.79,D,VIIRS_SNPP_NRT,"https://www.google.com/maps/dir/?api=1&destination=-9.00424,-75.98907",8.57,PE-5N (Carretera Presidente Fernando Belaúnde Terry),BAJA / REMOTA,> 1.5 horas (Selva adentro / Bote),S/. 40 - 80+,0.0,Sin datos meteorológicos,335.32,299.45,Santo Domingo De Anda,nominal,2026-09-25,validado
-8.96108,-76.07757,,0.51,0.41,2026-09-24,1902,N,VIIRS,n,2.0NRT,,4.61,D,VIIRS_SNPP_NRT,"https://www.google.com/maps/dir/?api=1&destination=-8.96108,-76.07757",1.86,PE-5N (Carretera Presidente Fernando Belaúnde Terry),MEDIA,30 - 60 min (Trocha / Caminata),S/. 15 - 30,0.8,☀️ Seco (<2mm): Evidencia intacta para muestreo,336.2,301.93,Jose Crespo Y Castillo,nominal,2026-09-25,validado
-8.95729,-76.07815,,0.51,0.41,2026-09-24,1902,N,VIIRS,n,2.0NRT,,4.61,D,VIIRS_SNPP_NRT,"https://www.google.com/maps/dir/?api=1&destination=-8.95729,-76.07815",2.01,PE-5N (Carretera Presidente Fernando Belaúnde Terry),MEDIA,30 - 60 min (Trocha / Caminata),S/. 15 - 30,0.8,☀️ Seco (<2mm): Evidencia intacta para muestreo,334.19,301.27,Jose Crespo Y Castillo,nominal,2026-09-25,validado
-8.92092,-76.02325,,0.51,0.41,2026-09-24,1904,N,VIIRS,n,2.0NRT,,5.11,D,VIIRS_SNPP_NRT,"https://www.google.com/maps/dir/?api=1&destination=-8.92092,-76.02325",7.68,PE-5N (Carretera Presidente Fernando Belaúnde Terry),BAJA / REMOTA,> 1.5 horas (Selva adentro / Bote),S/. 40 - 80+,0.8,☀️ Seco (<2mm): Evidencia intacta para muestreo,331.63,297.17,Jose Crespo Y Castillo,nominal,2026-09-25,validado
-8.88424,-76.21958,,0.5,0.41,2026-09-24,1904,N,VIIRS,n,2.0NRT,,3.77,D,VIIRS_SNPP_NRT,"https://www.google.com/maps/dir/?api=1&destination=-8.88424,-76.21958",3.74,HU-550,BAJA / REMOTA,> 1.5 horas (Selva adentro / Bote),S/. 40 - 80+,0.0,☀️ Seco (<2mm): Evidencia intacta para muestreo,331.66,301.6,Jose Crespo Y Castillo,nominal,2026-09-25,validado
-8.88201,-76.11185,,0.51,0.41,2026-09-24,1904,N,VIIRS,n,2.0NRT,,3.89,D,VIIRS_SNPP_NRT,"https://www.google.com/maps/dir/?api=1&destination=-8.88201,-76.11185",1.25,PE-5N (Carretera Presidente Fernando Belaúnde Terry),MEDIA,30 - 60 min (Trocha / Caminata),S/. 15 - 30,0.8,☀️ Seco (<2mm): Evidencia intacta para muestreo,336.13,298.95,Jose Crespo Y Castillo,nominal,2026-09-25,validado
-8.79601,-76.10652,,0.51,0.41,2026-09-24,1904,N,VIIRS,n,2.0NRT,,4.42,D,VIIRS_SNPP_NRT,"https://www.google.com/maps/dir/?api=1&destination=-8.79601,-76.10652",1.98,PE-5N (Carretera Presidente Fernando Belaúnde Terry),MEDIA,30 - 60 min (Trocha / Caminata),S/. 15 - 30,1.5,☀️ Seco (<2mm): Evidencia intacta para muestreo,332.37,297.64,Pucayacu,nominal,2026-09-25,validado
-8.75051,-76.11335,,0.51,0.41,2026-09-24,1904,N,VIIRS,n,2.0NRT,,3.13,D,VIIRS_SNPP_NRT,"https://www.google.com/maps/dir/?api=1&destination=-8.75051,-76.11335",0.75,PE-5N (Carretera Presidente Fernando Belaúnde Terry),ALTA,< 20 min (A pie / Mototaxi),S/. 5 - 10,0.2,☀️ Seco (<2mm): Evidencia intacta para muestreo,334.99,297.97,Pucayacu,nominal,2026-09-25,validado
-9.32209,-75.83214,,0.46,0.64,2026-09-24,1921,N20,VIIRS,n,2.0NRT,,7.66,D,VIIRS_NOAA20_NRT,"https://www.google.com/maps/dir/?api=1&destination=-9.32209,-75.83214",2.34,HU-621,MEDIA,30 - 60 min (Trocha / Caminata),S/. 15 - 30,2.6,"🌦️ Lluvia leve (2-8mm): Carbón visible, ceniza dispersa",350.27,296.08,Daniel Alomia Robles,nominal,2026-09-25,validado
-9.31766,-75.84069,,0.46,0.64,2026-09-24,1921,N20,VIIRS,n,2.0NRT,,3.14,D,VIIRS_NOAA20_NRT,"https://www.google.com/maps/dir/?api=1&destination=-9.31766,-75.84069",1.92,HU-621,MEDIA,30 - 60 min (Trocha / Caminata),S/. 15 - 30,2.6,"🌦️ Lluvia leve (2-8mm): Carbón visible, ceniza dispersa",332.09,296.84,Daniel Alomia Robles,nominal,2026-09-25,validado
-9.3144,-76.04687,,0.45,0.63,2026-09-24,1921,N20,VIIRS,n,2.0NRT,,3.36,D,VIIRS_NOAA20_NRT,"https://www.google.com/maps/dir/?api=1&destination=-9.31440,-76.04687",0.17,PE-14A,ALTA,< 20 min (A pie / Mototaxi),S/. 5 - 10,0.0,☀️ Seco (<2mm): Evidencia intacta para muestreo,333.43,295.59,Mariano Damaso Beraun,nominal,2026-09-25,validado
-9.30923,-75.95606,,0.45,0.63,2026-09-24,1921,N20,VIIRS,n,2.0NRT,,9.59,D,VIIRS_NOAA20_NRT,"https://www.google.com/maps/dir/?api=1&destination=-9.30923,-75.95606",2.57,Avenida Los Ángeles,MEDIA,30 - 60 min (Trocha / Caminata),S/. 15 - 30,1.4,☀️ Seco (<2mm): Evidencia intacta para muestreo,354.18,296.97,Rupa-Rupa,nominal,2026-09-25,validado
-9.30293,-75.95443,,0.45,0.63,2026-09-24,1921,N20,VIIRS,h,2.0NRT,,17.0,D,VIIRS_NOAA20_NRT,"https://www.google.com/maps/dir/?api=1&destination=-9.30293,-75.95443",2.28,Avenida Los Ángeles,MEDIA,30 - 60 min (Trocha / Caminata),S/. 15 - 30,1.4,☀️ Seco (<2mm): Evidencia intacta para muestreo,367.0,296.46,Rupa-Rupa,alta,2026-09-25,validado
-9.30067,-75.84663,,0.46,0.64,2026-09-24,1921,N20,VIIRS,n,2.0NRT,,7.62,D,VIIRS_NOAA20_NRT,"https://www.google.com/maps/dir/?api=1&destination=-9.30067,-75.84663",2.02,HU-621,MEDIA,30 - 60 min (Trocha / Caminata),S/. 15 - 30,0.0,Sin datos meteorológicos,352.23,296.95,Daniel Alomia Robles,nominal,2026-09-25,validado
-9.19225,-76.26231,,0.44,0.62,2026-09-24,1921,N20,VIIRS,n,2.0NRT,,5.51,D,VIIRS_NOAA20_NRT,"https://www.google.com/maps/dir/?api=1&destination=-9.19225,-76.26231",12.21,HU-557,BAJA / REMOTA,> 1.5 horas (Selva adentro / Bote),S/. 40 - 80+,0.0,Sin datos meteorológicos,329.84,292.67,Jose Crespo Y Castillo,nominal,2026-09-25,validado
-9.17552,-76.33051,,0.43,0.62,2026-09-24,1921,N20,VIIRS,n,2.0NRT,,6.08,D,VIIRS_NOAA20_NRT,"https://www.google.com/maps/dir/?api=1&destination=-9.17552,-76.33051",17.22,HU-557,BAJA / REMOTA,> 1.5 horas (Selva adentro / Bote),S/. 40 - 80+,0.0,Sin datos meteorológicos,336.32,291.68,Jose Crespo Y Castillo,nominal,2026-09-25,validado
-9.17038,-76.33436,,0.43,0.62,2026-09-24,1921,N20,VIIRS,n,2.0NRT,,5.32,D,VIIRS_NOAA20_NRT,"https://www.google.com/maps/dir/?api=1&destination=-9.17038,-76.33436",17.37,HU-557,BAJA / REMOTA,> 1.5 horas (Selva adentro / Bote),S/. 40 - 80+,0.0,Sin datos meteorológicos,346.3,292.53,Jose Crespo Y Castillo,nominal,2026-09-25,validado
-9.09663,-76.00359,,0.46,0.63,2026-09-24,1921,N20,VIIRS,n,2.0NRT,,3.65,D,VIIRS_NOAA20_NRT,"https://www.google.com/maps/dir/?api=1&destination=-9.09663,-76.00359",5.0,PE-5N (Carretera Presidente Fernando Belaúnde Terry),BAJA / REMOTA,> 1.5 horas (Selva adentro / Bote),S/. 40 - 80+,0.0,Sin datos meteorológicos,335.91,296.04,Pueblo Nuevo,nominal,2026-09-25,validado
-9.09082,-76.00455,,0.46,0.63,2026-09-24,1921,N20,VIIRS,n,2.0NRT,,3.65,D,VIIRS_NOAA20_NRT,"https://www.google.com/maps/dir/?api=1&destination=-9.09082,-76.00455",5.41,PE-5N (Carretera Presidente Fernando Belaúnde Terry),BAJA / REMOTA,> 1.5 horas (Selva adentro / Bote),S/. 40 - 80+,0.0,Sin datos meteorológicos,335.79,295.7,Pueblo Nuevo,nominal,2026-09-25,validado
-9.07186,-76.19296,,0.44,0.63,2026-09-24,1921,N20,VIIRS,h,2.0NRT,,25.18,D,VIIRS_NOAA20_NRT,"https://www.google.com/maps/dir/?api=1&destination=-9.07186,-76.19296",3.16,HU-557,BAJA / REMOTA,> 1.5 horas (Selva adentro / Bote),S/. 40 - 80+,0.0,Sin datos meteorológicos,367.0,296.81,Jose Crespo Y Castillo,alta,2026-09-25,validado
-9.05244,-75.98988,,0.46,0.63,2026-09-24,1921,N20,VIIRS,n,2.0NRT,,6.12,D,VIIRS_NOAA20_NRT,"https://www.google.com/maps/dir/?api=1&destination=-9.05244,-75.98988",8.39,PE-5N (Carretera Presidente Fernando Belaúnde Terry),BAJA / REMOTA,> 1.5 horas (Selva adentro / Bote),S/. 40 - 80+,0.0,Sin datos meteorológicos,332.28,294.4,Santo Domingo De Anda,nominal,2026-09-25,validado
-9.05201,-75.98963,,0.46,0.63,2026-09-24,1921,N20,VIIRS,n,2.0NRT,,6.47,D,VIIRS_NOAA20_NRT,"https://www.google.com/maps/dir/?api=1&destination=-9.05201,-75.98963",8.43,PE-5N (Carretera Presidente Fernando Belaúnde Terry),BAJA / REMOTA,> 1.5 horas (Selva adentro / Bote),S/. 40 - 80+,2.2,"🌦️ Lluvia leve (2-8mm): Carbón visible, ceniza dispersa",330.58,294.53,Santo Domingo De Anda,nominal,2026-09-25,validado
-9.05178,-75.98634,,0.46,0.63,2026-09-24,1921,N20,VIIRS,n,2.0NRT,,6.17,D,VIIRS_NOAA20_NRT,"https://www.google.com/maps/dir/?api=1&destination=-9.05178,-75.98634",8.78,PE-5N (Carretera Presidente Fernando Belaúnde Terry),BAJA / REMOTA,> 1.5 horas (Selva adentro / Bote),S/. 40 - 80+,2.2,"🌦️ Lluvia leve (2-8mm): Carbón visible, ceniza dispersa",343.1,293.7,Pueblo Nuevo,nominal,2026-09-25,validado
-9.05133,-75.98608,,0.46,0.63,2026-09-24,1921,N20,VIIRS,n,2.0NRT,,6.69,D,VIIRS_NOAA20_NRT,"https://www.google.com/maps/dir/?api=1&destination=-9.05133,-75.98608",8.82,PE-5N (Carretera Presidente Fernando Belaúnde Terry),BAJA / REMOTA,> 1.5 horas (Selva adentro / Bote),S/. 40 - 80+,2.2,"🌦️ Lluvia leve (2-8mm): Carbón visible, ceniza dispersa",348.5,293.95,Pueblo Nuevo,nominal,2026-09-25,validado
-8.96121,-76.07857,,0.45,0.63,2026-09-24,1921,N20,VIIRS,n,2.0NRT,,4.22,D,VIIRS_NOAA20_NRT,"https://www.google.com/maps/dir/?api=1&destination=-8.96121,-76.07857",1.75,PE-5N (Carretera Presidente Fernando Belaúnde Terry),MEDIA,30 - 60 min (Trocha / Caminata),S/. 15 - 30,0.8,☀️ Seco (<2mm): Evidencia intacta para muestreo,338.38,295.97,Jose Crespo Y Castillo,nominal,2026-09-25,validado
-8.96076,-76.07775,,0.45,0.63,2026-09-24,1921,N20,VIIRS,n,2.0NRT,,4.78,D,VIIRS_NOAA20_NRT,"https://www.google.com/maps/dir/?api=1&destination=-8.96076,-76.07775",1.86,PE-5N (Carretera Presidente Fernando Belaúnde Terry),MEDIA,30 - 60 min (Trocha / Caminata),S/. 15 - 30,0.8,☀️ Seco (<2mm): Evidencia intacta para muestreo,345.67,295.97,Jose Crespo Y Castillo,nominal,2026-09-25,validado
-8.88342,-76.1116,,0.45,0.63,2026-09-24,1921,N20,VIIRS,n,2.0NRT,,3.2,D,VIIRS_NOAA20_NRT,"https://www.google.com/maps/dir/?api=1&destination=-8.88342,-76.11160",1.24,PE-5N (Carretera Presidente Fernando Belaúnde Terry),MEDIA,30 - 60 min (Trocha / Caminata),S/. 15 - 30,0.8,☀️ Seco (<2mm): Evidencia intacta para muestreo,330.31,294.54,Jose Crespo Y Castillo,nominal,2026-09-25,validado
-8.79847,-76.10513,,0.45,0.63,2026-09-24,1921,N20,VIIRS,n,2.0NRT,,16.46,D,VIIRS_NOAA20_NRT,"https://www.google.com/maps/dir/?api=1&destination=-8.79847,-76.10513",2.04,PE-5N (Carretera Presidente Fernando Belaúnde Terry),MEDIA,30 - 60 min (Trocha / Caminata),S/. 15 - 30,1.5,☀️ Seco (<2mm): Evidencia intacta para muestreo,338.85,293.22,Pucayacu,nominal,2026-09-25,validado
-8.79784,-76.10174,,0.45,0.63,2026-09-24,1921,N20,VIIRS,h,2.0NRT,,16.46,D,VIIRS_NOAA20_NRT,"https://www.google.com/maps/dir/?api=1&destination=-8.79784,-76.10174",2.42,PE-5N (Carretera Presidente Fernando Belaúnde Terry),MEDIA,30 - 60 min (Trocha / Caminata),S/. 15 - 30,1.5,☀️ Seco (<2mm): Evidencia intacta para muestreo,367.0,292.7,Pucayacu,alta,2026-09-25,validado
-8.71202,-76.1237,,0.45,0.63,2026-09-24,1921,N20,VIIRS,n,2.0NRT,,5.83,D,VIIRS_NOAA20_NRT,"https://www.google.com/maps/dir/?api=1&destination=-8.71202,-76.12370",0.06,HU-524,ALTA,< 20 min (A pie / Mototaxi),S/. 5 - 10,0.2,☀️ Seco (<2mm): Evidencia intacta para muestreo,344.11,293.84,Pucayacu,nominal,2026-09-25,validado
-8.92879,-76.20701,,0.39,0.36,2026-09-25,1843,N,VIIRS,n,2.0NRT,,5.25,D,VIIRS_SNPP_NRT,"https://www.google.com/maps/dir/?api=1&destination=-8.92879,-76.20701",2.91,HU-550,MEDIA,30 - 60 min (Trocha / Caminata),S/. 15 - 30,4.7,"🌦️ Lluvia leve (2-8mm): Carbón visible, ceniza dispersa",332.56,297.41,Jose Crespo Y Castillo,nominal,2026-09-26,validado
-8.92545,-76.20753,,0.39,0.36,2026-09-25,1843,N,VIIRS,n,2.0NRT,,4.62,D,VIIRS_SNPP_NRT,"https://www.google.com/maps/dir/?api=1&destination=-8.92545,-76.20753",2.73,HU-550,MEDIA,30 - 60 min (Trocha / Caminata),S/. 15 - 30,4.7,"🌦️ Lluvia leve (2-8mm): Carbón visible, ceniza dispersa",332.26,295.51,Jose Crespo Y Castillo,nominal,2026-09-26,validado
-8.85262,-76.19336,,0.39,0.36,2026-09-25,1843,N,VIIRS,n,2.0NRT,,2.72,D,VIIRS_SNPP_NRT,"https://www.google.com/maps/dir/?api=1&destination=-8.85262,-76.19336",0.83,HU-505,ALTA,< 20 min (A pie / Mototaxi),S/. 5 - 10,2.6,"🌦️ Lluvia leve (2-8mm): Carbón visible, ceniza dispersa",334.59,296.97,Jose Crespo Y Castillo,nominal,2026-09-26,validado
-8.84716,-76.08902,,0.39,0.36,2026-09-25,1843,N,VIIRS,n,2.0NRT,,4.76,D,VIIRS_SNPP_NRT,"https://www.google.com/maps/dir/?api=1&destination=-8.84716,-76.08902",2.27,PE-5N (Carretera Presidente Fernando Belaúnde Terry),MEDIA,30 - 60 min (Trocha / Caminata),S/. 15 - 30,5.3,"🌦️ Lluvia leve (2-8mm): Carbón visible, ceniza dispersa",339.73,294.11,Jose Crespo Y Castillo,nominal,2026-09-26,validado
-8.81283,-76.09608,,0.4,0.45,2026-09-26,608,N20,VIIRS,n,2.0NRT,,0.53,N,VIIRS_NOAA20_NRT,"https://www.google.com/maps/dir/?api=1&destination=-8.81283,-76.09608",2.49,PE-5N (Carretera Presidente Fernando Belaúnde Terry),MEDIA,30 - 60 min (Trocha / Caminata),S/. 15 - 30,5.3,"🌦️ Lluvia leve (2-8mm): Carbón visible, ceniza dispersa",302.49,288.38,Pucayacu,nominal,2026-09-26,validado
